timestamp_utc,temperature_c,memory_used_mb,power_w
2026/07/29 22:47:52.139, 29, 0, 53.31
2026/07/29 22:47:52.676, 29, 0, 53.31
2026/07/29 22:47:53.210, 29, 0, 53.31
2026/07/29 22:47:53.746, 29, 0, 53.31
2026/07/29 22:47:54.280, 29, 0, 53.31
2026/07/29 22:47:54.817, 29, 0, 53.31
2026/07/29 22:47:55.349, 29, 0, 53.31
2026/07/29 22:47:55.883, 29, 0, 53.31
2026/07/29 22:47:56.416, 29, 0, 53.31
2026/07/29 22:47:56.949, 29, 0, 53.31
2026/07/29 22:47:57.482, 29, 0, 53.31
2026/07/29 22:47:58.015, 29, 0, 53.31
2026/07/29 22:47:58.549, 29, 0, 53.31
2026/07/29 22:47:59.082, 29, 0, 53.31
2026/07/29 22:47:59.614, 29, 0, 53.31
2026/07/29 22:48:00.147, 29, 0, 53.31
2026/07/29 22:48:00.680, 29, 0, 53.04
2026/07/29 22:48:01.222, 29, 2, 53.64
2026/07/29 22:48:01.849, 29, 6, 53.31
2026/07/29 22:48:02.382, 29, 6, 53.25
2026/07/29 22:48:02.914, 29, 6, 53.31
2026/07/29 22:48:03.448, 29, 6, 53.31
2026/07/29 22:48:03.982, 29, 6, 53.31
2026/07/29 22:48:04.515, 29, 428, 59.26
2026/07/29 22:48:05.046, 29, 428, 59.32
2026/07/29 22:48:05.575, 29, 428, 59.32
2026/07/29 22:48:06.104, 29, 1866, 59.26
2026/07/29 22:48:06.635, 29, 1866, 59.26
2026/07/29 22:48:07.166, 29, 1866, 59.32
2026/07/29 22:48:07.696, 29, 1866, 59.32
2026/07/29 22:48:08.228, 29, 1866, 59.64
2026/07/29 22:48:08.760, 29, 1870, 59.64
2026/07/29 22:48:09.294, 29, 1872, 59.64
2026/07/29 22:48:09.825, 29, 1874, 59.64
2026/07/29 22:48:10.358, 29, 1878, 59.64
2026/07/29 22:48:10.889, 29, 1956, 59.97
2026/07/29 22:48:11.423, 29, 2002, 59.64
2026/07/29 22:48:11.955, 29, 2006, 59.97
2026/07/29 22:48:12.488, 29, 2006, 59.64
2026/07/29 22:48:13.020, 29, 2006, 59.58
2026/07/29 22:48:13.553, 29, 2006, 59.64
2026/07/29 22:48:14.084, 29, 2006, 59.97
2026/07/29 22:48:14.615, 29, 2006, 59.64
2026/07/29 22:48:15.148, 29, 2006, 59.58
2026/07/29 22:48:15.680, 29, 2006, 59.58
2026/07/29 22:48:16.212, 29, 2006, 59.64
2026/07/29 22:48:16.744, 29, 2006, 59.64
2026/07/29 22:48:17.276, 29, 2006, 59.64
2026/07/29 22:48:17.807, 29, 2006, 59.58
2026/07/29 22:48:18.340, 29, 2102, 59.64
2026/07/29 22:48:18.873, 29, 2102, 59.64
2026/07/29 22:48:19.405, 29, 2102, 59.64
2026/07/29 22:48:19.936, 29, 2102, 59.64
2026/07/29 22:48:20.468, 29, 2102, 59.64
2026/07/29 22:48:21.001, 29, 2102, 59.64
2026/07/29 22:48:21.532, 29, 2102, 59.64
2026/07/29 22:48:22.064, 29, 2102, 59.64
2026/07/29 22:48:22.600, 29, 2102, 59.64
2026/07/29 22:48:23.132, 29, 2102, 59.64
2026/07/29 22:48:23.664, 29, 2102, 59.97
2026/07/29 22:48:24.198, 29, 2102, 59.64
2026/07/29 22:48:24.729, 29, 2102, 59.64
2026/07/29 22:48:25.262, 29, 2102, 59.64
2026/07/29 22:48:25.795, 29, 2102, 59.64
2026/07/29 22:48:26.328, 29, 2102, 59.64
2026/07/29 22:48:26.860, 29, 2102, 59.58
2026/07/29 22:48:27.394, 29, 2102, 59.58
2026/07/29 22:48:27.925, 29, 2102, 59.64
2026/07/29 22:48:28.457, 29, 2102, 59.64
2026/07/29 22:48:28.988, 29, 2102, 59.97
2026/07/29 22:48:29.520, 29, 2102, 59.97
2026/07/29 22:48:30.053, 29, 2102, 59.97
2026/07/29 22:48:30.585, 29, 2102, 59.97
2026/07/29 22:48:31.118, 29, 2102, 59.58
2026/07/29 22:48:31.649, 29, 2102, 59.64
2026/07/29 22:48:32.181, 29, 2102, 64.19
2026/07/29 22:48:32.713, 29, 2102, 59.97
2026/07/29 22:48:33.245, 29, 2102, 59.97
2026/07/29 22:48:33.776, 29, 2102, 59.97
2026/07/29 22:48:34.308, 29, 2102, 59.64
2026/07/29 22:48:34.840, 29, 2102, 59.64
2026/07/29 22:48:35.371, 29, 2102, 59.97
2026/07/29 22:48:35.905, 29, 2102, 59.64
2026/07/29 22:48:36.437, 29, 2102, 59.97
2026/07/29 22:48:36.970, 29, 2102, 59.64
2026/07/29 22:48:37.502, 29, 2102, 59.58
2026/07/29 22:48:38.034, 29, 2102, 59.90
2026/07/29 22:48:38.566, 29, 2102, 59.64
2026/07/29 22:48:39.099, 29, 2102, 59.64
2026/07/29 22:48:39.632, 29, 2102, 59.64
2026/07/29 22:48:40.165, 29, 2102, 59.64
2026/07/29 22:48:40.697, 29, 2102, 59.64
2026/07/29 22:48:41.229, 29, 2102, 59.64
2026/07/29 22:48:41.761, 29, 2102, 59.64
2026/07/29 22:48:42.294, 29, 2102, 59.58
2026/07/29 22:48:42.825, 29, 2102, 59.64
2026/07/29 22:48:43.360, 29, 2102, 59.64
2026/07/29 22:48:43.894, 29, 2102, 59.64
2026/07/29 22:48:44.426, 29, 2102, 59.64
2026/07/29 22:48:44.959, 29, 2216, 60.24
2026/07/29 22:48:45.492, 29, 2216, 59.64
2026/07/29 22:48:46.024, 29, 2216, 59.64
2026/07/29 22:48:46.556, 29, 2216, 59.64
2026/07/29 22:48:47.088, 29, 2216, 59.64
2026/07/29 22:48:47.620, 29, 2216, 59.64
2026/07/29 22:48:48.152, 29, 2216, 59.64
2026/07/29 22:48:48.686, 29, 2216, 59.64
2026/07/29 22:48:49.219, 29, 2216, 59.64
2026/07/29 22:48:49.751, 29, 2216, 59.64
2026/07/29 22:48:50.282, 29, 2216, 60.57
2026/07/29 22:48:50.816, 29, 2216, 59.64
2026/07/29 22:48:51.348, 29, 2216, 61.16
2026/07/29 22:48:51.881, 29, 2216, 59.64
2026/07/29 22:48:52.413, 29, 2216, 59.58
2026/07/29 22:48:52.945, 29, 2216, 59.64
2026/07/29 22:48:53.477, 29, 2216, 60.83
2026/07/29 22:48:54.011, 29, 2216, 59.32
2026/07/29 22:48:54.543, 29, 2216, 59.32
2026/07/29 22:48:55.077, 29, 2216, 59.97
2026/07/29 22:48:55.609, 29, 2216, 60.83
2026/07/29 22:48:56.142, 29, 2216, 59.32
2026/07/29 22:48:56.675, 29, 2216, 59.32
2026/07/29 22:48:57.213, 29, 2216, 59.32
2026/07/29 22:48:57.745, 29, 2216, 59.26
2026/07/29 22:48:58.277, 29, 2216, 59.64
2026/07/29 22:48:58.810, 29, 2216, 59.97
2026/07/29 22:48:59.341, 29, 2216, 59.64
2026/07/29 22:48:59.873, 29, 2216, 59.32
2026/07/29 22:49:00.404, 29, 2216, 59.32
2026/07/29 22:49:00.935, 29, 2216, 59.64
2026/07/29 22:49:01.468, 29, 2216, 59.64
2026/07/29 22:49:02.000, 29, 2216, 59.26
2026/07/29 22:49:02.533, 29, 2216, 59.32
2026/07/29 22:49:03.065, 29, 2216, 59.32
2026/07/29 22:49:03.602, 29, 2216, 59.32
2026/07/29 22:49:04.134, 29, 2216, 59.32
2026/07/29 22:49:04.664, 29, 2222, 59.32
2026/07/29 22:49:05.195, 29, 2222, 59.32
2026/07/29 22:49:05.729, 29, 2222, 59.32
2026/07/29 22:49:06.260, 29, 2222, 59.58
2026/07/29 22:49:06.798, 29, 2222, 59.64
2026/07/29 22:49:07.329, 29, 2222, 59.32
2026/07/29 22:49:07.863, 29, 2222, 59.32
2026/07/29 22:49:08.394, 29, 2222, 59.26
2026/07/29 22:49:08.925, 29, 2222, 59.26
2026/07/29 22:49:09.457, 29, 2222, 59.32
2026/07/29 22:49:09.989, 29, 2222, 59.32
2026/07/29 22:49:10.520, 29, 2222, 59.26
2026/07/29 22:49:11.053, 29, 2222, 59.26
2026/07/29 22:49:11.585, 29, 2222, 59.64
2026/07/29 22:49:12.117, 29, 2222, 59.32
2026/07/29 22:49:12.649, 29, 2222, 59.32
2026/07/29 22:49:13.182, 29, 2222, 60.18
2026/07/29 22:49:13.713, 29, 2222, 61.36
2026/07/29 22:49:14.245, 29, 2222, 59.97
2026/07/29 22:49:14.776, 29, 2222, 59.58
2026/07/29 22:49:15.308, 29, 2222, 59.58
2026/07/29 22:49:15.841, 29, 2222, 59.32
2026/07/29 22:49:16.371, 29, 2222, 59.58
2026/07/29 22:49:16.905, 29, 2222, 59.97
2026/07/29 22:49:17.437, 29, 2222, 59.64
2026/07/29 22:49:17.969, 29, 2222, 59.32
2026/07/29 22:49:18.500, 29, 2222, 59.32
2026/07/29 22:49:19.033, 29, 2222, 59.26
2026/07/29 22:49:19.565, 28, 2222, 59.32
2026/07/29 22:49:20.100, 28, 2222, 59.26
2026/07/29 22:49:20.633, 28, 2222, 59.32
2026/07/29 22:49:21.165, 28, 2222, 59.32
2026/07/29 22:49:21.696, 28, 2222, 59.26
2026/07/29 22:49:22.228, 28, 2222, 60.18
2026/07/29 22:49:22.761, 28, 2222, 59.32
2026/07/29 22:49:23.293, 28, 2222, 59.26
2026/07/29 22:49:23.826, 28, 2222, 59.32
2026/07/29 22:49:24.357, 28, 2222, 59.32
2026/07/29 22:49:24.888, 28, 2222, 59.32
2026/07/29 22:49:25.420, 28, 2222, 59.26
2026/07/29 22:49:25.952, 28, 2222, 59.26
2026/07/29 22:49:26.488, 28, 2222, 59.32
2026/07/29 22:49:27.021, 28, 2222, 59.32
2026/07/29 22:49:27.555, 28, 2222, 59.64
2026/07/29 22:49:28.087, 28, 2222, 59.32
2026/07/29 22:49:28.619, 28, 2222, 59.32
2026/07/29 22:49:29.151, 28, 2222, 59.05
2026/07/29 22:49:29.684, 28, 2222, 59.32
2026/07/29 22:49:30.215, 28, 2222, 59.05
2026/07/29 22:49:30.746, 28, 2222, 59.32
2026/07/29 22:49:31.278, 28, 2222, 59.32
2026/07/29 22:49:31.810, 28, 2222, 59.32
2026/07/29 22:49:32.342, 28, 2222, 59.26
2026/07/29 22:49:32.875, 28, 2222, 59.26
2026/07/29 22:49:33.408, 28, 2222, 59.05
2026/07/29 22:49:33.940, 28, 2222, 59.32
2026/07/29 22:49:34.472, 28, 2222, 59.05
2026/07/29 22:49:35.006, 28, 2222, 59.32
2026/07/29 22:49:35.537, 28, 2222, 59.58
2026/07/29 22:49:36.069, 28, 2222, 60.77
2026/07/29 22:49:36.603, 28, 2222, 59.58
2026/07/29 22:49:37.135, 28, 2222, 59.64
2026/07/29 22:49:37.668, 28, 2222, 59.58
2026/07/29 22:49:38.201, 28, 2222, 59.97
2026/07/29 22:49:38.732, 28, 2222, 59.64
2026/07/29 22:49:39.264, 28, 2222, 59.05
2026/07/29 22:49:39.798, 28, 2222, 59.58
2026/07/29 22:49:40.331, 28, 2222, 59.32
2026/07/29 22:49:40.863, 28, 2222, 59.32
2026/07/29 22:49:41.395, 28, 2222, 59.32
2026/07/29 22:49:41.928, 28, 2222, 59.32
2026/07/29 22:49:42.459, 28, 2222, 58.99
2026/07/29 22:49:42.992, 28, 2222, 59.32
2026/07/29 22:49:43.524, 28, 2222, 59.32
2026/07/29 22:49:44.057, 28, 2222, 59.05
2026/07/29 22:49:44.588, 28, 2222, 59.26
2026/07/29 22:49:45.122, 28, 2222, 59.26
2026/07/29 22:49:45.654, 28, 2222, 59.32
2026/07/29 22:49:46.188, 28, 2222, 59.32
2026/07/29 22:49:46.721, 28, 2222, 59.05
2026/07/29 22:49:47.254, 28, 2222, 59.26
2026/07/29 22:49:47.785, 28, 2222, 59.32
2026/07/29 22:49:48.317, 28, 2222, 59.32
2026/07/29 22:49:48.849, 28, 2222, 59.97
2026/07/29 22:49:49.383, 28, 2222, 59.32
2026/07/29 22:49:49.914, 28, 2222, 59.32
2026/07/29 22:49:50.446, 28, 2222, 59.32
2026/07/29 22:49:50.978, 28, 2222, 59.32
2026/07/29 22:49:51.512, 28, 2222, 59.32
2026/07/29 22:49:52.043, 28, 2222, 59.32
2026/07/29 22:49:52.575, 28, 2222, 59.26
2026/07/29 22:49:53.108, 28, 2222, 59.32
2026/07/29 22:49:53.642, 28, 2222, 59.32
2026/07/29 22:49:54.175, 28, 2222, 59.64
2026/07/29 22:49:54.706, 28, 2222, 59.32
2026/07/29 22:49:55.238, 28, 2222, 59.32
2026/07/29 22:49:55.772, 28, 2222, 59.32
2026/07/29 22:49:56.306, 28, 2222, 59.64
2026/07/29 22:49:56.837, 28, 2222, 59.97
2026/07/29 22:49:57.368, 28, 2222, 62.35
2026/07/29 22:49:57.900, 28, 2222, 59.97
2026/07/29 22:49:58.432, 28, 2222, 59.64
2026/07/29 22:49:58.964, 28, 2222, 65.98
2026/07/29 22:49:59.499, 28, 2222, 60.57
2026/07/29 22:50:00.033, 28, 2222, 59.05
2026/07/29 22:50:00.565, 28, 2222, 58.99
2026/07/29 22:50:01.098, 28, 2222, 59.26
2026/07/29 22:50:01.631, 28, 2222, 59.05
2026/07/29 22:50:02.163, 28, 2222, 59.05
2026/07/29 22:50:02.695, 28, 2222, 58.99
2026/07/29 22:50:03.228, 28, 2222, 58.99
2026/07/29 22:50:03.759, 28, 2222, 59.05
2026/07/29 22:50:04.291, 28, 2222, 59.05
2026/07/29 22:50:04.823, 28, 2222, 59.32
2026/07/29 22:50:05.357, 28, 2222, 59.32
2026/07/29 22:50:05.889, 28, 2222, 59.26
2026/07/29 22:50:06.421, 28, 2222, 59.05
2026/07/29 22:50:06.953, 28, 2222, 59.05
2026/07/29 22:50:07.486, 28, 2222, 59.05
2026/07/29 22:50:08.018, 28, 2222, 59.05
2026/07/29 22:50:08.550, 28, 2222, 59.32
2026/07/29 22:50:09.082, 28, 2222, 59.05
2026/07/29 22:50:09.615, 28, 2222, 58.99
2026/07/29 22:50:10.148, 28, 2222, 59.32
2026/07/29 22:50:10.680, 28, 2222, 59.05
2026/07/29 22:50:11.212, 28, 2222, 59.32
2026/07/29 22:50:11.746, 28, 2222, 59.05
2026/07/29 22:50:12.277, 28, 2222, 59.05
2026/07/29 22:50:12.812, 28, 2222, 59.05
2026/07/29 22:50:13.344, 28, 2222, 59.05
2026/07/29 22:50:13.875, 28, 2222, 59.05
2026/07/29 22:50:14.407, 28, 2222, 59.05
2026/07/29 22:50:14.940, 28, 2222, 59.05
2026/07/29 22:50:15.472, 28, 2222, 59.32
2026/07/29 22:50:16.004, 28, 2222, 58.99
2026/07/29 22:50:16.536, 28, 2222, 58.99
2026/07/29 22:50:17.070, 28, 2222, 59.32
2026/07/29 22:50:17.600, 28, 2222, 59.05
2026/07/29 22:50:18.133, 28, 2222, 59.05
2026/07/29 22:50:18.664, 28, 2222, 58.99
2026/07/29 22:50:19.199, 28, 2222, 59.05
2026/07/29 22:50:19.732, 28, 2222, 59.32
2026/07/29 22:50:20.265, 28, 2222, 59.05
2026/07/29 22:50:20.799, 28, 2222, 59.05
2026/07/29 22:50:21.332, 28, 2222, 61.43
2026/07/29 22:50:21.864, 28, 2222, 59.97
2026/07/29 22:50:22.399, 28, 2222, 61.16
2026/07/29 22:50:22.931, 28, 2222, 59.05
2026/07/29 22:50:23.464, 28, 2222, 59.97
2026/07/29 22:50:24.001, 28, 2222, 59.05
2026/07/29 22:50:24.532, 28, 2222, 59.05
2026/07/29 22:50:25.066, 28, 2222, 59.32
2026/07/29 22:50:25.603, 28, 2222, 59.05
2026/07/29 22:50:26.137, 28, 2222, 59.32
2026/07/29 22:50:26.669, 28, 2222, 59.32
2026/07/29 22:50:27.205, 28, 2222, 59.32
2026/07/29 22:50:27.738, 28, 2222, 59.26
2026/07/29 22:50:28.271, 28, 2222, 59.32
2026/07/29 22:50:28.804, 28, 2222, 59.05
2026/07/29 22:50:29.337, 28, 2222, 59.32
2026/07/29 22:50:29.869, 28, 2222, 59.05
2026/07/29 22:50:30.402, 28, 2222, 59.32
2026/07/29 22:50:30.933, 28, 2222, 59.64
2026/07/29 22:50:31.464, 28, 2222, 59.32
2026/07/29 22:50:31.997, 28, 2222, 59.05
2026/07/29 22:50:32.529, 28, 2222, 59.32
2026/07/29 22:50:33.062, 28, 2222, 59.05
2026/07/29 22:50:33.596, 28, 2222, 59.32
2026/07/29 22:50:34.129, 28, 2222, 59.32
2026/07/29 22:50:34.661, 28, 2222, 59.32
2026/07/29 22:50:35.195, 28, 2222, 59.32
2026/07/29 22:50:35.729, 28, 2222, 59.32
2026/07/29 22:50:36.261, 28, 2222, 59.64
2026/07/29 22:50:36.795, 28, 2222, 59.32
2026/07/29 22:50:37.328, 28, 2222, 59.32
2026/07/29 22:50:37.859, 28, 2222, 59.32
2026/07/29 22:50:38.391, 28, 2222, 59.32
2026/07/29 22:50:38.922, 28, 2222, 59.32
2026/07/29 22:50:39.455, 28, 2222, 59.32
2026/07/29 22:50:39.986, 28, 2222, 59.32
2026/07/29 22:50:40.518, 28, 2222, 59.32
2026/07/29 22:50:41.050, 28, 2222, 59.32
2026/07/29 22:50:41.583, 28, 2222, 59.64
2026/07/29 22:50:42.114, 28, 2222, 59.32
2026/07/29 22:50:42.646, 28, 2222, 59.97
2026/07/29 22:50:43.179, 28, 2222, 62.08
2026/07/29 22:50:43.713, 28, 2222, 59.90
2026/07/29 22:50:44.244, 28, 2222, 61.36
2026/07/29 22:50:44.777, 28, 2222, 59.26
2026/07/29 22:50:45.308, 29, 2222, 60.83
2026/07/29 22:50:45.841, 28, 2222, 59.32
2026/07/29 22:50:46.374, 28, 2222, 59.32
2026/07/29 22:50:46.907, 28, 2222, 59.64
2026/07/29 22:50:47.438, 28, 2222, 59.32
2026/07/29 22:50:47.969, 28, 2222, 59.90
2026/07/29 22:50:48.500, 28, 2222, 59.26
2026/07/29 22:50:49.033, 29, 2222, 59.97
2026/07/29 22:50:49.564, 29, 2222, 59.64
2026/07/29 22:50:50.097, 29, 2222, 59.64
2026/07/29 22:50:50.629, 29, 2222, 59.26
2026/07/29 22:50:51.162, 29, 2222, 59.64
2026/07/29 22:50:51.694, 29, 2222, 59.32
2026/07/29 22:50:52.226, 29, 2222, 59.32
2026/07/29 22:50:52.759, 29, 2222, 59.58
2026/07/29 22:50:53.291, 29, 2222, 59.32
2026/07/29 22:50:53.823, 29, 2222, 59.26
2026/07/29 22:50:54.356, 29, 2222, 59.32
2026/07/29 22:50:54.888, 29, 2222, 59.64
2026/07/29 22:50:55.421, 29, 2222, 59.64
2026/07/29 22:50:55.954, 29, 2222, 59.64
2026/07/29 22:50:56.486, 29, 2222, 59.32
2026/07/29 22:50:57.020, 29, 2222, 59.32
2026/07/29 22:50:57.553, 29, 2222, 59.32
2026/07/29 22:50:58.086, 29, 2222, 59.64
2026/07/29 22:50:58.618, 29, 2222, 59.32
2026/07/29 22:50:59.152, 29, 2222, 59.64
2026/07/29 22:50:59.685, 29, 2222, 59.32
2026/07/29 22:51:00.218, 29, 2222, 59.64
2026/07/29 22:51:00.750, 29, 2222, 59.64
2026/07/29 22:51:01.282, 29, 2222, 59.32
2026/07/29 22:51:01.816, 29, 2222, 59.64
2026/07/29 22:51:02.348, 29, 2222, 59.32
2026/07/29 22:51:02.880, 29, 2222, 60.57
2026/07/29 22:51:03.415, 29, 2222, 59.32
2026/07/29 22:51:03.946, 29, 2222, 59.32
2026/07/29 22:51:04.478, 29, 2222, 62.08
2026/07/29 22:51:05.010, 29, 2222, 59.58
2026/07/29 22:51:05.545, 29, 2222, 61.09
2026/07/29 22:51:06.077, 29, 2222, 59.26
2026/07/29 22:51:06.608, 29, 2222, 59.64
2026/07/29 22:51:07.141, 29, 2222, 59.64
2026/07/29 22:51:07.674, 29, 2222, 59.32
2026/07/29 22:51:08.206, 29, 2222, 59.97
2026/07/29 22:51:08.740, 29, 2222, 59.26
2026/07/29 22:51:09.272, 29, 2222, 59.97
2026/07/29 22:51:09.804, 29, 2222, 59.32
2026/07/29 22:51:10.336, 29, 2222, 59.32
2026/07/29 22:51:10.869, 29, 2222, 59.32
2026/07/29 22:51:11.400, 29, 2222, 59.32
2026/07/29 22:51:11.933, 29, 2222, 59.32
2026/07/29 22:51:12.465, 29, 2222, 59.32
2026/07/29 22:51:12.999, 29, 2222, 59.32
2026/07/29 22:51:13.531, 29, 2222, 59.64
2026/07/29 22:51:14.065, 29, 2222, 59.32
2026/07/29 22:51:14.598, 29, 2222, 59.32
2026/07/29 22:51:15.130, 29, 2222, 59.26
2026/07/29 22:51:15.663, 29, 2222, 59.32
2026/07/29 22:51:16.200, 29, 2222, 59.32
2026/07/29 22:51:16.733, 29, 2222, 59.32
2026/07/29 22:51:17.265, 29, 2222, 59.32
2026/07/29 22:51:17.799, 29, 2222, 59.32
2026/07/29 22:51:18.332, 29, 2222, 59.32
2026/07/29 22:51:18.865, 29, 2222, 59.26
2026/07/29 22:51:19.402, 29, 2222, 59.26
2026/07/29 22:51:19.936, 29, 2222, 59.26
2026/07/29 22:51:20.469, 29, 2222, 59.26
2026/07/29 22:51:21.001, 29, 2222, 59.26
2026/07/29 22:51:21.532, 29, 2222, 59.26
2026/07/29 22:51:22.064, 29, 2222, 59.32
2026/07/29 22:51:22.596, 29, 2222, 59.32
2026/07/29 22:51:23.130, 29, 2222, 59.32
2026/07/29 22:51:23.663, 29, 2222, 59.32
2026/07/29 22:51:24.196, 29, 2222, 59.32
2026/07/29 22:51:24.728, 29, 2222, 59.32
2026/07/29 22:51:25.261, 29, 2222, 59.32
2026/07/29 22:51:25.795, 29, 2222, 60.24
2026/07/29 22:51:26.326, 29, 2222, 59.32
2026/07/29 22:51:26.859, 29, 2222, 59.32
2026/07/29 22:51:27.391, 29, 2222, 60.83
2026/07/29 22:51:27.924, 29, 2222, 59.32
2026/07/29 22:51:28.456, 29, 2222, 62.61
2026/07/29 22:51:28.989, 29, 2222, 59.97
2026/07/29 22:51:29.520, 29, 2222, 59.58
2026/07/29 22:51:30.052, 29, 2222, 59.58
2026/07/29 22:51:30.588, 29, 2222, 59.26
2026/07/29 22:51:31.121, 29, 2222, 59.64
2026/07/29 22:51:31.652, 29, 2222, 59.32
2026/07/29 22:51:32.184, 29, 2222, 59.64
2026/07/29 22:51:32.717, 29, 2222, 60.24
2026/07/29 22:51:33.251, 29, 2222, 59.64
2026/07/29 22:51:33.783, 29, 2222, 59.32
2026/07/29 22:51:34.316, 29, 2222, 59.32
2026/07/29 22:51:34.849, 29, 2222, 59.64
2026/07/29 22:51:35.381, 29, 2222, 59.32
2026/07/29 22:51:35.915, 29, 2222, 59.32
2026/07/29 22:51:36.449, 29, 2222, 59.32
2026/07/29 22:51:36.980, 29, 2222, 59.32
2026/07/29 22:51:37.513, 29, 2222, 59.32
2026/07/29 22:51:38.045, 29, 2222, 59.58
2026/07/29 22:51:38.578, 29, 2222, 59.32
2026/07/29 22:51:39.110, 29, 2222, 59.32
2026/07/29 22:51:39.643, 29, 2222, 59.32
2026/07/29 22:51:40.174, 29, 2222, 59.32
2026/07/29 22:51:40.709, 29, 2222, 59.32
2026/07/29 22:51:41.240, 29, 2222, 59.32
2026/07/29 22:51:41.773, 29, 2222, 59.32
2026/07/29 22:51:42.305, 29, 2222, 59.26
2026/07/29 22:51:42.838, 29, 2222, 59.32
2026/07/29 22:51:43.370, 29, 2222, 59.58
2026/07/29 22:51:43.903, 29, 2222, 59.32
2026/07/29 22:51:44.436, 29, 2222, 59.32
2026/07/29 22:51:44.969, 29, 2222, 59.32
2026/07/29 22:51:45.502, 29, 2222, 59.32
2026/07/29 22:51:46.034, 29, 2222, 59.32
2026/07/29 22:51:46.567, 29, 2222, 59.32
2026/07/29 22:51:47.099, 29, 2222, 59.64
2026/07/29 22:51:47.632, 29, 2222, 62.08
2026/07/29 22:51:48.165, 29, 2222, 59.32
2026/07/29 22:51:48.701, 29, 2222, 59.58
2026/07/29 22:51:49.233, 29, 2222, 59.32
2026/07/29 22:51:49.764, 29, 2222, 59.32
2026/07/29 22:51:50.299, 29, 2222, 60.57
2026/07/29 22:51:50.831, 29, 2222, 59.64
2026/07/29 22:51:51.364, 29, 2222, 59.32
2026/07/29 22:51:51.896, 29, 2222, 59.97
2026/07/29 22:51:52.428, 29, 2222, 59.32
2026/07/29 22:51:52.961, 29, 2222, 59.64
2026/07/29 22:51:53.493, 29, 2222, 59.26
2026/07/29 22:51:54.024, 29, 2222, 59.58
2026/07/29 22:51:54.555, 29, 2222, 59.32
2026/07/29 22:51:55.088, 29, 2222, 59.26
2026/07/29 22:51:55.620, 29, 2222, 60.18
2026/07/29 22:51:56.153, 29, 2222, 59.32
2026/07/29 22:51:56.688, 29, 2222, 59.32
2026/07/29 22:51:57.221, 29, 2222, 59.58
2026/07/29 22:51:57.753, 29, 2222, 59.32
2026/07/29 22:51:58.286, 29, 2222, 59.64
2026/07/29 22:51:58.818, 29, 2222, 59.32
2026/07/29 22:51:59.349, 29, 2222, 59.58
2026/07/29 22:51:59.879, 29, 2222, 59.32
2026/07/29 22:52:00.415, 29, 2222, 59.32
2026/07/29 22:52:00.946, 29, 2222, 59.64
2026/07/29 22:52:01.478, 29, 2222, 59.32
2026/07/29 22:52:02.009, 29, 2222, 59.64
2026/07/29 22:52:02.541, 29, 2222, 59.64
2026/07/29 22:52:03.073, 29, 2222, 59.32
2026/07/29 22:52:03.604, 29, 2222, 59.64
2026/07/29 22:52:04.137, 29, 2222, 59.32
2026/07/29 22:52:04.670, 29, 2222, 59.64
2026/07/29 22:52:05.202, 29, 2222, 59.58
2026/07/29 22:52:05.734, 29, 2222, 59.26
2026/07/29 22:52:06.266, 29, 2222, 59.32
2026/07/29 22:52:06.801, 29, 2222, 59.64
2026/07/29 22:52:07.333, 29, 2222, 59.26
2026/07/29 22:52:07.864, 29, 2222, 59.58
2026/07/29 22:52:08.395, 29, 2222, 59.64
2026/07/29 22:52:08.925, 29, 2222, 60.24
2026/07/29 22:52:09.458, 29, 2222, 59.64
2026/07/29 22:52:09.989, 29, 2222, 67.76
2026/07/29 22:52:10.522, 29, 2222, 59.64
2026/07/29 22:52:11.055, 29, 2222, 59.64
2026/07/29 22:52:11.589, 29, 2222, 61.43
2026/07/29 22:52:12.122, 29, 2222, 59.64
2026/07/29 22:52:12.654, 29, 2222, 59.64
2026/07/29 22:52:13.186, 29, 2222, 60.24
2026/07/29 22:52:13.718, 29, 2222, 59.64
2026/07/29 22:52:14.250, 29, 2222, 59.64
2026/07/29 22:52:14.783, 29, 2222, 59.64
2026/07/29 22:52:15.315, 29, 2222, 60.24
2026/07/29 22:52:15.850, 29, 2222, 59.32
2026/07/29 22:52:16.382, 29, 2222, 59.64
2026/07/29 22:52:16.915, 29, 2222, 59.32
2026/07/29 22:52:17.449, 29, 2222, 59.32
2026/07/29 22:52:17.981, 29, 2222, 59.32
2026/07/29 22:52:18.516, 29, 2222, 59.32
2026/07/29 22:52:19.047, 29, 2222, 59.26
2026/07/29 22:52:19.579, 29, 2222, 59.26
2026/07/29 22:52:20.113, 29, 2222, 59.26
2026/07/29 22:52:20.645, 29, 2222, 59.64
2026/07/29 22:52:21.176, 29, 2222, 59.26
2026/07/29 22:52:21.707, 29, 2222, 59.26
2026/07/29 22:52:22.239, 29, 2222, 59.32
2026/07/29 22:52:22.771, 29, 2222, 59.32
2026/07/29 22:52:23.306, 29, 2222, 59.32
2026/07/29 22:52:23.839, 29, 2222, 59.26
2026/07/29 22:52:24.372, 29, 2222, 59.26
2026/07/29 22:52:24.903, 29, 2222, 59.32
2026/07/29 22:52:25.436, 29, 2222, 59.32
2026/07/29 22:52:25.968, 29, 2222, 59.64
2026/07/29 22:52:26.502, 29, 2222, 59.32
2026/07/29 22:52:27.034, 29, 2222, 59.32
2026/07/29 22:52:27.569, 29, 2222, 59.32
2026/07/29 22:52:28.101, 29, 2222, 59.32
2026/07/29 22:52:28.634, 29, 2222, 59.32
2026/07/29 22:52:29.166, 29, 2222, 59.32
2026/07/29 22:52:29.699, 29, 2222, 60.24
2026/07/29 22:52:30.231, 29, 2222, 61.16
2026/07/29 22:52:30.765, 29, 2222, 60.24
2026/07/29 22:52:31.297, 29, 2222, 60.24
2026/07/29 22:52:31.829, 29, 2222, 59.32
2026/07/29 22:52:32.362, 29, 2222, 61.43
2026/07/29 22:52:32.895, 29, 2222, 59.32
2026/07/29 22:52:33.428, 29, 2222, 59.32
2026/07/29 22:52:33.960, 29, 2222, 59.26
2026/07/29 22:52:34.490, 29, 2222, 62.95
2026/07/29 22:52:35.023, 29, 2222, 59.32
2026/07/29 22:52:35.555, 29, 2222, 59.64
2026/07/29 22:52:36.087, 29, 2222, 59.58
2026/07/29 22:52:36.621, 29, 2222, 59.58
2026/07/29 22:52:37.153, 29, 2222, 59.64
2026/07/29 22:52:37.684, 29, 2222, 59.64
2026/07/29 22:52:38.220, 29, 2222, 59.64
2026/07/29 22:52:38.752, 29, 2222, 59.26
2026/07/29 22:52:39.285, 29, 2222, 59.64
2026/07/29 22:52:39.817, 29, 2222, 59.64
2026/07/29 22:52:40.350, 29, 2222, 59.32
2026/07/29 22:52:40.882, 29, 2222, 59.58
2026/07/29 22:52:41.416, 29, 2222, 59.64
2026/07/29 22:52:41.948, 29, 2222, 59.97
2026/07/29 22:52:42.481, 29, 2222, 59.64
2026/07/29 22:52:43.012, 29, 2222, 59.32
2026/07/29 22:52:43.545, 29, 2222, 59.58
2026/07/29 22:52:44.078, 29, 2222, 59.64
2026/07/29 22:52:44.611, 29, 2222, 59.58
2026/07/29 22:52:45.144, 29, 2222, 59.58
2026/07/29 22:52:45.678, 29, 2222, 59.64
2026/07/29 22:52:46.210, 29, 2222, 59.26
2026/07/29 22:52:46.743, 29, 2222, 59.58
2026/07/29 22:52:47.276, 29, 2222, 59.64
2026/07/29 22:52:47.808, 29, 2222, 59.64
2026/07/29 22:52:48.341, 29, 2222, 59.32
2026/07/29 22:52:48.874, 29, 2222, 59.90
2026/07/29 22:52:49.407, 29, 2222, 59.32
2026/07/29 22:52:49.940, 29, 2222, 59.58
2026/07/29 22:52:50.474, 29, 2222, 59.64
2026/07/29 22:52:51.006, 29, 2222, 59.64
2026/07/29 22:52:51.537, 29, 2222, 61.76
2026/07/29 22:52:52.068, 29, 2222, 60.83
2026/07/29 22:52:52.600, 29, 2222, 59.58
2026/07/29 22:52:53.131, 29, 2222, 60.83
2026/07/29 22:52:53.663, 29, 2222, 61.16
2026/07/29 22:52:54.195, 29, 2222, 60.24
2026/07/29 22:52:54.727, 29, 2222, 59.58
2026/07/29 22:52:55.261, 29, 2222, 59.64
2026/07/29 22:52:55.795, 29, 2222, 59.64
2026/07/29 22:52:56.327, 29, 2222, 59.97
2026/07/29 22:52:56.859, 29, 2222, 59.58
2026/07/29 22:52:57.395, 29, 2222, 59.64
2026/07/29 22:52:57.929, 29, 2222, 59.64
2026/07/29 22:52:58.463, 29, 2222, 59.64
2026/07/29 22:52:58.995, 29, 2222, 59.90
2026/07/29 22:52:59.528, 29, 2222, 60.57
2026/07/29 22:53:00.060, 29, 2222, 59.64
2026/07/29 22:53:00.592, 29, 2222, 59.97
2026/07/29 22:53:01.125, 29, 2222, 59.58
2026/07/29 22:53:01.658, 29, 2222, 59.64
2026/07/29 22:53:02.191, 29, 2222, 59.64
2026/07/29 22:53:02.726, 29, 2222, 59.58
2026/07/29 22:53:03.259, 29, 2222, 59.64
2026/07/29 22:53:03.791, 29, 2222, 59.64
2026/07/29 22:53:04.323, 29, 2222, 59.64
2026/07/29 22:53:04.857, 29, 2222, 59.58
2026/07/29 22:53:05.395, 29, 2222, 59.58
2026/07/29 22:53:05.928, 29, 2222, 59.64
2026/07/29 22:53:06.462, 29, 2222, 59.97
2026/07/29 22:53:06.995, 29, 2222, 59.58
2026/07/29 22:53:07.529, 29, 2222, 59.58
2026/07/29 22:53:08.061, 29, 2222, 59.64
2026/07/29 22:53:08.594, 29, 2222, 59.58
2026/07/29 22:53:09.126, 29, 2222, 59.64
2026/07/29 22:53:09.657, 29, 2222, 59.64
2026/07/29 22:53:10.189, 29, 2222, 59.64
2026/07/29 22:53:10.721, 29, 2222, 59.58
2026/07/29 22:53:11.254, 29, 2222, 59.64
2026/07/29 22:53:11.786, 29, 2222, 59.64
2026/07/29 22:53:12.317, 29, 2222, 59.64
2026/07/29 22:53:12.848, 29, 2222, 60.18
2026/07/29 22:53:13.382, 29, 2222, 60.57
2026/07/29 22:53:13.918, 29, 2222, 60.57
2026/07/29 22:53:14.450, 29, 2222, 60.24
2026/07/29 22:53:14.983, 29, 2222, 61.36
2026/07/29 22:53:15.518, 29, 2222, 60.24
2026/07/29 22:53:16.049, 29, 2222, 59.64
2026/07/29 22:53:16.582, 29, 2222, 59.64
2026/07/29 22:53:17.115, 29, 2222, 59.97
2026/07/29 22:53:17.649, 29, 2222, 59.64
2026/07/29 22:53:18.181, 29, 2222, 59.64
2026/07/29 22:53:18.714, 29, 2222, 60.57
2026/07/29 22:53:19.248, 29, 2222, 59.64
2026/07/29 22:53:19.781, 29, 2222, 59.64
2026/07/29 22:53:20.314, 29, 2222, 59.64
2026/07/29 22:53:20.847, 29, 2222, 59.64
2026/07/29 22:53:21.381, 29, 2222, 59.32
2026/07/29 22:53:21.917, 29, 2222, 59.32
2026/07/29 22:53:22.450, 29, 2222, 59.64
2026/07/29 22:53:22.982, 29, 2222, 59.26
2026/07/29 22:53:23.515, 29, 2222, 59.26
2026/07/29 22:53:24.047, 29, 2222, 59.32
2026/07/29 22:53:24.580, 29, 2222, 59.32
2026/07/29 22:53:25.115, 29, 2222, 59.26
2026/07/29 22:53:25.648, 29, 2222, 59.64
2026/07/29 22:53:26.180, 29, 2222, 59.32
2026/07/29 22:53:26.714, 29, 2222, 59.32
2026/07/29 22:53:27.246, 29, 2222, 59.32
2026/07/29 22:53:27.778, 29, 2222, 59.32
2026/07/29 22:53:28.311, 29, 2222, 59.26
2026/07/29 22:53:28.844, 29, 2222, 59.32
2026/07/29 22:53:29.376, 29, 2222, 59.26
2026/07/29 22:53:29.909, 29, 2222, 59.32
2026/07/29 22:53:30.442, 29, 2222, 59.32
2026/07/29 22:53:30.975, 29, 2222, 59.64
2026/07/29 22:53:31.509, 29, 2222, 59.32
2026/07/29 22:53:32.042, 29, 2222, 59.32
2026/07/29 22:53:32.574, 29, 2222, 59.32
2026/07/29 22:53:33.105, 29, 2222, 59.32
2026/07/29 22:53:33.639, 29, 2222, 59.26
2026/07/29 22:53:34.171, 29, 2222, 59.32
2026/07/29 22:53:34.702, 29, 2222, 74.93
2026/07/29 22:53:35.234, 29, 2222, 60.77
2026/07/29 22:53:35.768, 29, 2222, 62.02
2026/07/29 22:53:36.305, 29, 2222, 59.64
2026/07/29 22:53:36.839, 29, 2222, 61.16
2026/07/29 22:53:37.373, 29, 2222, 59.97
2026/07/29 22:53:37.906, 29, 2222, 59.64
2026/07/29 22:53:38.438, 29, 2222, 59.90
2026/07/29 22:53:38.972, 29, 2222, 59.32
2026/07/29 22:53:39.504, 29, 2222, 59.26
2026/07/29 22:53:40.036, 29, 2222, 59.90
2026/07/29 22:53:40.568, 29, 2222, 59.26
2026/07/29 22:53:41.101, 29, 2222, 59.58
2026/07/29 22:53:41.634, 29, 2222, 59.32
2026/07/29 22:53:42.166, 29, 2222, 59.64
2026/07/29 22:53:42.698, 29, 2222, 59.26
2026/07/29 22:53:43.230, 29, 2222, 59.32
2026/07/29 22:53:43.763, 29, 2222, 59.32
2026/07/29 22:53:44.296, 29, 2222, 59.26
2026/07/29 22:53:44.828, 29, 2222, 59.26
2026/07/29 22:53:45.359, 29, 2222, 59.32
2026/07/29 22:53:45.891, 29, 2222, 59.26
2026/07/29 22:53:46.423, 29, 2222, 59.26
2026/07/29 22:53:46.954, 29, 2222, 59.26
2026/07/29 22:53:47.488, 29, 2222, 59.32
2026/07/29 22:53:48.022, 29, 2338, 59.32
2026/07/29 22:53:48.554, 29, 2338, 59.26
2026/07/29 22:53:49.087, 29, 2338, 59.32
2026/07/29 22:53:49.621, 29, 2338, 59.32
2026/07/29 22:53:50.154, 29, 2338, 58.99
2026/07/29 22:53:50.687, 29, 2338, 59.26
2026/07/29 22:53:51.218, 28, 2338, 59.05
2026/07/29 22:53:51.752, 29, 2338, 59.32
2026/07/29 22:53:52.286, 29, 2338, 59.26
2026/07/29 22:53:52.818, 29, 2338, 59.32
2026/07/29 22:53:53.350, 29, 2338, 59.26
2026/07/29 22:53:53.881, 29, 2338, 59.26
2026/07/29 22:53:54.414, 29, 2338, 59.32
2026/07/29 22:53:54.949, 29, 2338, 59.32
2026/07/29 22:53:55.481, 29, 2338, 59.97
2026/07/29 22:53:56.015, 29, 2338, 60.18
2026/07/29 22:53:56.549, 29, 2338, 62.02
2026/07/29 22:53:57.082, 29, 2338, 59.32
2026/07/29 22:53:57.617, 29, 2338, 59.97
2026/07/29 22:53:58.148, 29, 2338, 59.26
2026/07/29 22:53:58.681, 29, 2338, 60.57
2026/07/29 22:53:59.213, 29, 2338, 59.32
2026/07/29 22:53:59.746, 29, 2338, 59.58
2026/07/29 22:54:00.281, 29, 2338, 59.58
2026/07/29 22:54:00.817, 29, 2338, 59.32
2026/07/29 22:54:01.348, 29, 2338, 59.97
2026/07/29 22:54:01.879, 29, 2338, 59.26
2026/07/29 22:54:02.411, 29, 2338, 59.58
2026/07/29 22:54:02.942, 29, 2338, 59.32
2026/07/29 22:54:03.474, 29, 2338, 59.64
2026/07/29 22:54:04.009, 29, 2338, 59.32
2026/07/29 22:54:04.542, 29, 2338, 59.32
2026/07/29 22:54:05.073, 29, 2338, 59.32
2026/07/29 22:54:05.604, 29, 2338, 59.26
2026/07/29 22:54:06.137, 29, 2338, 59.64
2026/07/29 22:54:06.668, 29, 2338, 59.32
2026/07/29 22:54:07.200, 29, 2338, 59.32
2026/07/29 22:54:07.732, 29, 2338, 59.32
2026/07/29 22:54:08.264, 29, 2338, 59.26
2026/07/29 22:54:08.797, 29, 2338, 59.32
2026/07/29 22:54:09.329, 29, 2338, 59.32
2026/07/29 22:54:09.861, 29, 2338, 59.32
2026/07/29 22:54:10.396, 29, 2338, 59.32
2026/07/29 22:54:10.929, 29, 2338, 59.32
2026/07/29 22:54:11.461, 29, 2338, 59.58
2026/07/29 22:54:11.994, 29, 2338, 59.64
2026/07/29 22:54:12.526, 29, 2338, 59.26
2026/07/29 22:54:13.058, 29, 2338, 59.64
2026/07/29 22:54:13.589, 29, 2338, 59.32
2026/07/29 22:54:14.122, 29, 2338, 59.26
2026/07/29 22:54:14.655, 29, 2338, 59.64
2026/07/29 22:54:15.188, 29, 2338, 59.64
2026/07/29 22:54:15.724, 29, 2338, 59.32
2026/07/29 22:54:16.256, 29, 2338, 59.64
2026/07/29 22:54:16.790, 29, 2338, 59.58
2026/07/29 22:54:17.322, 29, 2338, 59.64
2026/07/29 22:54:17.854, 29, 2338, 61.43
2026/07/29 22:54:18.386, 29, 2338, 59.64
2026/07/29 22:54:18.920, 29, 2338, 61.09
2026/07/29 22:54:19.454, 29, 2338, 59.97
2026/07/29 22:54:19.986, 29, 2338, 60.24
2026/07/29 22:54:20.517, 29, 2338, 59.97
2026/07/29 22:54:21.051, 29, 2338, 59.64
2026/07/29 22:54:21.584, 29, 2338, 59.97
2026/07/29 22:54:22.118, 29, 2338, 59.64
2026/07/29 22:54:22.650, 29, 2338, 59.90
2026/07/29 22:54:23.184, 29, 2338, 59.64
2026/07/29 22:54:23.717, 29, 2338, 59.97
2026/07/29 22:54:24.249, 29, 2338, 59.64
2026/07/29 22:54:24.780, 29, 2338, 59.58
2026/07/29 22:54:25.315, 29, 2338, 59.58
2026/07/29 22:54:25.848, 29, 2338, 59.64
2026/07/29 22:54:26.380, 29, 2338, 59.64
2026/07/29 22:54:26.913, 29, 2338, 59.64
2026/07/29 22:54:27.445, 29, 2338, 59.64
2026/07/29 22:54:27.977, 29, 2338, 59.32
2026/07/29 22:54:28.509, 29, 2338, 59.32
2026/07/29 22:54:29.041, 29, 2338, 60.24
2026/07/29 22:54:29.574, 29, 2338, 59.32
2026/07/29 22:54:30.107, 29, 2338, 59.26
2026/07/29 22:54:30.639, 29, 2338, 59.32
2026/07/29 22:54:31.172, 29, 2338, 59.32
2026/07/29 22:54:31.704, 29, 2338, 59.32
2026/07/29 22:54:32.236, 29, 2338, 59.26
2026/07/29 22:54:32.769, 29, 2338, 59.32
2026/07/29 22:54:33.301, 29, 2338, 59.32
2026/07/29 22:54:33.834, 29, 2338, 59.32
2026/07/29 22:54:34.365, 29, 2338, 59.97
2026/07/29 22:54:34.899, 29, 2338, 59.64
2026/07/29 22:54:35.431, 29, 2338, 59.32
2026/07/29 22:54:35.964, 29, 2338, 59.32
2026/07/29 22:54:36.497, 29, 2338, 59.58
2026/07/29 22:54:37.030, 29, 2338, 59.32
2026/07/29 22:54:37.562, 29, 2338, 59.32
2026/07/29 22:54:38.100, 29, 2338, 59.32
2026/07/29 22:54:38.633, 29, 2338, 59.58
2026/07/29 22:54:39.165, 29, 2338, 62.08
2026/07/29 22:54:39.699, 29, 2338, 59.97
2026/07/29 22:54:40.231, 29, 2338, 61.36
2026/07/29 22:54:40.763, 29, 2338, 59.32
2026/07/29 22:54:41.295, 29, 2338, 61.16
2026/07/29 22:54:41.828, 29, 2338, 59.32
2026/07/29 22:54:42.360, 29, 2338, 60.24
2026/07/29 22:54:42.892, 29, 2338, 59.32
2026/07/29 22:54:43.424, 29, 2338, 59.97
2026/07/29 22:54:43.954, 29, 2338, 59.32
2026/07/29 22:54:44.489, 29, 2338, 59.32
2026/07/29 22:54:45.022, 29, 2338, 59.64
2026/07/29 22:54:45.554, 29, 2338, 59.64
2026/07/29 22:54:46.086, 29, 2338, 59.64
2026/07/29 22:54:46.619, 29, 2338, 59.64
2026/07/29 22:54:47.153, 29, 2338, 59.32
2026/07/29 22:54:47.685, 29, 2338, 59.32
2026/07/29 22:54:48.219, 29, 2338, 59.64
2026/07/29 22:54:48.753, 29, 2338, 59.32
2026/07/29 22:54:49.288, 29, 2338, 59.32
2026/07/29 22:54:49.821, 29, 2338, 59.64
2026/07/29 22:54:50.353, 29, 2338, 59.64
2026/07/29 22:54:50.886, 29, 2338, 59.64
2026/07/29 22:54:51.419, 29, 2338, 59.32
2026/07/29 22:54:51.951, 29, 2338, 59.58
2026/07/29 22:54:52.485, 29, 2338, 59.64
2026/07/29 22:54:53.020, 29, 2338, 59.32
2026/07/29 22:54:53.552, 29, 2338, 59.64
2026/07/29 22:54:54.086, 29, 2338, 59.32
2026/07/29 22:54:54.620, 29, 2338, 59.64
2026/07/29 22:54:55.154, 29, 2338, 59.64
2026/07/29 22:54:55.688, 29, 2338, 59.58
2026/07/29 22:54:56.221, 29, 2338, 59.58
2026/07/29 22:54:56.753, 29, 2338, 59.58
2026/07/29 22:54:57.288, 29, 2338, 59.64
2026/07/29 22:54:57.821, 29, 2338, 59.58
2026/07/29 22:54:58.356, 29, 2338, 59.58
2026/07/29 22:54:58.888, 29, 2338, 59.64
2026/07/29 22:54:59.422, 29, 2338, 59.64
2026/07/29 22:54:59.955, 29, 2338, 59.64
2026/07/29 22:55:00.489, 29, 2338, 63.27
2026/07/29 22:55:01.021, 29, 2338, 59.32
2026/07/29 22:55:01.554, 29, 2338, 59.64
2026/07/29 22:55:02.088, 29, 2338, 59.64
2026/07/29 22:55:02.622, 29, 2338, 59.64
2026/07/29 22:55:03.155, 29, 2338, 59.97
2026/07/29 22:55:03.688, 29, 2338, 59.64
2026/07/29 22:55:04.220, 29, 2338, 59.58
2026/07/29 22:55:04.752, 29, 2338, 59.64
2026/07/29 22:55:05.285, 29, 2338, 60.24
2026/07/29 22:55:05.817, 29, 2338, 59.97
2026/07/29 22:55:06.349, 29, 2338, 59.97
2026/07/29 22:55:06.881, 29, 2338, 59.64
2026/07/29 22:55:07.416, 30, 2338, 59.58
2026/07/29 22:55:07.949, 29, 2338, 59.64
2026/07/29 22:55:08.481, 29, 2338, 59.64
2026/07/29 22:55:09.013, 30, 2338, 59.64
2026/07/29 22:55:09.547, 30, 2338, 59.64
2026/07/29 22:55:10.080, 30, 2338, 59.58
2026/07/29 22:55:10.616, 30, 2338, 59.64
2026/07/29 22:55:11.150, 30, 2338, 59.64
2026/07/29 22:55:11.684, 30, 2338, 59.58
2026/07/29 22:55:12.216, 30, 2338, 59.64
2026/07/29 22:55:12.749, 30, 2338, 59.97
2026/07/29 22:55:13.280, 30, 2338, 59.58
2026/07/29 22:55:13.814, 30, 2338, 59.64
2026/07/29 22:55:14.346, 30, 2338, 59.64
2026/07/29 22:55:14.879, 30, 2338, 59.58
2026/07/29 22:55:15.412, 30, 2338, 59.58
2026/07/29 22:55:15.943, 30, 2338, 59.64
2026/07/29 22:55:16.475, 29, 2338, 59.64
2026/07/29 22:55:17.008, 29, 2338, 59.58
2026/07/29 22:55:17.540, 29, 2338, 59.58
2026/07/29 22:55:18.072, 29, 2338, 59.90
2026/07/29 22:55:18.605, 29, 2338, 59.58
2026/07/29 22:55:19.138, 29, 2338, 59.58
2026/07/29 22:55:19.669, 29, 2338, 59.58
2026/07/29 22:55:20.202, 29, 2338, 59.64
2026/07/29 22:55:20.734, 29, 2338, 59.90
2026/07/29 22:55:21.268, 29, 2338, 62.08
2026/07/29 22:55:21.800, 29, 2338, 59.64
2026/07/29 22:55:22.332, 29, 2338, 59.58
2026/07/29 22:55:22.865, 29, 2338, 59.64
2026/07/29 22:55:23.397, 29, 2338, 60.57
2026/07/29 22:55:23.930, 29, 2338, 59.97
2026/07/29 22:55:24.464, 29, 2338, 60.50
2026/07/29 22:55:25.001, 29, 2338, 59.64
2026/07/29 22:55:25.534, 29, 2338, 59.90
2026/07/29 22:55:26.067, 29, 2338, 59.90
2026/07/29 22:55:26.604, 29, 2338, 59.97
2026/07/29 22:55:27.136, 29, 2338, 59.58
2026/07/29 22:55:27.670, 29, 2338, 59.58
2026/07/29 22:55:28.203, 29, 2338, 59.64
2026/07/29 22:55:28.736, 29, 2338, 59.64
2026/07/29 22:55:29.268, 29, 2338, 59.64
2026/07/29 22:55:29.802, 29, 2338, 59.64
2026/07/29 22:55:30.335, 29, 2338, 59.97
2026/07/29 22:55:30.867, 29, 2338, 59.64
2026/07/29 22:55:31.403, 29, 2338, 59.64
2026/07/29 22:55:31.949, 29, 2338, 59.90
2026/07/29 22:55:32.483, 29, 2338, 59.58
2026/07/29 22:55:33.016, 29, 2338, 59.58
2026/07/29 22:55:33.549, 29, 2338, 60.50
2026/07/29 22:55:34.083, 29, 2338, 59.64
2026/07/29 22:55:34.615, 29, 2338, 59.64
2026/07/29 22:55:35.149, 29, 2338, 59.32
2026/07/29 22:55:35.681, 29, 2338, 59.32
2026/07/29 22:55:36.213, 29, 2338, 59.32
2026/07/29 22:55:36.745, 29, 2338, 59.32
2026/07/29 22:55:37.277, 29, 2338, 59.32
2026/07/29 22:55:37.809, 29, 2338, 59.32
2026/07/29 22:55:38.340, 29, 2338, 59.32
2026/07/29 22:55:38.872, 29, 2338, 59.32
2026/07/29 22:55:39.405, 29, 2338, 59.32
2026/07/29 22:55:39.937, 29, 2338, 59.32
2026/07/29 22:55:40.469, 29, 2338, 59.32
2026/07/29 22:55:41.003, 29, 2338, 59.32
2026/07/29 22:55:41.536, 29, 2338, 59.32
2026/07/29 22:55:42.068, 29, 2338, 59.32
2026/07/29 22:55:42.599, 29, 2338, 59.32
2026/07/29 22:55:43.131, 29, 2338, 60.57
2026/07/29 22:55:43.664, 29, 2338, 59.26
2026/07/29 22:55:44.202, 29, 2338, 60.24
2026/07/29 22:55:44.734, 29, 2338, 59.32
2026/07/29 22:55:45.267, 29, 2338, 59.90
2026/07/29 22:55:45.799, 29, 2338, 60.24
2026/07/29 22:55:46.331, 29, 2338, 59.32
2026/07/29 22:55:46.865, 29, 2338, 59.97
2026/07/29 22:55:47.398, 29, 2338, 59.64
2026/07/29 22:55:47.930, 29, 2338, 59.32
2026/07/29 22:55:48.463, 29, 2338, 59.64
2026/07/29 22:55:48.995, 29, 2338, 59.32
2026/07/29 22:55:49.527, 29, 2338, 59.58
2026/07/29 22:55:50.060, 29, 2338, 59.64
2026/07/29 22:55:50.591, 29, 2338, 59.32
2026/07/29 22:55:51.124, 29, 2338, 59.26
2026/07/29 22:55:51.657, 29, 2338, 59.32
2026/07/29 22:55:52.190, 29, 2338, 59.32
2026/07/29 22:55:52.721, 29, 2338, 59.64
2026/07/29 22:55:53.255, 29, 2338, 59.32
2026/07/29 22:55:53.787, 29, 2338, 59.32
2026/07/29 22:55:54.324, 29, 2338, 59.32
2026/07/29 22:55:54.857, 29, 2338, 59.32
2026/07/29 22:55:55.389, 29, 2338, 59.32
2026/07/29 22:55:55.921, 29, 2338, 59.32
2026/07/29 22:55:56.454, 29, 2338, 60.24
2026/07/29 22:55:56.987, 29, 2338, 59.64
2026/07/29 22:55:57.519, 29, 2338, 59.32
2026/07/29 22:55:58.052, 29, 2338, 59.64
2026/07/29 22:55:58.584, 29, 2338, 59.64
2026/07/29 22:55:59.119, 29, 2338, 59.64
2026/07/29 22:55:59.652, 29, 2338, 59.32
2026/07/29 22:56:00.184, 29, 2338, 59.64
2026/07/29 22:56:00.716, 29, 2338, 59.58
2026/07/29 22:56:01.249, 29, 2338, 59.26
2026/07/29 22:56:01.781, 29, 2338, 60.24
2026/07/29 22:56:02.317, 29, 2338, 59.64
2026/07/29 22:56:02.849, 29, 2338, 62.08
2026/07/29 22:56:03.382, 29, 2338, 59.32
2026/07/29 22:56:03.916, 29, 2338, 61.76
2026/07/29 22:56:04.448, 29, 2338, 59.64
2026/07/29 22:56:04.981, 29, 2338, 59.58
2026/07/29 22:56:05.516, 29, 2338, 60.18
2026/07/29 22:56:06.048, 29, 2338, 60.83
2026/07/29 22:56:06.580, 29, 2338, 59.58
2026/07/29 22:56:07.112, 29, 2338, 60.77
2026/07/29 22:56:07.646, 29, 2338, 59.64
2026/07/29 22:56:08.179, 29, 2338, 59.64
2026/07/29 22:56:08.712, 29, 2338, 59.64
2026/07/29 22:56:09.245, 29, 2338, 59.64
2026/07/29 22:56:09.778, 29, 2338, 59.64
2026/07/29 22:56:10.311, 29, 2338, 59.64
2026/07/29 22:56:10.843, 29, 2338, 59.97
2026/07/29 22:56:11.374, 29, 2338, 59.64
2026/07/29 22:56:11.907, 29, 2338, 59.64
2026/07/29 22:56:12.441, 29, 2338, 59.90
2026/07/29 22:56:12.973, 29, 2338, 59.58
2026/07/29 22:56:13.505, 29, 2338, 59.58
2026/07/29 22:56:14.037, 29, 2338, 59.64
2026/07/29 22:56:14.570, 29, 2338, 59.58
2026/07/29 22:56:15.106, 29, 2338, 59.64
2026/07/29 22:56:15.638, 29, 2338, 59.58
2026/07/29 22:56:16.170, 29, 2338, 59.58
2026/07/29 22:56:16.702, 29, 2338, 59.58
2026/07/29 22:56:17.234, 29, 2338, 59.64
2026/07/29 22:56:17.767, 29, 2338, 59.64
2026/07/29 22:56:18.299, 29, 2338, 59.58
2026/07/29 22:56:18.832, 29, 2338, 59.58
2026/07/29 22:56:19.364, 29, 2338, 59.64
2026/07/29 22:56:19.897, 29, 2338, 59.58
2026/07/29 22:56:20.430, 29, 2338, 59.58
2026/07/29 22:56:20.962, 29, 2338, 59.58
2026/07/29 22:56:21.495, 29, 2338, 59.64
2026/07/29 22:56:22.028, 29, 2338, 59.64
2026/07/29 22:56:22.561, 29, 2338, 59.64
2026/07/29 22:56:23.093, 29, 2338, 59.64
2026/07/29 22:56:23.625, 29, 2338, 60.57
2026/07/29 22:56:24.159, 29, 2338, 60.24
2026/07/29 22:56:24.693, 29, 2338, 60.18
2026/07/29 22:56:25.227, 29, 2338, 60.57
2026/07/29 22:56:25.760, 29, 2338, 59.32
2026/07/29 22:56:26.296, 29, 2338, 59.26
2026/07/29 22:56:26.829, 29, 2338, 59.64
2026/07/29 22:56:27.363, 29, 2338, 59.32
2026/07/29 22:56:27.899, 29, 2338, 59.64
2026/07/29 22:56:28.432, 29, 2338, 59.26
2026/07/29 22:56:28.965, 29, 2338, 59.58
2026/07/29 22:56:29.497, 29, 2338, 59.32
2026/07/29 22:56:30.029, 29, 2338, 59.32
2026/07/29 22:56:30.561, 29, 2338, 59.64
2026/07/29 22:56:31.098, 29, 2338, 59.64
2026/07/29 22:56:31.629, 29, 2338, 59.64
2026/07/29 22:56:32.162, 29, 2338, 59.58
2026/07/29 22:56:32.693, 29, 2338, 59.32
2026/07/29 22:56:33.225, 29, 2338, 59.64
2026/07/29 22:56:33.756, 29, 2338, 59.32
2026/07/29 22:56:34.289, 29, 2338, 59.32
2026/07/29 22:56:34.820, 29, 2338, 59.64
2026/07/29 22:56:35.353, 29, 2338, 59.64
2026/07/29 22:56:35.885, 29, 2338, 59.58
2026/07/29 22:56:36.418, 29, 2338, 59.64
2026/07/29 22:56:36.951, 29, 2338, 60.57
2026/07/29 22:56:37.484, 29, 2338, 59.64
2026/07/29 22:56:38.016, 29, 2338, 59.64
2026/07/29 22:56:38.549, 29, 2338, 59.64
2026/07/29 22:56:39.082, 29, 2338, 59.64
2026/07/29 22:56:39.617, 29, 2338, 59.64
2026/07/29 22:56:40.149, 29, 2338, 59.58
2026/07/29 22:56:40.680, 29, 2338, 59.64
2026/07/29 22:56:41.216, 29, 2338, 59.64
2026/07/29 22:56:41.749, 29, 2338, 59.26
2026/07/29 22:56:42.281, 29, 2338, 59.58
2026/07/29 22:56:42.816, 29, 2338, 59.32
2026/07/29 22:56:43.349, 29, 2338, 59.32
2026/07/29 22:56:43.880, 29, 2338, 59.32
2026/07/29 22:56:44.417, 29, 2338, 60.18
2026/07/29 22:56:44.948, 29, 2338, 60.24
2026/07/29 22:56:45.480, 29, 2338, 61.43
2026/07/29 22:56:46.016, 29, 2338, 59.97
2026/07/29 22:56:46.549, 29, 2338, 63.21
2026/07/29 22:56:47.080, 29, 2338, 60.50
2026/07/29 22:56:47.614, 29, 2338, 59.64
2026/07/29 22:56:48.147, 29, 2338, 60.24
2026/07/29 22:56:48.680, 29, 2338, 59.32
2026/07/29 22:56:49.216, 29, 2338, 59.58
2026/07/29 22:56:49.749, 29, 2338, 59.32
2026/07/29 22:56:50.281, 29, 2338, 59.64
2026/07/29 22:56:50.814, 29, 2338, 59.64
2026/07/29 22:56:51.347, 29, 2338, 59.58
2026/07/29 22:56:51.878, 29, 2338, 59.32
2026/07/29 22:56:52.411, 29, 2338, 59.90
2026/07/29 22:56:52.944, 29, 2338, 59.32
2026/07/29 22:56:53.476, 29, 2338, 59.64
2026/07/29 22:56:54.009, 29, 2338, 59.32
2026/07/29 22:56:54.540, 29, 2338, 59.64
2026/07/29 22:56:55.074, 29, 2338, 59.32
2026/07/29 22:56:55.606, 29, 2338, 59.32
2026/07/29 22:56:56.138, 29, 2338, 59.32
2026/07/29 22:56:56.670, 29, 2338, 59.32
2026/07/29 22:56:57.203, 29, 2338, 59.26
2026/07/29 22:56:57.735, 29, 2338, 59.32
2026/07/29 22:56:58.268, 29, 2338, 59.26
2026/07/29 22:56:58.803, 29, 2338, 59.26
2026/07/29 22:56:59.334, 29, 2338, 59.32
2026/07/29 22:56:59.866, 29, 2338, 59.58
2026/07/29 22:57:00.400, 29, 2338, 59.32
2026/07/29 22:57:00.931, 29, 2338, 59.26
2026/07/29 22:57:01.464, 29, 2338, 59.32
2026/07/29 22:57:01.997, 29, 2338, 59.32
2026/07/29 22:57:02.529, 29, 2338, 59.32
2026/07/29 22:57:03.060, 29, 2338, 59.32
2026/07/29 22:57:03.592, 29, 2338, 59.32
2026/07/29 22:57:04.125, 29, 2338, 59.32
2026/07/29 22:57:04.657, 29, 2338, 59.32
2026/07/29 22:57:05.190, 29, 2338, 59.58
2026/07/29 22:57:05.722, 29, 2338, 60.50
2026/07/29 22:57:06.254, 29, 2338, 61.43
2026/07/29 22:57:06.788, 29, 2338, 60.24
2026/07/29 22:57:07.320, 29, 2338, 61.09
2026/07/29 22:57:07.853, 29, 2338, 59.26
2026/07/29 22:57:08.385, 29, 2338, 59.64
2026/07/29 22:57:08.916, 29, 2338, 60.18
2026/07/29 22:57:09.448, 29, 2338, 59.58
2026/07/29 22:57:09.980, 29, 2338, 59.26
2026/07/29 22:57:10.517, 29, 2338, 59.64
2026/07/29 22:57:11.050, 29, 2338, 59.32
2026/07/29 22:57:11.582, 29, 2338, 59.58
2026/07/29 22:57:12.114, 29, 2338, 59.58
2026/07/29 22:57:12.647, 29, 2338, 59.32
2026/07/29 22:57:13.179, 29, 2338, 59.97
2026/07/29 22:57:13.713, 29, 2338, 59.26
2026/07/29 22:57:14.244, 29, 2338, 59.32
2026/07/29 22:57:14.776, 29, 2338, 59.64
2026/07/29 22:57:15.307, 29, 2338, 59.32
2026/07/29 22:57:15.839, 29, 2338, 59.58
2026/07/29 22:57:16.370, 29, 2338, 59.32
2026/07/29 22:57:16.902, 29, 2338, 59.32
2026/07/29 22:57:17.435, 29, 2338, 59.26
2026/07/29 22:57:17.967, 29, 2338, 59.64
2026/07/29 22:57:18.500, 29, 2338, 59.64
2026/07/29 22:57:19.033, 29, 2338, 59.64
2026/07/29 22:57:19.565, 29, 2338, 59.32
2026/07/29 22:57:20.099, 29, 2338, 59.58
2026/07/29 22:57:20.632, 29, 2338, 59.64
2026/07/29 22:57:21.163, 29, 2338, 59.64
2026/07/29 22:57:21.695, 29, 2338, 59.64
2026/07/29 22:57:22.230, 29, 2338, 59.32
2026/07/29 22:57:22.762, 29, 2338, 59.64
2026/07/29 22:57:23.294, 29, 2338, 59.64
2026/07/29 22:57:23.828, 29, 2338, 59.64
2026/07/29 22:57:24.360, 29, 2338, 59.32
2026/07/29 22:57:24.897, 29, 2338, 59.64
2026/07/29 22:57:25.429, 29, 2338, 59.64
2026/07/29 22:57:25.961, 29, 2338, 59.64
2026/07/29 22:57:26.495, 29, 2338, 60.24
2026/07/29 22:57:27.027, 29, 2338, 73.83
2026/07/29 22:57:27.560, 29, 2338, 61.43
2026/07/29 22:57:28.095, 29, 2338, 61.69
2026/07/29 22:57:28.628, 29, 2338, 59.90
2026/07/29 22:57:29.161, 29, 2338, 59.97
2026/07/29 22:57:29.694, 29, 2338, 60.57
2026/07/29 22:57:30.226, 29, 2338, 59.97
2026/07/29 22:57:30.758, 29, 2338, 59.97
2026/07/29 22:57:31.291, 29, 2338, 59.97
2026/07/29 22:57:31.823, 29, 2338, 59.64
2026/07/29 22:57:32.357, 29, 2338, 59.90
2026/07/29 22:57:32.895, 29, 2338, 59.64
2026/07/29 22:57:33.428, 29, 2338, 59.64
2026/07/29 22:57:33.960, 29, 2338, 59.58
2026/07/29 22:57:34.492, 29, 2338, 59.58
2026/07/29 22:57:35.024, 29, 2338, 59.64
2026/07/29 22:57:35.558, 29, 2338, 59.64
2026/07/29 22:57:36.089, 29, 2338, 59.64
2026/07/29 22:57:36.621, 29, 2338, 59.58
2026/07/29 22:57:37.153, 29, 2338, 59.64
2026/07/29 22:57:37.685, 29, 2338, 59.64
2026/07/29 22:57:38.217, 29, 2338, 59.64
2026/07/29 22:57:38.749, 29, 2338, 59.97
2026/07/29 22:57:39.281, 29, 2338, 59.64
2026/07/29 22:57:39.812, 29, 2338, 59.64
2026/07/29 22:57:40.343, 29, 2338, 59.64
2026/07/29 22:57:40.877, 29, 2338, 59.58
2026/07/29 22:57:41.409, 29, 2338, 59.64
2026/07/29 22:57:41.942, 29, 2338, 59.64
2026/07/29 22:57:42.474, 29, 2338, 59.64
2026/07/29 22:57:43.009, 29, 2338, 59.64
2026/07/29 22:57:43.541, 29, 2338, 59.64
2026/07/29 22:57:44.072, 29, 2338, 59.97
2026/07/29 22:57:44.604, 29, 2338, 59.64
2026/07/29 22:57:45.137, 29, 2338, 59.64
2026/07/29 22:57:45.670, 29, 2338, 59.64
2026/07/29 22:57:46.201, 29, 2338, 59.64
2026/07/29 22:57:46.733, 29, 2338, 59.64
2026/07/29 22:57:47.265, 29, 2338, 59.64
2026/07/29 22:57:47.798, 29, 2338, 59.64
2026/07/29 22:57:48.331, 29, 2338, 62.08
2026/07/29 22:57:48.864, 29, 2338, 61.69
2026/07/29 22:57:49.399, 29, 2338, 60.77
2026/07/29 22:57:49.932, 29, 2338, 59.64
2026/07/29 22:57:50.464, 29, 2338, 59.26
2026/07/29 22:57:50.996, 29, 2338, 61.16
2026/07/29 22:57:51.528, 29, 2338, 59.58
2026/07/29 22:57:52.062, 29, 2338, 59.32
2026/07/29 22:57:52.594, 29, 2338, 59.32
2026/07/29 22:57:53.126, 29, 2338, 59.32
2026/07/29 22:57:53.657, 29, 2338, 59.32
2026/07/29 22:57:54.194, 29, 2338, 59.64
2026/07/29 22:57:54.725, 29, 2338, 59.97
2026/07/29 22:57:55.257, 29, 2338, 59.64
2026/07/29 22:57:55.789, 29, 2338, 59.58
2026/07/29 22:57:56.323, 29, 2338, 59.32
2026/07/29 22:57:56.856, 29, 2338, 59.64
2026/07/29 22:57:57.389, 29, 2338, 59.32
2026/07/29 22:57:57.923, 29, 2338, 59.58
2026/07/29 22:57:58.455, 29, 2338, 59.32
2026/07/29 22:57:58.988, 29, 2338, 59.64
2026/07/29 22:57:59.521, 29, 2338, 59.64
2026/07/29 22:58:00.053, 29, 2338, 59.64
2026/07/29 22:58:00.586, 29, 2338, 59.32
2026/07/29 22:58:01.119, 29, 2338, 59.64
2026/07/29 22:58:01.650, 29, 2338, 59.26
2026/07/29 22:58:02.181, 29, 2338, 59.64
2026/07/29 22:58:02.714, 29, 2338, 59.32
2026/07/29 22:58:03.246, 29, 2338, 59.32
2026/07/29 22:58:03.779, 29, 2338, 59.26
2026/07/29 22:58:04.310, 29, 2338, 59.64
2026/07/29 22:58:04.842, 29, 2338, 59.64
2026/07/29 22:58:05.374, 29, 2338, 59.64
2026/07/29 22:58:05.910, 29, 2338, 59.64
2026/07/29 22:58:06.442, 29, 2338, 59.32
2026/07/29 22:58:06.977, 29, 2338, 59.64
2026/07/29 22:58:07.509, 29, 2338, 59.64
2026/07/29 22:58:08.041, 29, 2338, 61.16
2026/07/29 22:58:08.573, 29, 2338, 60.57
2026/07/29 22:58:09.104, 29, 2338, 59.32
2026/07/29 22:58:09.636, 29, 2338, 59.58
2026/07/29 22:58:10.168, 29, 2338, 59.97
2026/07/29 22:58:10.699, 29, 2338, 59.97
2026/07/29 22:58:11.232, 29, 2338, 59.58
2026/07/29 22:58:11.762, 29, 2338, 59.97
2026/07/29 22:58:12.295, 29, 2338, 59.64
2026/07/29 22:58:12.826, 29, 2338, 59.32
2026/07/29 22:58:13.358, 29, 2338, 59.64
2026/07/29 22:58:13.895, 29, 2338, 60.57
2026/07/29 22:58:14.427, 29, 2338, 59.97
2026/07/29 22:58:14.959, 29, 2338, 59.64
2026/07/29 22:58:15.494, 29, 2338, 59.58
2026/07/29 22:58:16.026, 29, 2338, 59.64
2026/07/29 22:58:16.558, 29, 2338, 59.64
2026/07/29 22:58:17.091, 29, 2338, 59.58
2026/07/29 22:58:17.623, 29, 2338, 59.64
2026/07/29 22:58:18.156, 29, 2338, 59.32
2026/07/29 22:58:18.687, 29, 2338, 59.64
2026/07/29 22:58:19.222, 29, 2338, 59.64
2026/07/29 22:58:19.754, 29, 2338, 59.64
2026/07/29 22:58:20.285, 29, 2338, 59.64
2026/07/29 22:58:20.817, 29, 2338, 59.64
2026/07/29 22:58:21.351, 29, 2338, 60.18
2026/07/29 22:58:21.882, 29, 2338, 59.32
2026/07/29 22:58:22.420, 29, 2338, 59.58
2026/07/29 22:58:22.953, 29, 2338, 59.58
2026/07/29 22:58:23.484, 29, 2338, 59.32
2026/07/29 22:58:24.016, 29, 2338, 59.64
2026/07/29 22:58:24.549, 29, 2338, 59.64
2026/07/29 22:58:25.082, 29, 2338, 59.64
2026/07/29 22:58:25.617, 29, 2338, 59.58
2026/07/29 22:58:26.150, 29, 2338, 59.64
2026/07/29 22:58:26.682, 29, 2338, 59.97
2026/07/29 22:58:27.214, 29, 2338, 59.64
2026/07/29 22:58:27.747, 29, 2338, 59.64
2026/07/29 22:58:28.279, 29, 2338, 59.64
2026/07/29 22:58:28.813, 29, 2338, 62.35
2026/07/29 22:58:29.346, 29, 2338, 59.64
2026/07/29 22:58:29.879, 29, 2338, 59.58
2026/07/29 22:58:30.414, 29, 2338, 60.57
2026/07/29 22:58:30.946, 29, 2338, 59.64
2026/07/29 22:58:31.477, 29, 2338, 59.64
2026/07/29 22:58:32.010, 29, 2338, 60.24
2026/07/29 22:58:32.541, 29, 2338, 59.64
2026/07/29 22:58:33.071, 29, 2338, 59.97
2026/07/29 22:58:33.603, 29, 2338, 59.97
2026/07/29 22:58:34.135, 29, 2338, 60.24
2026/07/29 22:58:34.667, 29, 2338, 59.90
2026/07/29 22:58:35.199, 29, 2338, 59.64
2026/07/29 22:58:35.731, 29, 2338, 59.64
2026/07/29 22:58:36.265, 29, 2338, 59.64
2026/07/29 22:58:36.796, 29, 2338, 59.64
2026/07/29 22:58:37.331, 29, 2338, 60.24
2026/07/29 22:58:37.862, 29, 2338, 59.64
2026/07/29 22:58:38.395, 29, 2338, 59.64
2026/07/29 22:58:38.928, 29, 2338, 59.58
2026/07/29 22:58:39.462, 29, 2338, 59.64
2026/07/29 22:58:39.995, 29, 2338, 59.64
2026/07/29 22:58:40.528, 29, 2338, 59.64
2026/07/29 22:58:41.062, 29, 2338, 59.58
2026/07/29 22:58:41.595, 29, 2338, 59.64
2026/07/29 22:58:42.129, 29, 2338, 59.64
2026/07/29 22:58:42.661, 29, 2338, 59.64
2026/07/29 22:58:43.195, 29, 2338, 59.64
2026/07/29 22:58:43.727, 29, 2338, 59.64
2026/07/29 22:58:44.260, 29, 2338, 59.97
2026/07/29 22:58:44.793, 29, 2338, 59.64
2026/07/29 22:58:45.326, 29, 2338, 59.90
2026/07/29 22:58:45.858, 29, 2338, 59.64
2026/07/29 22:58:46.390, 29, 2338, 59.64
2026/07/29 22:58:46.924, 29, 2338, 59.64
2026/07/29 22:58:47.457, 29, 2338, 59.64
2026/07/29 22:58:47.990, 29, 2338, 59.64
2026/07/29 22:58:48.523, 29, 2338, 59.64
2026/07/29 22:58:49.057, 29, 2338, 59.64
2026/07/29 22:58:49.590, 29, 2338, 59.90
2026/07/29 22:58:50.123, 29, 2338, 60.50
2026/07/29 22:58:50.656, 29, 2338, 60.83
2026/07/29 22:58:51.188, 29, 2338, 63.80
2026/07/29 22:58:51.722, 29, 2338, 61.76
2026/07/29 22:58:52.256, 29, 2338, 59.64
2026/07/29 22:58:52.788, 29, 2338, 59.64
2026/07/29 22:58:53.323, 29, 2338, 60.83
2026/07/29 22:58:53.855, 29, 2338, 59.64
2026/07/29 22:58:54.389, 29, 2338, 59.64
2026/07/29 22:58:54.923, 29, 2338, 59.64
2026/07/29 22:58:55.456, 29, 2338, 59.64
2026/07/29 22:58:55.990, 29, 2338, 60.18
2026/07/29 22:58:56.523, 29, 2338, 59.64
2026/07/29 22:58:57.056, 29, 2338, 59.97
2026/07/29 22:58:57.589, 29, 2338, 59.26
2026/07/29 22:58:58.121, 29, 2338, 59.32
2026/07/29 22:58:58.654, 29, 2338, 59.32
2026/07/29 22:58:59.186, 29, 2338, 59.64
2026/07/29 22:58:59.717, 29, 2338, 59.64
2026/07/29 22:59:00.249, 29, 2338, 59.64
2026/07/29 22:59:00.781, 29, 2338, 59.32
2026/07/29 22:59:01.313, 29, 2338, 59.64
2026/07/29 22:59:01.844, 29, 2338, 59.64
2026/07/29 22:59:02.379, 29, 2338, 59.64
2026/07/29 22:59:02.913, 29, 2338, 59.32
2026/07/29 22:59:03.445, 29, 2338, 59.64
2026/07/29 22:59:03.977, 29, 2338, 59.32
2026/07/29 22:59:04.509, 29, 2338, 59.58
2026/07/29 22:59:05.041, 29, 2338, 59.32
2026/07/29 22:59:05.573, 29, 2338, 59.64
2026/07/29 22:59:06.105, 29, 2338, 59.26
2026/07/29 22:59:06.636, 29, 2338, 59.64
2026/07/29 22:59:07.168, 29, 2338, 59.64
2026/07/29 22:59:07.702, 29, 2338, 59.26
2026/07/29 22:59:08.233, 29, 2338, 59.64
2026/07/29 22:59:08.765, 29, 2338, 59.32
2026/07/29 22:59:09.296, 29, 2338, 59.26
2026/07/29 22:59:09.828, 29, 2338, 59.32
2026/07/29 22:59:10.361, 29, 2338, 59.32
2026/07/29 22:59:10.894, 29, 2338, 59.32
2026/07/29 22:59:11.426, 29, 2338, 60.50
2026/07/29 22:59:11.957, 29, 2338, 60.57
2026/07/29 22:59:12.489, 29, 2338, 59.64
2026/07/29 22:59:13.022, 29, 2338, 60.24
2026/07/29 22:59:13.553, 29, 2338, 59.32
2026/07/29 22:59:14.084, 29, 2338, 59.97
2026/07/29 22:59:14.619, 29, 2338, 59.97
2026/07/29 22:59:15.151, 29, 2338, 59.64
2026/07/29 22:59:15.683, 29, 2338, 59.32
2026/07/29 22:59:16.215, 29, 2338, 60.18
2026/07/29 22:59:16.746, 29, 2338, 59.64
2026/07/29 22:59:17.278, 29, 2338, 59.64
2026/07/29 22:59:17.815, 29, 2338, 60.18
2026/07/29 22:59:18.348, 29, 2338, 59.64
2026/07/29 22:59:18.881, 29, 2338, 59.64
2026/07/29 22:59:19.414, 29, 2338, 59.64
2026/07/29 22:59:19.946, 29, 2338, 59.26
2026/07/29 22:59:20.478, 29, 2338, 59.90
2026/07/29 22:59:21.011, 29, 2338, 59.32
2026/07/29 22:59:21.543, 29, 2338, 59.64
2026/07/29 22:59:22.074, 29, 2338, 59.64
2026/07/29 22:59:22.606, 29, 2338, 59.64
2026/07/29 22:59:23.139, 29, 2338, 60.57
2026/07/29 22:59:23.672, 29, 2338, 59.64
2026/07/29 22:59:24.204, 29, 2338, 59.64
2026/07/29 22:59:24.737, 29, 2338, 59.58
2026/07/29 22:59:25.269, 29, 2338, 59.64
2026/07/29 22:59:25.801, 29, 2338, 59.64
2026/07/29 22:59:26.334, 29, 2338, 59.64
2026/07/29 22:59:26.866, 29, 2338, 59.58
2026/07/29 22:59:27.399, 29, 2338, 59.64
2026/07/29 22:59:27.931, 29, 2338, 59.32
2026/07/29 22:59:28.463, 29, 2338, 60.50
2026/07/29 22:59:29.000, 29, 2338, 59.32
2026/07/29 22:59:29.532, 29, 2338, 59.64
2026/07/29 22:59:30.065, 29, 2338, 59.64
2026/07/29 22:59:30.598, 29, 2338, 59.64
2026/07/29 22:59:31.130, 29, 2338, 59.64
2026/07/29 22:59:31.662, 29, 2338, 59.64
2026/07/29 22:59:32.194, 29, 2338, 59.58
2026/07/29 22:59:32.726, 29, 2338, 60.18
2026/07/29 22:59:33.257, 29, 2338, 60.83
2026/07/29 22:59:33.792, 29, 2338, 62.08
2026/07/29 22:59:34.324, 29, 2338, 60.24
2026/07/29 22:59:34.858, 29, 2338, 59.90
2026/07/29 22:59:35.391, 29, 2338, 60.83
2026/07/29 22:59:35.923, 29, 2338, 59.97
2026/07/29 22:59:36.456, 29, 2338, 60.57
2026/07/29 22:59:36.987, 29, 2338, 59.58
2026/07/29 22:59:37.519, 29, 2338, 59.97
2026/07/29 22:59:38.050, 29, 2338, 60.24
2026/07/29 22:59:38.581, 29, 2338, 59.58
2026/07/29 22:59:39.112, 29, 2338, 59.58
2026/07/29 22:59:39.644, 29, 2338, 59.64
2026/07/29 22:59:40.176, 29, 2338, 59.64
2026/07/29 22:59:40.709, 29, 2338, 59.64
2026/07/29 22:59:41.240, 29, 2338, 59.64
2026/07/29 22:59:41.772, 29, 2338, 59.64
2026/07/29 22:59:42.306, 29, 2338, 59.64
2026/07/29 22:59:42.838, 29, 2338, 59.58
2026/07/29 22:59:43.370, 29, 2338, 59.64
2026/07/29 22:59:43.901, 29, 2338, 59.64
2026/07/29 22:59:44.433, 29, 2338, 59.64
2026/07/29 22:59:44.966, 29, 2338, 59.64
2026/07/29 22:59:45.499, 29, 2338, 59.64
2026/07/29 22:59:46.033, 29, 2338, 59.64
2026/07/29 22:59:46.565, 29, 2338, 59.58
2026/07/29 22:59:47.099, 29, 2338, 59.64
2026/07/29 22:59:47.630, 29, 2338, 59.64
2026/07/29 22:59:48.162, 29, 2338, 59.97
2026/07/29 22:59:48.695, 29, 2338, 59.64
2026/07/29 22:59:49.227, 29, 2338, 59.64
2026/07/29 22:59:49.759, 29, 2338, 59.64
2026/07/29 22:59:50.292, 29, 2338, 59.64
2026/07/29 22:59:50.825, 29, 2338, 59.58
2026/07/29 22:59:51.359, 29, 2338, 59.64
2026/07/29 22:59:51.891, 29, 2338, 59.64
2026/07/29 22:59:52.425, 29, 2338, 59.64
2026/07/29 22:59:52.956, 29, 2338, 59.58
2026/07/29 22:59:53.490, 29, 2338, 59.64
2026/07/29 22:59:54.022, 29, 2338, 60.24
2026/07/29 22:59:54.556, 29, 2338, 59.64
2026/07/29 22:59:55.088, 29, 2338, 62.95
2026/07/29 22:59:55.621, 29, 2338, 61.16
2026/07/29 22:59:56.155, 29, 2338, 60.24
2026/07/29 22:59:56.688, 29, 2338, 59.64
2026/07/29 22:59:57.222, 29, 2338, 59.97
2026/07/29 22:59:57.755, 29, 2338, 60.24
2026/07/29 22:59:58.288, 29, 2338, 60.24
2026/07/29 22:59:58.822, 29, 2338, 59.64
2026/07/29 22:59:59.356, 29, 2338, 59.97
2026/07/29 22:59:59.888, 29, 2338, 60.24
2026/07/29 23:00:00.420, 29, 2338, 59.97
2026/07/29 23:00:00.952, 29, 2338, 59.64
2026/07/29 23:00:01.483, 29, 2338, 59.64
2026/07/29 23:00:02.014, 29, 2338, 59.64
2026/07/29 23:00:02.545, 29, 2338, 59.64
2026/07/29 23:00:03.076, 29, 2338, 59.26
2026/07/29 23:00:03.606, 29, 2338, 59.32
2026/07/29 23:00:04.137, 29, 2338, 59.64
2026/07/29 23:00:04.669, 29, 2338, 59.32
2026/07/29 23:00:05.202, 29, 2338, 59.32
2026/07/29 23:00:05.734, 29, 2338, 59.26
2026/07/29 23:00:06.266, 29, 2338, 59.32
2026/07/29 23:00:06.798, 29, 2338, 59.32
2026/07/29 23:00:07.329, 29, 2338, 59.26
2026/07/29 23:00:07.862, 29, 2338, 59.26
2026/07/29 23:00:08.395, 29, 2338, 59.32
2026/07/29 23:00:08.928, 29, 2338, 59.32
2026/07/29 23:00:09.461, 29, 2338, 59.64
2026/07/29 23:00:09.993, 29, 2338, 59.32
2026/07/29 23:00:10.525, 29, 2338, 59.32
2026/07/29 23:00:11.058, 29, 2338, 59.32
2026/07/29 23:00:11.590, 29, 2338, 59.26
2026/07/29 23:00:12.122, 29, 2338, 59.26
2026/07/29 23:00:12.653, 29, 2338, 59.32
2026/07/29 23:00:13.188, 29, 2338, 59.32
2026/07/29 23:00:13.720, 29, 2338, 59.32
2026/07/29 23:00:14.252, 29, 2338, 59.32
2026/07/29 23:00:14.784, 29, 2338, 59.58
2026/07/29 23:00:15.317, 29, 2338, 59.26
2026/07/29 23:00:15.849, 29, 2338, 62.08
2026/07/29 23:00:16.382, 29, 2338, 59.26
2026/07/29 23:00:16.918, 29, 2338, 62.88
2026/07/29 23:00:17.450, 29, 2338, 59.58
2026/07/29 23:00:17.984, 29, 2338, 59.58
2026/07/29 23:00:18.521, 29, 2338, 61.69
2026/07/29 23:00:19.053, 29, 2338, 59.32
2026/07/29 23:00:19.585, 29, 2338, 59.64
2026/07/29 23:00:20.118, 29, 2338, 59.32
2026/07/29 23:00:20.650, 29, 2338, 59.32
2026/07/29 23:00:21.184, 29, 2338, 59.64
2026/07/29 23:00:21.715, 29, 2338, 59.64
2026/07/29 23:00:22.248, 29, 2338, 59.64
2026/07/29 23:00:22.781, 29, 2338, 59.64
2026/07/29 23:00:23.315, 29, 2338, 59.58
2026/07/29 23:00:23.848, 29, 2338, 59.58
2026/07/29 23:00:24.382, 29, 2338, 59.32
2026/07/29 23:00:24.915, 29, 2338, 59.97
2026/07/29 23:00:25.450, 29, 2338, 59.64
2026/07/29 23:00:25.981, 29, 2338, 59.32
2026/07/29 23:00:26.514, 29, 2338, 59.64
2026/07/29 23:00:27.046, 29, 2338, 59.64
2026/07/29 23:00:27.578, 29, 2338, 59.64
2026/07/29 23:00:28.109, 29, 2338, 59.26
2026/07/29 23:00:28.643, 29, 2338, 60.24
2026/07/29 23:00:29.179, 29, 2338, 59.64
2026/07/29 23:00:29.715, 29, 2338, 59.64
2026/07/29 23:00:30.248, 29, 2338, 59.64
2026/07/29 23:00:30.781, 29, 2338, 59.32
2026/07/29 23:00:31.317, 29, 2338, 59.64
2026/07/29 23:00:31.849, 29, 2338, 59.64
2026/07/29 23:00:32.382, 29, 2338, 59.58
2026/07/29 23:00:32.914, 29, 2338, 59.58
2026/07/29 23:00:33.445, 29, 2338, 59.58
2026/07/29 23:00:33.976, 29, 2338, 59.64
2026/07/29 23:00:34.509, 29, 2338, 59.64
2026/07/29 23:00:35.042, 29, 2338, 59.32
2026/07/29 23:00:35.573, 29, 2338, 59.64
2026/07/29 23:00:36.104, 29, 2338, 59.64
2026/07/29 23:00:36.636, 29, 2338, 59.64
2026/07/29 23:00:37.169, 29, 2338, 59.97
2026/07/29 23:00:37.700, 29, 2338, 59.64
2026/07/29 23:00:38.233, 29, 2338, 60.24
2026/07/29 23:00:38.767, 29, 2338, 61.36
2026/07/29 23:00:39.299, 29, 2338, 60.50
2026/07/29 23:00:39.831, 29, 2338, 60.24
2026/07/29 23:00:40.364, 29, 2338, 66.30
2026/07/29 23:00:40.896, 29, 2338, 60.57
2026/07/29 23:00:41.429, 29, 2338, 59.58
2026/07/29 23:00:41.960, 29, 2338, 59.64
2026/07/29 23:00:42.490, 29, 2338, 60.24
2026/07/29 23:00:43.022, 29, 2338, 59.58
2026/07/29 23:00:43.556, 29, 2338, 59.58
2026/07/29 23:00:44.088, 29, 2338, 59.64
2026/07/29 23:00:44.622, 29, 2338, 59.64
2026/07/29 23:00:45.154, 29, 2338, 59.64
2026/07/29 23:00:45.687, 29, 2338, 59.64
2026/07/29 23:00:46.220, 29, 2338, 59.58
2026/07/29 23:00:46.752, 29, 2338, 59.64
2026/07/29 23:00:47.284, 29, 2338, 59.64
2026/07/29 23:00:47.817, 29, 2338, 59.64
2026/07/29 23:00:48.349, 29, 2338, 59.64
2026/07/29 23:00:48.882, 29, 2338, 59.64
2026/07/29 23:00:49.419, 29, 2338, 59.64
2026/07/29 23:00:49.950, 29, 2338, 59.58
2026/07/29 23:00:50.483, 29, 2338, 59.58
2026/07/29 23:00:51.019, 29, 2338, 59.64
2026/07/29 23:00:51.553, 29, 2338, 59.64
2026/07/29 23:00:52.088, 29, 2338, 59.64
2026/07/29 23:00:52.621, 29, 2338, 59.64
2026/07/29 23:00:53.154, 29, 2338, 59.64
2026/07/29 23:00:53.684, 29, 2338, 59.32
2026/07/29 23:00:54.218, 29, 2338, 59.64
2026/07/29 23:00:54.751, 29, 2338, 59.64
2026/07/29 23:00:55.284, 29, 2338, 59.64
2026/07/29 23:00:55.820, 29, 2338, 59.64
2026/07/29 23:00:56.353, 29, 2338, 59.58
2026/07/29 23:00:56.886, 29, 2338, 59.58
2026/07/29 23:00:57.420, 29, 2338, 59.64
2026/07/29 23:00:57.952, 29, 2338, 59.64
2026/07/29 23:00:58.484, 29, 2338, 59.58
2026/07/29 23:00:59.017, 29, 2338, 59.97
2026/07/29 23:00:59.549, 29, 2338, 60.57
2026/07/29 23:01:00.082, 29, 2338, 61.76
2026/07/29 23:01:00.615, 29, 2338, 59.26
2026/07/29 23:01:01.148, 29, 2338, 60.57
2026/07/29 23:01:01.680, 29, 2338, 59.64
2026/07/29 23:01:02.214, 29, 2338, 61.43
2026/07/29 23:01:02.746, 29, 2338, 59.58
2026/07/29 23:01:03.281, 29, 2338, 59.58
2026/07/29 23:01:03.816, 29, 2338, 60.24
2026/07/29 23:01:04.348, 29, 2338, 59.64
2026/07/29 23:01:04.881, 29, 2338, 59.64
2026/07/29 23:01:05.417, 29, 2338, 60.24
2026/07/29 23:01:05.950, 29, 2338, 59.32
2026/07/29 23:01:06.482, 29, 2338, 59.90
2026/07/29 23:01:07.015, 29, 2338, 59.64
2026/07/29 23:01:07.548, 29, 2338, 60.18
2026/07/29 23:01:08.081, 29, 2338, 59.64
2026/07/29 23:01:08.614, 29, 2338, 59.58
2026/07/29 23:01:09.146, 29, 2338, 59.58
2026/07/29 23:01:09.677, 29, 2338, 59.64
2026/07/29 23:01:10.209, 29, 2338, 59.32
2026/07/29 23:01:10.742, 29, 2338, 59.64
2026/07/29 23:01:11.276, 29, 2338, 59.32
2026/07/29 23:01:11.808, 29, 2338, 59.32
2026/07/29 23:01:12.342, 29, 2338, 59.32
2026/07/29 23:01:12.874, 29, 2338, 59.32
2026/07/29 23:01:13.406, 29, 2338, 59.32
2026/07/29 23:01:13.937, 29, 2338, 59.26
2026/07/29 23:01:14.468, 29, 2338, 59.32
2026/07/29 23:01:15.001, 29, 2338, 59.32
2026/07/29 23:01:15.533, 29, 2338, 59.32
2026/07/29 23:01:16.066, 29, 2338, 59.58
2026/07/29 23:01:16.597, 29, 2338, 59.32
2026/07/29 23:01:17.129, 29, 2338, 59.32
2026/07/29 23:01:17.661, 29, 2338, 59.32
2026/07/29 23:01:18.193, 29, 2338, 59.26
2026/07/29 23:01:18.725, 29, 2338, 59.32
2026/07/29 23:01:19.256, 29, 2338, 59.32
2026/07/29 23:01:19.789, 29, 2338, 59.32
2026/07/29 23:01:20.322, 29, 2338, 59.32
2026/07/29 23:01:20.855, 29, 2338, 59.32
2026/07/29 23:01:21.388, 29, 2338, 59.64
2026/07/29 23:01:21.921, 29, 2338, 60.57
2026/07/29 23:01:22.452, 29, 2338, 61.69
2026/07/29 23:01:22.988, 29, 2338, 62.28
2026/07/29 23:01:23.521, 29, 2338, 59.26
2026/07/29 23:01:24.053, 29, 2338, 61.16
2026/07/29 23:01:24.585, 29, 2338, 59.97
2026/07/29 23:01:25.118, 29, 2338, 60.57
2026/07/29 23:01:25.650, 29, 2338, 59.32
2026/07/29 23:01:26.183, 29, 2338, 59.32
2026/07/29 23:01:26.720, 29, 2338, 59.64
2026/07/29 23:01:27.253, 29, 2338, 59.64
2026/07/29 23:01:27.786, 29, 2338, 61.76
2026/07/29 23:01:28.318, 29, 2338, 59.97
2026/07/29 23:01:28.850, 29, 2338, 59.64
2026/07/29 23:01:29.381, 29, 2338, 59.32
2026/07/29 23:01:29.915, 29, 2338, 59.32
2026/07/29 23:01:30.448, 29, 2338, 59.32
2026/07/29 23:01:30.981, 29, 2338, 59.64
2026/07/29 23:01:31.514, 29, 2338, 59.32
2026/07/29 23:01:32.047, 29, 2338, 59.32
2026/07/29 23:01:32.578, 29, 2338, 59.32
2026/07/29 23:01:33.115, 29, 2338, 59.32
2026/07/29 23:01:33.646, 29, 2338, 59.26
2026/07/29 23:01:34.177, 29, 2338, 59.32
2026/07/29 23:01:34.710, 29, 2338, 59.32
2026/07/29 23:01:35.241, 29, 2338, 60.24
2026/07/29 23:01:35.775, 29, 2338, 59.32
2026/07/29 23:01:36.309, 29, 2338, 59.32
2026/07/29 23:01:36.841, 29, 2338, 59.32
2026/07/29 23:01:37.372, 29, 2338, 59.64
2026/07/29 23:01:37.904, 29, 2338, 59.32
2026/07/29 23:01:38.436, 29, 2338, 59.32
2026/07/29 23:01:38.968, 29, 2338, 59.32
2026/07/29 23:01:39.500, 29, 2338, 59.32
2026/07/29 23:01:40.033, 29, 2338, 59.32
2026/07/29 23:01:40.565, 29, 2338, 60.24
2026/07/29 23:01:41.099, 29, 2338, 59.32
2026/07/29 23:01:41.632, 29, 2338, 59.64
2026/07/29 23:01:42.164, 29, 2338, 59.32
2026/07/29 23:01:42.696, 29, 2338, 59.32
2026/07/29 23:01:43.228, 29, 2338, 59.26
2026/07/29 23:01:43.760, 29, 2338, 59.32
2026/07/29 23:01:44.295, 29, 2338, 59.32
2026/07/29 23:01:44.826, 29, 2338, 59.32
2026/07/29 23:01:45.358, 29, 2338, 59.32
2026/07/29 23:01:45.890, 29, 2338, 61.43
2026/07/29 23:01:46.423, 29, 2338, 59.32
2026/07/29 23:01:46.955, 29, 2338, 59.90
2026/07/29 23:01:47.486, 29, 2338, 60.83
2026/07/29 23:01:48.020, 29, 2338, 59.64
2026/07/29 23:01:48.553, 29, 2338, 60.24
2026/07/29 23:01:49.085, 29, 2338, 60.50
2026/07/29 23:01:49.617, 29, 2338, 59.32
2026/07/29 23:01:50.150, 29, 2338, 59.58
2026/07/29 23:01:50.682, 29, 2338, 59.26
2026/07/29 23:01:51.216, 29, 2338, 60.18
2026/07/29 23:01:51.747, 29, 2338, 59.58
2026/07/29 23:01:52.280, 29, 2338, 59.64
2026/07/29 23:01:52.811, 29, 2338, 59.64
2026/07/29 23:01:53.341, 29, 2338, 59.64
2026/07/29 23:01:53.874, 29, 2338, 59.64
2026/07/29 23:01:54.410, 29, 2338, 59.26
2026/07/29 23:01:54.942, 29, 2338, 59.58
2026/07/29 23:01:55.474, 29, 2338, 59.26
2026/07/29 23:01:56.006, 29, 2338, 59.64
2026/07/29 23:01:56.539, 29, 2338, 60.24
2026/07/29 23:01:57.071, 29, 2338, 59.32
2026/07/29 23:01:57.602, 29, 2338, 59.26
2026/07/29 23:01:58.135, 29, 2338, 59.64
2026/07/29 23:01:58.666, 29, 2338, 59.32
2026/07/29 23:01:59.198, 29, 2338, 59.58
2026/07/29 23:01:59.731, 29, 2338, 59.32
2026/07/29 23:02:00.264, 29, 2338, 59.64
2026/07/29 23:02:00.801, 29, 2338, 59.32
2026/07/29 23:02:01.333, 29, 2338, 59.64
2026/07/29 23:02:01.865, 29, 2338, 59.64
2026/07/29 23:02:02.401, 29, 2338, 59.32
2026/07/29 23:02:02.936, 29, 2338, 59.64
2026/07/29 23:02:03.468, 29, 2338, 59.64
2026/07/29 23:02:04.000, 29, 2338, 59.64
2026/07/29 23:02:04.532, 29, 2338, 59.64
2026/07/29 23:02:05.065, 29, 2338, 59.32
2026/07/29 23:02:05.596, 29, 2338, 59.26
2026/07/29 23:02:06.130, 29, 2338, 59.64
2026/07/29 23:02:06.662, 29, 2338, 62.08
2026/07/29 23:02:07.194, 29, 2338, 60.57
2026/07/29 23:02:07.725, 29, 2338, 60.57
2026/07/29 23:02:08.257, 29, 2338, 59.64
2026/07/29 23:02:08.788, 29, 2338, 59.97
2026/07/29 23:02:09.320, 29, 2338, 59.58
2026/07/29 23:02:09.852, 29, 2338, 59.64
2026/07/29 23:02:10.388, 29, 2338, 59.64
2026/07/29 23:02:10.921, 29, 2338, 59.90
2026/07/29 23:02:11.453, 29, 2338, 59.64
2026/07/29 23:02:11.986, 29, 2338, 59.97
2026/07/29 23:02:12.516, 29, 2338, 60.24
2026/07/29 23:02:13.049, 29, 2338, 59.64
2026/07/29 23:02:13.579, 29, 2338, 59.64
2026/07/29 23:02:14.111, 29, 2338, 59.64
2026/07/29 23:02:14.643, 29, 2338, 59.58
2026/07/29 23:02:15.176, 29, 2338, 59.58
2026/07/29 23:02:15.709, 29, 2338, 59.32
2026/07/29 23:02:16.241, 29, 2338, 59.97
2026/07/29 23:02:16.774, 29, 2338, 59.32
2026/07/29 23:02:17.310, 29, 2338, 59.32
2026/07/29 23:02:17.842, 29, 2338, 59.64
2026/07/29 23:02:18.375, 29, 2338, 59.32
2026/07/29 23:02:18.908, 29, 2338, 59.26
2026/07/29 23:02:19.442, 29, 2338, 59.32
2026/07/29 23:02:19.974, 29, 2338, 59.26
2026/07/29 23:02:20.507, 29, 2338, 59.32
2026/07/29 23:02:21.040, 29, 2338, 59.32
2026/07/29 23:02:21.573, 29, 2338, 59.32
2026/07/29 23:02:22.109, 29, 2338, 59.32
2026/07/29 23:02:22.642, 29, 2338, 59.32
2026/07/29 23:02:23.176, 29, 2338, 59.32
2026/07/29 23:02:23.706, 29, 2338, 59.32
2026/07/29 23:02:24.238, 29, 2338, 59.32
2026/07/29 23:02:24.771, 29, 2338, 59.97
2026/07/29 23:02:25.306, 29, 2338, 59.32
2026/07/29 23:02:25.838, 29, 2338, 59.32
2026/07/29 23:02:26.371, 29, 2338, 59.32
2026/07/29 23:02:26.903, 29, 2338, 59.32
2026/07/29 23:02:27.437, 29, 2338, 59.32
2026/07/29 23:02:27.969, 29, 2338, 59.32
2026/07/29 23:02:28.502, 29, 2338, 62.95
2026/07/29 23:02:29.035, 29, 2338, 59.32
2026/07/29 23:02:29.567, 29, 2338, 59.32
2026/07/29 23:02:30.101, 29, 2338, 65.59
2026/07/29 23:02:30.634, 29, 2338, 59.97
2026/07/29 23:02:31.166, 29, 2338, 59.32
2026/07/29 23:02:31.699, 29, 2338, 60.24
2026/07/29 23:02:32.231, 29, 2338, 59.64
2026/07/29 23:02:32.764, 29, 2338, 59.97
2026/07/29 23:02:33.299, 29, 2338, 59.32
2026/07/29 23:02:33.832, 29, 2338, 59.64
2026/07/29 23:02:34.364, 29, 2338, 59.64
2026/07/29 23:02:34.896, 29, 2338, 59.64
2026/07/29 23:02:35.427, 29, 2338, 59.64
2026/07/29 23:02:35.960, 29, 2338, 59.58
2026/07/29 23:02:36.492, 29, 2338, 59.32
2026/07/29 23:02:37.025, 29, 2338, 59.97
2026/07/29 23:02:37.559, 29, 2338, 59.32
2026/07/29 23:02:38.091, 29, 2338, 59.32
2026/07/29 23:02:38.623, 29, 2338, 59.32
2026/07/29 23:02:39.155, 29, 2338, 59.32
2026/07/29 23:02:39.688, 29, 2338, 59.26
2026/07/29 23:02:40.221, 29, 2338, 59.64
2026/07/29 23:02:40.753, 29, 2338, 59.64
2026/07/29 23:02:41.287, 29, 2338, 59.32
2026/07/29 23:02:41.821, 29, 2338, 59.26
2026/07/29 23:02:42.353, 29, 2338, 59.97
2026/07/29 23:02:42.888, 29, 2338, 59.32
2026/07/29 23:02:43.421, 29, 2338, 59.58
2026/07/29 23:02:43.954, 29, 2338, 59.32
2026/07/29 23:02:44.488, 29, 2338, 59.64
2026/07/29 23:02:45.021, 29, 2338, 59.64
2026/07/29 23:02:45.553, 29, 2338, 59.64
2026/07/29 23:02:46.086, 29, 2338, 59.64
2026/07/29 23:02:46.618, 29, 2338, 59.64
2026/07/29 23:02:47.150, 29, 2338, 59.32
2026/07/29 23:02:47.681, 29, 2338, 59.64
2026/07/29 23:02:48.216, 29, 2338, 59.64
2026/07/29 23:02:48.747, 29, 2338, 59.64
2026/07/29 23:02:49.279, 29, 2338, 59.64
2026/07/29 23:02:49.814, 29, 2338, 59.64
2026/07/29 23:02:50.347, 29, 2338, 60.57
2026/07/29 23:02:50.880, 29, 2338, 59.97
2026/07/29 23:02:51.416, 29, 2338, 60.77
2026/07/29 23:02:51.948, 29, 2338, 59.32
2026/07/29 23:02:52.481, 29, 2338, 60.83
2026/07/29 23:02:53.013, 29, 2338, 59.64
2026/07/29 23:02:53.545, 29, 2338, 60.24
2026/07/29 23:02:54.078, 29, 2338, 59.64
2026/07/29 23:02:54.612, 29, 2338, 60.24
2026/07/29 23:02:55.144, 29, 2338, 59.64
2026/07/29 23:02:55.677, 29, 2338, 59.64
2026/07/29 23:02:56.209, 29, 2338, 59.64
2026/07/29 23:02:56.742, 29, 2338, 59.97
2026/07/29 23:02:57.274, 29, 2338, 59.64
2026/07/29 23:02:57.806, 29, 2338, 59.64
2026/07/29 23:02:58.338, 29, 2338, 59.64
2026/07/29 23:02:58.871, 29, 2338, 59.64
2026/07/29 23:02:59.403, 29, 2338, 59.64
2026/07/29 23:02:59.934, 29, 2338, 59.32
2026/07/29 23:03:00.463, 29, 2338, 59.64
2026/07/29 23:03:00.994, 29, 2338, 59.64
2026/07/29 23:03:01.525, 29, 2338, 59.64
2026/07/29 23:03:02.056, 29, 2338, 59.64
2026/07/29 23:03:02.587, 29, 2338, 59.64
2026/07/29 23:03:03.119, 29, 2338, 59.64
2026/07/29 23:03:03.652, 29, 2338, 59.90
2026/07/29 23:03:04.184, 29, 2338, 59.58
2026/07/29 23:03:04.715, 29, 2338, 59.58
2026/07/29 23:03:05.248, 29, 2338, 59.58
2026/07/29 23:03:05.780, 29, 2338, 59.64
2026/07/29 23:03:06.315, 29, 2338, 59.58
2026/07/29 23:03:06.848, 29, 2338, 59.58
2026/07/29 23:03:07.382, 29, 2338, 59.64
2026/07/29 23:03:07.913, 29, 2338, 59.64
2026/07/29 23:03:08.444, 29, 2338, 59.58
2026/07/29 23:03:08.977, 29, 2338, 60.24
2026/07/29 23:03:09.512, 29, 2338, 59.64
2026/07/29 23:03:10.044, 29, 2338, 59.58
2026/07/29 23:03:10.576, 29, 2338, 59.58
2026/07/29 23:03:11.109, 29, 2338, 62.02
2026/07/29 23:03:11.641, 29, 2338, 60.77
2026/07/29 23:03:12.173, 29, 2338, 61.16
2026/07/29 23:03:12.703, 29, 2338, 60.24
2026/07/29 23:03:13.234, 29, 2338, 61.09
2026/07/29 23:03:13.765, 29, 2338, 59.64
2026/07/29 23:03:14.298, 29, 2338, 60.83
2026/07/29 23:03:14.832, 29, 2338, 59.64
2026/07/29 23:03:15.365, 29, 2338, 60.57
2026/07/29 23:03:15.896, 29, 2338, 59.97
2026/07/29 23:03:16.429, 29, 2338, 60.18
2026/07/29 23:03:16.962, 29, 2338, 59.64
2026/07/29 23:03:17.495, 29, 2338, 59.64
2026/07/29 23:03:18.027, 29, 2338, 59.90
2026/07/29 23:03:18.560, 29, 2338, 59.64
2026/07/29 23:03:19.095, 29, 2338, 59.64
2026/07/29 23:03:19.626, 29, 2338, 60.24
2026/07/29 23:03:20.160, 29, 2338, 59.64
2026/07/29 23:03:20.695, 29, 2338, 59.64
2026/07/29 23:03:21.228, 29, 2338, 59.64
2026/07/29 23:03:21.760, 29, 2338, 59.64
2026/07/29 23:03:22.296, 29, 2338, 59.64
2026/07/29 23:03:22.829, 29, 2338, 59.64
2026/07/29 23:03:23.362, 29, 2338, 59.58
2026/07/29 23:03:23.900, 29, 2338, 59.58
2026/07/29 23:03:24.433, 29, 2338, 59.32
2026/07/29 23:03:24.966, 29, 2338, 59.32
2026/07/29 23:03:25.503, 29, 2338, 59.32
2026/07/29 23:03:26.035, 29, 2338, 59.32
2026/07/29 23:03:26.570, 29, 2338, 59.32
2026/07/29 23:03:27.102, 29, 2338, 59.64
2026/07/29 23:03:27.633, 29, 2338, 59.58
2026/07/29 23:03:28.164, 29, 2338, 60.18
2026/07/29 23:03:28.697, 29, 2338, 59.64
2026/07/29 23:03:29.230, 29, 2338, 59.64
2026/07/29 23:03:29.761, 29, 2338, 59.32
2026/07/29 23:03:30.293, 29, 2338, 59.32
2026/07/29 23:03:30.824, 29, 2338, 59.32
2026/07/29 23:03:31.356, 29, 2338, 59.32
2026/07/29 23:03:31.889, 29, 2338, 59.64
2026/07/29 23:03:32.420, 29, 2338, 59.32
2026/07/29 23:03:32.952, 29, 2338, 63.47
2026/07/29 23:03:33.484, 29, 2338, 60.50
2026/07/29 23:03:34.017, 29, 2338, 59.26
2026/07/29 23:03:34.551, 29, 2338, 61.43
2026/07/29 23:03:35.084, 29, 2338, 59.97
2026/07/29 23:03:35.616, 29, 2338, 59.97
2026/07/29 23:03:36.149, 29, 2338, 59.58
2026/07/29 23:03:36.682, 29, 2338, 59.64
2026/07/29 23:03:37.217, 29, 2338, 59.26
2026/07/29 23:03:37.748, 29, 2338, 59.64
2026/07/29 23:03:38.280, 29, 2338, 59.32
2026/07/29 23:03:38.816, 29, 2338, 59.97
2026/07/29 23:03:39.349, 29, 2338, 59.90
2026/07/29 23:03:39.881, 29, 2338, 59.32
2026/07/29 23:03:40.416, 29, 2338, 59.32
2026/07/29 23:03:40.948, 29, 2338, 59.64
2026/07/29 23:03:41.481, 29, 2338, 59.32
2026/07/29 23:03:42.019, 29, 2338, 59.64
2026/07/29 23:03:42.550, 29, 2338, 59.32
2026/07/29 23:03:43.084, 29, 2338, 59.32
2026/07/29 23:03:43.617, 29, 2338, 59.32
2026/07/29 23:03:44.148, 29, 2338, 59.64
2026/07/29 23:03:44.680, 29, 2338, 59.64
2026/07/29 23:03:45.216, 29, 2338, 59.64
2026/07/29 23:03:45.750, 29, 2338, 59.64
2026/07/29 23:03:46.281, 29, 2338, 59.32
2026/07/29 23:03:46.814, 29, 2338, 59.32
2026/07/29 23:03:47.348, 29, 2338, 59.32
2026/07/29 23:03:47.881, 29, 2338, 59.64
2026/07/29 23:03:48.413, 29, 2338, 59.32
2026/07/29 23:03:48.945, 29, 2338, 59.32
2026/07/29 23:03:49.476, 29, 2338, 59.64
2026/07/29 23:03:50.011, 29, 2338, 59.64
2026/07/29 23:03:50.543, 29, 2338, 59.64
2026/07/29 23:03:51.075, 29, 2338, 59.64
2026/07/29 23:03:51.608, 29, 2338, 59.64
2026/07/29 23:03:52.141, 29, 2338, 59.32
2026/07/29 23:03:52.674, 29, 2338, 59.58
2026/07/29 23:03:53.207, 29, 2338, 59.64
2026/07/29 23:03:53.741, 29, 2338, 59.64
2026/07/29 23:03:54.273, 29, 2338, 59.64
2026/07/29 23:03:54.804, 29, 2338, 59.64
2026/07/29 23:03:55.338, 29, 2338, 60.50
2026/07/29 23:03:55.871, 29, 2338, 59.58
2026/07/29 23:03:56.403, 29, 2338, 59.58
2026/07/29 23:03:56.935, 29, 2338, 59.64
2026/07/29 23:03:57.465, 29, 2338, 59.64
2026/07/29 23:03:57.997, 29, 2338, 59.32
2026/07/29 23:03:58.529, 29, 2338, 59.64
2026/07/29 23:03:59.062, 29, 2338, 59.97
2026/07/29 23:03:59.594, 29, 2338, 59.64
2026/07/29 23:04:00.125, 29, 2338, 59.32
2026/07/29 23:04:00.656, 29, 2338, 59.64
2026/07/29 23:04:01.188, 29, 2338, 59.32
2026/07/29 23:04:01.722, 29, 2338, 59.90
2026/07/29 23:04:02.254, 29, 2338, 59.64
2026/07/29 23:04:02.788, 29, 2338, 59.64
2026/07/29 23:04:03.320, 29, 2338, 59.26
2026/07/29 23:04:03.850, 29, 2338, 59.32
2026/07/29 23:04:04.384, 29, 2338, 59.32
2026/07/29 23:04:04.918, 29, 2338, 59.64
2026/07/29 23:04:05.450, 29, 2338, 59.58
2026/07/29 23:04:05.983, 29, 2338, 59.64
2026/07/29 23:04:06.516, 29, 2338, 59.64
2026/07/29 23:04:07.049, 29, 2338, 59.58
2026/07/29 23:04:07.580, 29, 2338, 59.64
2026/07/29 23:04:08.113, 29, 2338, 59.64
2026/07/29 23:04:08.645, 29, 2338, 59.64
2026/07/29 23:04:09.178, 29, 2338, 59.64
2026/07/29 23:04:09.716, 29, 2338, 59.64
2026/07/29 23:04:10.249, 29, 2338, 59.32
2026/07/29 23:04:10.781, 29, 2338, 59.64
2026/07/29 23:04:11.313, 29, 2338, 59.64
2026/07/29 23:04:11.845, 29, 2338, 59.64
2026/07/29 23:04:12.378, 29, 2338, 59.26
2026/07/29 23:04:12.910, 29, 2338, 59.58
2026/07/29 23:04:13.442, 29, 2338, 59.64
2026/07/29 23:04:13.974, 29, 2338, 59.32
2026/07/29 23:04:14.509, 29, 2338, 59.64
2026/07/29 23:04:15.042, 29, 2338, 59.64
2026/07/29 23:04:15.576, 29, 2338, 59.97
2026/07/29 23:04:16.109, 29, 2338, 59.64
2026/07/29 23:04:16.641, 29, 2338, 59.64
2026/07/29 23:04:17.174, 29, 2338, 59.64
2026/07/29 23:04:17.707, 29, 2338, 59.32
2026/07/29 23:04:18.239, 29, 2338, 60.57
2026/07/29 23:04:18.771, 29, 2338, 60.24
2026/07/29 23:04:19.304, 29, 2338, 59.97
2026/07/29 23:04:19.837, 29, 2338, 59.64
2026/07/29 23:04:20.370, 29, 2338, 59.97
2026/07/29 23:04:20.901, 29, 2338, 59.97
2026/07/29 23:04:21.435, 29, 2338, 59.64
2026/07/29 23:04:21.968, 29, 2338, 59.64
2026/07/29 23:04:22.500, 29, 2338, 59.97
2026/07/29 23:04:23.033, 29, 2338, 59.97
2026/07/29 23:04:23.564, 29, 2338, 59.97
2026/07/29 23:04:24.096, 29, 2338, 59.58
2026/07/29 23:04:24.629, 29, 2338, 59.64
2026/07/29 23:04:25.161, 29, 2338, 59.64
2026/07/29 23:04:25.695, 29, 2338, 59.64
2026/07/29 23:04:26.227, 29, 2338, 59.64
2026/07/29 23:04:26.757, 29, 2338, 59.64
2026/07/29 23:04:27.289, 29, 2338, 59.64
2026/07/29 23:04:27.821, 29, 2338, 59.64
2026/07/29 23:04:28.351, 29, 2338, 59.64
2026/07/29 23:04:28.885, 29, 2338, 59.64
2026/07/29 23:04:29.416, 29, 2338, 59.64
2026/07/29 23:04:29.947, 29, 2338, 59.58
2026/07/29 23:04:30.480, 29, 2338, 59.64
2026/07/29 23:04:31.018, 29, 2338, 59.64
2026/07/29 23:04:31.551, 29, 2338, 59.32
2026/07/29 23:04:32.083, 29, 2338, 59.26
2026/07/29 23:04:32.617, 29, 2338, 59.32
2026/07/29 23:04:33.149, 29, 2338, 59.32
2026/07/29 23:04:33.681, 29, 2338, 59.26
2026/07/29 23:04:34.216, 29, 2338, 59.26
2026/07/29 23:04:34.750, 29, 2338, 59.32
2026/07/29 23:04:35.282, 29, 2338, 59.64
2026/07/29 23:04:35.814, 29, 2338, 59.26
2026/07/29 23:04:36.346, 29, 2338, 59.32
2026/07/29 23:04:36.878, 29, 2338, 59.32
2026/07/29 23:04:37.413, 29, 2338, 59.32
2026/07/29 23:04:37.945, 29, 2338, 59.32
2026/07/29 23:04:38.477, 29, 2338, 63.47
2026/07/29 23:04:39.010, 29, 2338, 59.32
2026/07/29 23:04:39.542, 29, 2338, 59.32
2026/07/29 23:04:40.075, 29, 2338, 59.32
2026/07/29 23:04:40.606, 29, 2338, 59.64
2026/07/29 23:04:41.138, 29, 2338, 59.32
2026/07/29 23:04:41.671, 29, 2338, 59.32
2026/07/29 23:04:42.205, 29, 2338, 59.32
2026/07/29 23:04:42.737, 29, 2338, 59.32
2026/07/29 23:04:43.270, 29, 2338, 59.32
2026/07/29 23:04:43.804, 29, 2338, 59.32
2026/07/29 23:04:44.336, 29, 2338, 59.32
2026/07/29 23:04:44.867, 29, 2338, 60.24
2026/07/29 23:04:45.398, 29, 2338, 59.97
2026/07/29 23:04:45.930, 29, 2338, 59.64
2026/07/29 23:04:46.462, 29, 2338, 59.32
2026/07/29 23:04:46.995, 29, 2338, 59.32
2026/07/29 23:04:47.528, 29, 2338, 59.64
2026/07/29 23:04:48.061, 29, 2338, 59.32
2026/07/29 23:04:48.594, 29, 2338, 59.32
2026/07/29 23:04:49.127, 29, 2338, 59.32
2026/07/29 23:04:49.659, 29, 2338, 59.32
2026/07/29 23:04:50.195, 29, 2338, 59.32
2026/07/29 23:04:50.728, 29, 2338, 59.32
2026/07/29 23:04:51.260, 29, 2338, 59.32
2026/07/29 23:04:51.795, 29, 2338, 59.64
2026/07/29 23:04:52.327, 29, 2338, 59.32
2026/07/29 23:04:52.860, 29, 2338, 59.64
2026/07/29 23:04:53.393, 29, 2338, 59.32
2026/07/29 23:04:53.924, 29, 2338, 59.26
2026/07/29 23:04:54.457, 29, 2338, 59.26
2026/07/29 23:04:54.990, 29, 2338, 59.32
2026/07/29 23:04:55.521, 29, 2338, 59.32
2026/07/29 23:04:56.053, 29, 2338, 59.32
2026/07/29 23:04:56.587, 29, 2338, 59.32
2026/07/29 23:04:57.121, 29, 2338, 59.32
2026/07/29 23:04:57.653, 29, 2338, 59.32
2026/07/29 23:04:58.186, 29, 2338, 59.58
2026/07/29 23:04:58.720, 29, 2338, 59.32
2026/07/29 23:04:59.251, 29, 2338, 59.64
2026/07/29 23:04:59.788, 29, 2338, 59.32
2026/07/29 23:05:00.323, 29, 2338, 60.83
2026/07/29 23:05:00.856, 29, 2338, 60.24
2026/07/29 23:05:01.389, 29, 2338, 59.32
2026/07/29 23:05:01.923, 29, 2338, 60.57
2026/07/29 23:05:02.456, 29, 2338, 59.64
2026/07/29 23:05:02.989, 29, 2338, 60.24
2026/07/29 23:05:03.521, 29, 2338, 59.64
2026/07/29 23:05:04.054, 29, 2338, 59.32
2026/07/29 23:05:04.587, 29, 2338, 59.97
2026/07/29 23:05:05.120, 29, 2338, 59.64
2026/07/29 23:05:05.653, 29, 2338, 59.32
2026/07/29 23:05:06.188, 29, 2338, 59.32
2026/07/29 23:05:06.724, 29, 2338, 59.64
2026/07/29 23:05:07.257, 29, 2338, 59.64
2026/07/29 23:05:07.790, 29, 2338, 59.64
2026/07/29 23:05:08.323, 29, 2338, 59.26
2026/07/29 23:05:08.856, 29, 2338, 59.32
2026/07/29 23:05:09.389, 29, 2338, 59.26
2026/07/29 23:05:09.922, 29, 2338, 59.26
2026/07/29 23:05:10.455, 29, 2338, 59.32
2026/07/29 23:05:10.985, 29, 2338, 59.32
2026/07/29 23:05:11.518, 29, 2338, 59.32
2026/07/29 23:05:12.051, 29, 2338, 59.64
2026/07/29 23:05:12.582, 29, 2338, 59.32
2026/07/29 23:05:13.114, 29, 2338, 59.32
2026/07/29 23:05:13.646, 29, 2338, 59.32
2026/07/29 23:05:14.177, 29, 2338, 59.32
2026/07/29 23:05:14.709, 29, 2338, 59.32
2026/07/29 23:05:15.240, 29, 2338, 59.32
2026/07/29 23:05:15.772, 29, 2338, 59.32
2026/07/29 23:05:16.304, 29, 2338, 59.32
2026/07/29 23:05:16.837, 29, 2338, 59.32
2026/07/29 23:05:17.371, 29, 2338, 59.97
2026/07/29 23:05:17.904, 29, 2338, 59.26
2026/07/29 23:05:18.437, 29, 2338, 59.32
2026/07/29 23:05:18.968, 29, 2338, 59.32
2026/07/29 23:05:19.500, 29, 2338, 59.32
2026/07/29 23:05:20.033, 29, 2338, 59.26
2026/07/29 23:05:20.565, 29, 2338, 61.16
2026/07/29 23:05:21.096, 29, 2338, 61.16
2026/07/29 23:05:21.629, 29, 2338, 59.32
2026/07/29 23:05:22.162, 29, 2338, 60.24
2026/07/29 23:05:22.694, 29, 2338, 60.18
2026/07/29 23:05:23.227, 29, 2338, 59.32
2026/07/29 23:05:23.759, 29, 2338, 59.90
2026/07/29 23:05:24.292, 29, 2338, 59.97
2026/07/29 23:05:24.825, 29, 2338, 59.90
2026/07/29 23:05:25.357, 29, 2338, 59.32
2026/07/29 23:05:25.892, 29, 2338, 59.64
2026/07/29 23:05:26.427, 29, 2338, 59.97
2026/07/29 23:05:26.961, 29, 2338, 59.32
2026/07/29 23:05:27.497, 29, 2338, 59.32
2026/07/29 23:05:28.030, 29, 2338, 59.64
2026/07/29 23:05:28.562, 29, 2338, 59.64
2026/07/29 23:05:29.095, 29, 2338, 59.64
2026/07/29 23:05:29.627, 29, 2338, 59.97
2026/07/29 23:05:30.160, 29, 2338, 59.26
2026/07/29 23:05:30.694, 29, 2338, 59.32
2026/07/29 23:05:31.226, 29, 2338, 59.32
2026/07/29 23:05:31.757, 29, 2338, 59.32
2026/07/29 23:05:32.290, 29, 2338, 59.32
2026/07/29 23:05:32.821, 29, 2338, 59.64
2026/07/29 23:05:33.354, 29, 2338, 59.32
2026/07/29 23:05:33.886, 29, 2338, 59.32
2026/07/29 23:05:34.420, 29, 2338, 59.32
2026/07/29 23:05:34.953, 29, 2338, 60.24
2026/07/29 23:05:35.488, 29, 2338, 59.32
2026/07/29 23:05:36.020, 29, 2338, 59.32
2026/07/29 23:05:36.553, 29, 2338, 59.32
2026/07/29 23:05:37.085, 29, 2338, 59.64
2026/07/29 23:05:37.618, 29, 2338, 59.26
2026/07/29 23:05:38.151, 29, 2338, 59.26
2026/07/29 23:05:38.683, 29, 2338, 59.32
2026/07/29 23:05:39.215, 29, 2338, 59.32
2026/07/29 23:05:39.748, 29, 2338, 59.32
2026/07/29 23:05:40.281, 29, 2338, 59.32
2026/07/29 23:05:40.815, 29, 2338, 59.32
2026/07/29 23:05:41.348, 29, 2338, 59.32
2026/07/29 23:05:41.882, 29, 2338, 62.61
2026/07/29 23:05:42.415, 29, 2338, 60.24
2026/07/29 23:05:42.948, 29, 2338, 60.57
2026/07/29 23:05:43.479, 29, 2338, 59.32
2026/07/29 23:05:44.013, 29, 2338, 59.32
2026/07/29 23:05:44.545, 29, 2338, 59.32
2026/07/29 23:05:45.075, 29, 2338, 59.05
2026/07/29 23:05:45.608, 29, 2338, 60.24
2026/07/29 23:05:46.142, 29, 2338, 59.32
2026/07/29 23:05:46.675, 29, 2338, 59.97
2026/07/29 23:05:47.208, 29, 2338, 59.32
2026/07/29 23:05:47.741, 29, 2338, 59.32
2026/07/29 23:05:48.273, 29, 2338, 59.64
2026/07/29 23:05:48.809, 29, 2338, 59.32
2026/07/29 23:05:49.341, 29, 2338, 59.26
2026/07/29 23:05:49.873, 29, 2338, 59.64
2026/07/29 23:05:50.405, 29, 2338, 59.32
2026/07/29 23:05:50.939, 29, 2338, 59.32
2026/07/29 23:05:51.471, 29, 2338, 59.32
2026/07/29 23:05:52.004, 29, 2338, 59.32
2026/07/29 23:05:52.537, 29, 2338, 59.64
2026/07/29 23:05:53.069, 29, 2338, 59.26
2026/07/29 23:05:53.604, 29, 2338, 59.26
2026/07/29 23:05:54.137, 29, 2338, 59.26
2026/07/29 23:05:54.669, 29, 2338, 59.32
2026/07/29 23:05:55.202, 29, 2338, 59.32
2026/07/29 23:05:55.734, 29, 2338, 59.26
2026/07/29 23:05:56.266, 29, 2338, 59.32
2026/07/29 23:05:56.799, 29, 2338, 59.32
2026/07/29 23:05:57.332, 29, 2338, 59.32
2026/07/29 23:05:57.865, 29, 2338, 59.32
2026/07/29 23:05:58.398, 29, 2338, 59.32
2026/07/29 23:05:58.930, 29, 2338, 59.32
2026/07/29 23:05:59.462, 29, 2338, 59.32
2026/07/29 23:05:59.994, 29, 2338, 59.32
2026/07/29 23:06:00.524, 29, 2338, 59.32
2026/07/29 23:06:01.056, 29, 2338, 59.32
2026/07/29 23:06:01.588, 29, 2338, 59.26
2026/07/29 23:06:02.120, 29, 2338, 59.32
2026/07/29 23:06:02.651, 29, 2338, 59.32
2026/07/29 23:06:03.185, 29, 2338, 60.83
2026/07/29 23:06:03.719, 29, 2338, 59.32
2026/07/29 23:06:04.251, 29, 2338, 60.18
2026/07/29 23:06:04.784, 29, 2338, 61.43
2026/07/29 23:06:05.318, 29, 2338, 59.32
2026/07/29 23:06:05.849, 29, 2338, 59.32
2026/07/29 23:06:06.381, 29, 2338, 61.16
2026/07/29 23:06:06.917, 29, 2338, 59.32
2026/07/29 23:06:07.450, 29, 2338, 59.32
2026/07/29 23:06:07.983, 29, 2338, 59.64
2026/07/29 23:06:08.515, 29, 2338, 59.64
2026/07/29 23:06:09.049, 29, 2338, 59.32
2026/07/29 23:06:09.579, 29, 2338, 59.97
2026/07/29 23:06:10.112, 29, 2338, 59.26
2026/07/29 23:06:10.644, 29, 2338, 59.26
2026/07/29 23:06:11.176, 29, 2338, 59.26
2026/07/29 23:06:11.708, 29, 2338, 59.32
2026/07/29 23:06:12.242, 29, 2338, 59.26
2026/07/29 23:06:12.774, 29, 2338, 59.32
2026/07/29 23:06:13.306, 29, 2338, 59.32
2026/07/29 23:06:13.838, 29, 2338, 59.64
2026/07/29 23:06:14.370, 29, 2338, 59.32
2026/07/29 23:06:14.903, 29, 2338, 59.32
2026/07/29 23:06:15.437, 29, 2338, 59.32
2026/07/29 23:06:15.970, 29, 2338, 59.32
2026/07/29 23:06:16.501, 29, 2338, 59.32
2026/07/29 23:06:17.034, 29, 2338, 59.32
2026/07/29 23:06:17.567, 29, 2338, 59.32
2026/07/29 23:06:18.104, 29, 2338, 59.32
2026/07/29 23:06:18.637, 29, 2338, 59.32
2026/07/29 23:06:19.170, 29, 2338, 59.32
2026/07/29 23:06:19.702, 29, 2338, 59.32
2026/07/29 23:06:20.236, 29, 2338, 59.32
2026/07/29 23:06:20.771, 29, 2338, 59.64
2026/07/29 23:06:21.303, 29, 2338, 59.32
2026/07/29 23:06:21.836, 29, 2338, 59.26
2026/07/29 23:06:22.369, 29, 2338, 59.26
2026/07/29 23:06:22.901, 29, 2338, 59.32
2026/07/29 23:06:23.433, 29, 2338, 59.32
2026/07/29 23:06:23.966, 29, 2338, 59.32
2026/07/29 23:06:24.499, 29, 2338, 60.24
2026/07/29 23:06:25.031, 29, 2338, 62.95
2026/07/29 23:06:25.563, 29, 2338, 60.24
2026/07/29 23:06:26.101, 29, 2338, 59.32
2026/07/29 23:06:26.635, 29, 2338, 60.24
2026/07/29 23:06:27.166, 29, 2338, 59.32
2026/07/29 23:06:27.702, 29, 2338, 62.61
2026/07/29 23:06:28.234, 29, 2338, 59.64
2026/07/29 23:06:28.768, 29, 2338, 59.97
2026/07/29 23:06:29.301, 29, 2338, 59.32
2026/07/29 23:06:29.833, 29, 2338, 59.90
2026/07/29 23:06:30.364, 29, 2338, 59.32
2026/07/29 23:06:30.896, 29, 2338, 59.97
2026/07/29 23:06:31.428, 29, 2338, 59.64
2026/07/29 23:06:31.960, 29, 2338, 59.64
2026/07/29 23:06:32.491, 29, 2338, 59.64
2026/07/29 23:06:33.025, 29, 2338, 59.64
2026/07/29 23:06:33.557, 29, 2338, 59.32
2026/07/29 23:06:34.088, 29, 2338, 59.64
2026/07/29 23:06:34.622, 29, 2338, 59.32
2026/07/29 23:06:35.156, 29, 2338, 59.26
2026/07/29 23:06:35.689, 29, 2338, 59.64
2026/07/29 23:06:36.221, 29, 2338, 59.64
2026/07/29 23:06:36.755, 29, 2338, 59.32
2026/07/29 23:06:37.288, 29, 2338, 59.64
2026/07/29 23:06:37.821, 29, 2338, 59.32
2026/07/29 23:06:38.353, 29, 2338, 60.24
2026/07/29 23:06:38.888, 29, 2338, 59.64
2026/07/29 23:06:39.420, 29, 2338, 59.32
2026/07/29 23:06:39.952, 29, 2338, 59.64
2026/07/29 23:06:40.488, 29, 2338, 59.32
2026/07/29 23:06:41.021, 29, 2338, 59.58
2026/07/29 23:06:41.553, 29, 2338, 59.64
2026/07/29 23:06:42.085, 29, 2338, 59.64
2026/07/29 23:06:42.617, 29, 2338, 59.64
2026/07/29 23:06:43.151, 29, 2338, 59.64
2026/07/29 23:06:43.683, 29, 2338, 59.97
2026/07/29 23:06:44.218, 29, 2338, 59.26
2026/07/29 23:06:44.749, 29, 2338, 59.26
2026/07/29 23:06:45.282, 29, 2338, 61.09
2026/07/29 23:06:45.814, 29, 2338, 61.09
2026/07/29 23:06:46.345, 29, 2338, 59.32
2026/07/29 23:06:46.878, 29, 2338, 60.50
2026/07/29 23:06:47.412, 29, 2338, 59.58
2026/07/29 23:06:47.943, 29, 2338, 64.46
2026/07/29 23:06:48.477, 29, 2338, 59.32
2026/07/29 23:06:49.010, 29, 2338, 59.58
2026/07/29 23:06:49.543, 29, 2338, 59.97
2026/07/29 23:06:50.077, 29, 2338, 59.32
2026/07/29 23:06:50.608, 29, 2338, 59.32
2026/07/29 23:06:51.142, 29, 2338, 58.99
2026/07/29 23:06:51.675, 29, 2338, 59.32
2026/07/29 23:06:52.210, 29, 2338, 59.26
2026/07/29 23:06:52.744, 29, 2338, 59.32
2026/07/29 23:06:53.277, 28, 2338, 59.32
2026/07/29 23:06:53.811, 28, 2338, 59.05
2026/07/29 23:06:54.343, 28, 2338, 59.32
2026/07/29 23:06:54.878, 28, 2338, 59.32
2026/07/29 23:06:55.412, 28, 2338, 59.26
2026/07/29 23:06:55.945, 28, 2338, 59.32
2026/07/29 23:06:56.478, 28, 2338, 59.32
2026/07/29 23:06:57.010, 28, 2338, 59.05
2026/07/29 23:06:57.541, 28, 2338, 59.32
2026/07/29 23:06:58.073, 28, 2338, 59.05
2026/07/29 23:06:58.605, 28, 2338, 59.32
2026/07/29 23:06:59.139, 28, 2338, 59.32
2026/07/29 23:06:59.671, 28, 2338, 59.32
2026/07/29 23:07:00.206, 28, 2338, 59.05
2026/07/29 23:07:00.738, 28, 2338, 59.32
2026/07/29 23:07:01.269, 28, 2338, 59.26
2026/07/29 23:07:01.800, 28, 2338, 59.26
2026/07/29 23:07:02.332, 28, 2338, 58.99
2026/07/29 23:07:02.865, 28, 2338, 59.32
2026/07/29 23:07:03.396, 28, 2338, 59.32
2026/07/29 23:07:03.929, 28, 2338, 59.05
2026/07/29 23:07:04.461, 28, 2338, 59.32
2026/07/29 23:07:04.994, 28, 2338, 59.32
2026/07/29 23:07:05.527, 28, 2338, 59.32
2026/07/29 23:07:06.059, 28, 2338, 59.05
2026/07/29 23:07:06.591, 28, 2338, 59.97
2026/07/29 23:07:07.125, 28, 2338, 62.08
2026/07/29 23:07:07.658, 28, 2338, 59.32
2026/07/29 23:07:08.191, 28, 2338, 62.08
2026/07/29 23:07:08.723, 28, 2338, 59.97
2026/07/29 23:07:09.256, 28, 2338, 59.32
2026/07/29 23:07:09.789, 28, 2338, 59.32
2026/07/29 23:07:10.323, 28, 2338, 59.32
2026/07/29 23:07:10.855, 29, 2338, 60.24
2026/07/29 23:07:11.388, 29, 2338, 59.64
2026/07/29 23:07:11.921, 29, 2338, 59.97
2026/07/29 23:07:12.454, 29, 2338, 59.05
2026/07/29 23:07:12.987, 29, 2338, 59.32
2026/07/29 23:07:13.520, 29, 2338, 59.97
2026/07/29 23:07:14.053, 29, 2338, 59.64
2026/07/29 23:07:14.585, 29, 2338, 59.32
2026/07/29 23:07:15.117, 29, 2338, 59.32
2026/07/29 23:07:15.650, 29, 2338, 59.32
2026/07/29 23:07:16.182, 29, 2338, 59.32
2026/07/29 23:07:16.715, 29, 2338, 59.32
2026/07/29 23:07:17.249, 29, 2338, 59.64
2026/07/29 23:07:17.785, 29, 2338, 59.32
2026/07/29 23:07:18.320, 29, 2338, 59.32
2026/07/29 23:07:18.853, 29, 2338, 59.32
2026/07/29 23:07:19.388, 29, 2338, 59.32
2026/07/29 23:07:19.921, 29, 2338, 59.26
2026/07/29 23:07:20.454, 29, 2338, 60.24
2026/07/29 23:07:20.989, 29, 2338, 59.32
2026/07/29 23:07:21.521, 29, 2338, 59.26
2026/07/29 23:07:22.054, 29, 2338, 59.26
2026/07/29 23:07:22.587, 29, 2338, 59.32
2026/07/29 23:07:23.121, 29, 2338, 59.32
2026/07/29 23:07:23.654, 29, 2338, 59.32
2026/07/29 23:07:24.186, 29, 2338, 59.32
2026/07/29 23:07:24.717, 29, 2338, 59.32
2026/07/29 23:07:25.250, 29, 2338, 59.32
2026/07/29 23:07:25.783, 29, 2338, 59.58
2026/07/29 23:07:26.316, 29, 2338, 59.32
2026/07/29 23:07:26.849, 29, 2338, 60.57
2026/07/29 23:07:27.382, 29, 2338, 60.24
2026/07/29 23:07:27.916, 29, 2338, 60.50
2026/07/29 23:07:28.450, 29, 2338, 59.97
2026/07/29 23:07:28.983, 29, 2338, 59.32
2026/07/29 23:07:29.516, 29, 2338, 59.64
2026/07/29 23:07:30.050, 29, 2338, 65.31
2026/07/29 23:07:30.582, 29, 2338, 60.24
2026/07/29 23:07:31.119, 29, 2338, 59.26
2026/07/29 23:07:31.652, 29, 2338, 59.26
2026/07/29 23:07:32.183, 29, 2338, 59.32
2026/07/29 23:07:32.717, 29, 2338, 59.97
2026/07/29 23:07:33.249, 29, 2338, 59.32
2026/07/29 23:07:33.784, 29, 2338, 59.32
2026/07/29 23:07:34.320, 29, 2338, 60.24
2026/07/29 23:07:34.854, 29, 2338, 59.64
2026/07/29 23:07:35.388, 29, 2338, 59.58
2026/07/29 23:07:35.921, 29, 2338, 59.64
2026/07/29 23:07:36.453, 29, 2338, 59.64
2026/07/29 23:07:36.986, 29, 2338, 59.90
2026/07/29 23:07:37.519, 29, 2338, 59.58
2026/07/29 23:07:38.052, 29, 2338, 59.64
2026/07/29 23:07:38.586, 29, 2338, 59.32
2026/07/29 23:07:39.119, 29, 2338, 59.64
2026/07/29 23:07:39.653, 29, 2338, 59.64
2026/07/29 23:07:40.185, 29, 2338, 59.32
2026/07/29 23:07:40.719, 29, 2338, 59.32
2026/07/29 23:07:41.252, 29, 2338, 60.50
2026/07/29 23:07:41.787, 29, 2338, 59.64
2026/07/29 23:07:42.319, 29, 2338, 59.64
2026/07/29 23:07:42.852, 29, 2338, 59.32
2026/07/29 23:07:43.385, 29, 2338, 59.64
2026/07/29 23:07:43.918, 29, 2338, 59.32
2026/07/29 23:07:44.450, 29, 2338, 59.64
2026/07/29 23:07:44.984, 29, 2338, 59.32
2026/07/29 23:07:45.521, 29, 2338, 59.64
2026/07/29 23:07:46.052, 29, 2338, 59.32
2026/07/29 23:07:46.584, 29, 2338, 59.58
2026/07/29 23:07:47.117, 29, 2338, 59.64
2026/07/29 23:07:47.649, 29, 2338, 59.64
2026/07/29 23:07:48.182, 29, 2338, 59.32
2026/07/29 23:07:48.717, 29, 2338, 60.83
2026/07/29 23:07:49.249, 29, 2338, 59.64
2026/07/29 23:07:49.782, 29, 2338, 62.08
2026/07/29 23:07:50.314, 29, 2338, 59.58
2026/07/29 23:07:50.845, 29, 2338, 59.58
2026/07/29 23:07:51.378, 29, 2338, 59.32
2026/07/29 23:07:51.915, 29, 2338, 59.58
2026/07/29 23:07:52.447, 29, 2338, 59.97
2026/07/29 23:07:52.978, 29, 2338, 59.32
2026/07/29 23:07:53.510, 29, 2338, 59.32
2026/07/29 23:07:54.042, 29, 2338, 59.32
2026/07/29 23:07:54.572, 29, 2338, 59.90
2026/07/29 23:07:55.106, 29, 2338, 59.32
2026/07/29 23:07:55.638, 29, 2338, 59.64
2026/07/29 23:07:56.169, 29, 2338, 59.32
2026/07/29 23:07:56.702, 29, 2338, 59.26
2026/07/29 23:07:57.235, 29, 2338, 59.64
2026/07/29 23:07:57.768, 29, 2338, 59.90
2026/07/29 23:07:58.301, 29, 2338, 59.26
2026/07/29 23:07:58.832, 29, 2338, 59.32
2026/07/29 23:07:59.364, 29, 2338, 59.32
2026/07/29 23:07:59.899, 29, 2338, 59.32
2026/07/29 23:08:00.432, 29, 2338, 59.32
2026/07/29 23:08:00.965, 29, 2338, 59.32
2026/07/29 23:08:01.497, 29, 2338, 59.32
2026/07/29 23:08:02.028, 29, 2338, 59.32
2026/07/29 23:08:02.559, 29, 2338, 59.64
2026/07/29 23:08:03.092, 29, 2338, 59.32
2026/07/29 23:08:03.623, 29, 2338, 59.32
2026/07/29 23:08:04.155, 29, 2338, 59.26
2026/07/29 23:08:04.687, 29, 2338, 59.32
2026/07/29 23:08:05.219, 29, 2338, 59.32
2026/07/29 23:08:05.751, 29, 2338, 59.26
2026/07/29 23:08:06.283, 29, 2338, 59.32
2026/07/29 23:08:06.816, 29, 2338, 59.32
2026/07/29 23:08:07.348, 29, 2338, 59.32
2026/07/29 23:08:07.881, 29, 2338, 60.18
2026/07/29 23:08:08.414, 29, 2338, 59.32
2026/07/29 23:08:08.947, 29, 2338, 62.35
2026/07/29 23:08:09.479, 29, 2338, 60.24
2026/07/29 23:08:10.012, 29, 2338, 59.32
2026/07/29 23:08:10.543, 29, 2338, 59.32
2026/07/29 23:08:11.075, 29, 2338, 59.32
2026/07/29 23:08:11.606, 29, 2338, 66.30
2026/07/29 23:08:12.139, 29, 2338, 59.32
2026/07/29 23:08:12.670, 29, 2338, 60.83
2026/07/29 23:08:13.206, 29, 2338, 60.24
2026/07/29 23:08:13.739, 29, 2338, 59.64
2026/07/29 23:08:14.271, 29, 2338, 59.32
2026/07/29 23:08:14.807, 29, 2338, 59.32
2026/07/29 23:08:15.339, 29, 2338, 59.58
2026/07/29 23:08:15.870, 29, 2338, 59.32
2026/07/29 23:08:16.401, 29, 2338, 59.64
2026/07/29 23:08:16.934, 29, 2338, 59.32
2026/07/29 23:08:17.466, 29, 2338, 59.32
2026/07/29 23:08:17.999, 29, 2338, 59.32
2026/07/29 23:08:18.531, 29, 2338, 60.24
2026/07/29 23:08:19.065, 29, 2338, 59.64
2026/07/29 23:08:19.601, 29, 2338, 59.32
2026/07/29 23:08:20.133, 29, 2338, 59.32
2026/07/29 23:08:20.665, 29, 2338, 59.32
2026/07/29 23:08:21.202, 29, 2338, 59.32
2026/07/29 23:08:21.734, 29, 2338, 59.32
2026/07/29 23:08:22.268, 29, 2338, 59.32
2026/07/29 23:08:22.802, 29, 2338, 59.26
2026/07/29 23:08:23.334, 29, 2338, 59.32
2026/07/29 23:08:23.866, 29, 2338, 59.32
2026/07/29 23:08:24.404, 29, 2338, 59.64
2026/07/29 23:08:24.937, 29, 2338, 59.32
2026/07/29 23:08:25.470, 29, 2338, 59.64
2026/07/29 23:08:26.002, 29, 2338, 59.32
2026/07/29 23:08:26.534, 29, 2338, 59.32
2026/07/29 23:08:27.067, 29, 2338, 59.32
2026/07/29 23:08:27.600, 29, 2338, 59.32
2026/07/29 23:08:28.132, 29, 2338, 59.26
2026/07/29 23:08:28.664, 29, 2338, 59.32
2026/07/29 23:08:29.201, 29, 2338, 59.64
2026/07/29 23:08:29.734, 29, 2338, 62.67
2026/07/29 23:08:30.266, 29, 2338, 60.57
2026/07/29 23:08:30.799, 29, 2338, 59.64
2026/07/29 23:08:31.333, 29, 2338, 59.97
2026/07/29 23:08:31.865, 29, 2338, 59.97
2026/07/29 23:08:32.397, 29, 2338, 60.83
2026/07/29 23:08:32.930, 29, 2338, 59.32
2026/07/29 23:08:33.464, 29, 2338, 59.32
2026/07/29 23:08:33.996, 29, 2338, 59.97
2026/07/29 23:08:34.529, 29, 2338, 59.97
2026/07/29 23:08:35.061, 29, 2338, 59.97
2026/07/29 23:08:35.594, 29, 2338, 59.64
2026/07/29 23:08:36.127, 29, 2338, 59.32
2026/07/29 23:08:36.661, 29, 2338, 59.32
2026/07/29 23:08:37.195, 29, 2338, 59.64
2026/07/29 23:08:37.730, 29, 2338, 59.97
2026/07/29 23:08:38.262, 29, 2338, 59.32
2026/07/29 23:08:38.797, 29, 2338, 59.64
2026/07/29 23:08:39.329, 29, 2338, 59.64
2026/07/29 23:08:39.861, 29, 2338, 59.64
2026/07/29 23:08:40.393, 29, 2338, 59.64
2026/07/29 23:08:40.925, 29, 2338, 59.64
2026/07/29 23:08:41.458, 29, 2338, 59.64
2026/07/29 23:08:41.992, 29, 2338, 59.32
2026/07/29 23:08:42.524, 29, 2338, 59.64
2026/07/29 23:08:43.057, 29, 2338, 59.64
2026/07/29 23:08:43.590, 29, 2338, 59.32
2026/07/29 23:08:44.123, 29, 2338, 59.64
2026/07/29 23:08:44.656, 29, 2338, 59.32
2026/07/29 23:08:45.188, 29, 2338, 59.64
2026/07/29 23:08:45.720, 29, 2338, 59.32
2026/07/29 23:08:46.252, 29, 2338, 59.58
2026/07/29 23:08:46.784, 29, 2338, 59.64
2026/07/29 23:08:47.316, 29, 2338, 59.64
2026/07/29 23:08:47.849, 29, 2338, 59.64
2026/07/29 23:08:48.381, 29, 2338, 59.64
2026/07/29 23:08:48.914, 29, 2338, 59.64
2026/07/29 23:08:49.446, 29, 2338, 59.64
2026/07/29 23:08:49.978, 29, 2338, 59.32
2026/07/29 23:08:50.513, 29, 2338, 59.64
2026/07/29 23:08:51.046, 29, 2338, 59.64
2026/07/29 23:08:51.578, 29, 2338, 61.43
2026/07/29 23:08:52.111, 29, 2338, 59.97
2026/07/29 23:08:52.644, 29, 2338, 60.83
2026/07/29 23:08:53.176, 29, 2338, 59.97
2026/07/29 23:08:53.709, 29, 2338, 62.67
2026/07/29 23:08:54.241, 29, 2338, 59.64
2026/07/29 23:08:54.772, 29, 2338, 60.57
2026/07/29 23:08:55.304, 29, 2338, 59.97
2026/07/29 23:08:55.838, 29, 2338, 60.18
2026/07/29 23:08:56.372, 29, 2338, 59.97
2026/07/29 23:08:56.908, 29, 2338, 59.64
2026/07/29 23:08:57.441, 29, 2338, 59.58
2026/07/29 23:08:57.973, 29, 2338, 59.64
2026/07/29 23:08:58.505, 29, 2338, 59.64
2026/07/29 23:08:59.037, 29, 2338, 59.64
2026/07/29 23:08:59.570, 29, 2338, 59.32
2026/07/29 23:09:00.106, 29, 2338, 59.32
2026/07/29 23:09:00.639, 29, 2338, 59.64
2026/07/29 23:09:01.171, 29, 2338, 59.32
2026/07/29 23:09:01.707, 29, 2338, 59.32
2026/07/29 23:09:02.239, 29, 2338, 59.32
2026/07/29 23:09:02.769, 29, 2338, 59.32
2026/07/29 23:09:03.304, 29, 2338, 59.32
2026/07/29 23:09:03.837, 29, 2338, 59.32
2026/07/29 23:09:04.369, 29, 2338, 59.32
2026/07/29 23:09:04.903, 29, 2338, 59.32
2026/07/29 23:09:05.435, 29, 2338, 59.26
2026/07/29 23:09:05.967, 29, 2338, 59.64
2026/07/29 23:09:06.499, 29, 2338, 59.32
2026/07/29 23:09:07.032, 29, 2338, 59.32
2026/07/29 23:09:07.565, 29, 2338, 59.32
2026/07/29 23:09:08.097, 29, 2338, 59.32
2026/07/29 23:09:08.630, 29, 2338, 59.32
2026/07/29 23:09:09.162, 29, 2338, 59.32
2026/07/29 23:09:09.695, 29, 2338, 59.32
2026/07/29 23:09:10.228, 29, 2338, 59.32
2026/07/29 23:09:10.760, 29, 2338, 59.32
2026/07/29 23:09:11.293, 29, 2338, 60.24
2026/07/29 23:09:11.826, 29, 2338, 61.43
2026/07/29 23:09:12.359, 29, 2338, 59.32
2026/07/29 23:09:12.891, 29, 2338, 60.77
2026/07/29 23:09:13.423, 29, 2338, 59.26
2026/07/29 23:09:13.956, 29, 2338, 60.24
2026/07/29 23:09:14.490, 29, 2338, 59.32
2026/07/29 23:09:15.023, 29, 2338, 59.90
2026/07/29 23:09:15.556, 29, 2338, 60.24
2026/07/29 23:09:16.089, 29, 2338, 59.32
2026/07/29 23:09:16.621, 29, 2338, 59.32
2026/07/29 23:09:17.157, 29, 2338, 59.64
2026/07/29 23:09:17.693, 29, 2338, 59.64
2026/07/29 23:09:18.226, 29, 2338, 59.26
2026/07/29 23:09:18.760, 29, 2338, 59.26
2026/07/29 23:09:19.296, 29, 2338, 59.32
2026/07/29 23:09:19.829, 29, 2338, 59.58
2026/07/29 23:09:20.361, 29, 2338, 59.32
2026/07/29 23:09:20.895, 29, 2338, 59.32
2026/07/29 23:09:21.428, 29, 2338, 59.32
2026/07/29 23:09:21.961, 29, 2338, 59.64
2026/07/29 23:09:22.495, 29, 2338, 59.90
2026/07/29 23:09:23.028, 29, 2338, 59.32
2026/07/29 23:09:23.562, 29, 2338, 59.32
2026/07/29 23:09:24.095, 29, 2338, 59.32
2026/07/29 23:09:24.629, 29, 2338, 59.32
2026/07/29 23:09:25.163, 29, 2338, 59.32
2026/07/29 23:09:25.699, 29, 2338, 59.64
2026/07/29 23:09:26.231, 29, 2338, 59.64
2026/07/29 23:09:26.764, 29, 2338, 59.64
2026/07/29 23:09:27.300, 29, 2338, 59.32
2026/07/29 23:09:27.833, 29, 2338, 59.64
2026/07/29 23:09:28.367, 29, 2338, 60.24
2026/07/29 23:09:28.900, 29, 2338, 59.64
2026/07/29 23:09:29.433, 29, 2338, 59.32
2026/07/29 23:09:29.966, 29, 2338, 59.64
2026/07/29 23:09:30.500, 29, 2338, 59.32
2026/07/29 23:09:31.032, 29, 2338, 59.64
2026/07/29 23:09:31.565, 29, 2338, 59.64
2026/07/29 23:09:32.100, 29, 2338, 60.57
2026/07/29 23:09:32.631, 29, 2338, 59.32
2026/07/29 23:09:33.164, 29, 2338, 59.64
2026/07/29 23:09:33.700, 29, 2338, 59.64
2026/07/29 23:09:34.233, 29, 2338, 61.16
2026/07/29 23:09:34.765, 29, 2338, 59.97
2026/07/29 23:09:35.301, 29, 2338, 60.24
2026/07/29 23:09:35.832, 29, 2338, 60.24
2026/07/29 23:09:36.364, 29, 2338, 59.90
2026/07/29 23:09:36.897, 29, 2338, 59.64
2026/07/29 23:09:37.429, 29, 2338, 59.58
2026/07/29 23:09:37.963, 29, 2338, 59.97
2026/07/29 23:09:38.498, 29, 2338, 59.64
2026/07/29 23:09:39.030, 29, 2338, 59.64
2026/07/29 23:09:39.563, 29, 2338, 59.64
2026/07/29 23:09:40.100, 29, 2338, 59.64
2026/07/29 23:09:40.632, 29, 2338, 59.97
2026/07/29 23:09:41.166, 29, 2338, 59.58
2026/07/29 23:09:41.698, 29, 2338, 59.58
2026/07/29 23:09:42.230, 29, 2338, 59.64
2026/07/29 23:09:42.762, 29, 2338, 59.64
2026/07/29 23:09:43.293, 29, 2338, 59.64
2026/07/29 23:09:43.825, 29, 2338, 59.64
2026/07/29 23:09:44.357, 29, 2338, 59.58
2026/07/29 23:09:44.890, 29, 2338, 59.58
2026/07/29 23:09:45.422, 29, 2338, 59.64
2026/07/29 23:09:45.956, 29, 2338, 59.97
2026/07/29 23:09:46.489, 29, 2338, 59.64
2026/07/29 23:09:47.021, 29, 2338, 59.64
2026/07/29 23:09:47.553, 29, 2338, 59.64
2026/07/29 23:09:48.088, 29, 2338, 59.64
2026/07/29 23:09:48.621, 29, 2338, 59.64
2026/07/29 23:09:49.154, 29, 2338, 59.64
2026/07/29 23:09:49.688, 29, 2338, 59.64
2026/07/29 23:09:50.221, 29, 2338, 59.64
2026/07/29 23:09:50.752, 29, 2338, 59.64
2026/07/29 23:09:51.285, 29, 2338, 59.64
2026/07/29 23:09:51.818, 29, 2338, 59.64
2026/07/29 23:09:52.350, 29, 2338, 59.58
2026/07/29 23:09:52.882, 29, 2338, 60.57
2026/07/29 23:09:53.418, 29, 2338, 60.57
2026/07/29 23:09:53.951, 29, 2338, 62.67
2026/07/29 23:09:54.484, 29, 2338, 60.57
2026/07/29 23:09:55.021, 29, 2338, 61.76
2026/07/29 23:09:55.552, 29, 2338, 60.24
2026/07/29 23:09:56.084, 29, 2338, 59.64
2026/07/29 23:09:56.616, 29, 2338, 61.16
2026/07/29 23:09:57.148, 29, 2338, 59.64
2026/07/29 23:09:57.680, 29, 2338, 59.58
2026/07/29 23:09:58.211, 29, 2338, 59.90
2026/07/29 23:09:58.742, 29, 2338, 60.24
2026/07/29 23:09:59.274, 29, 2338, 59.64
2026/07/29 23:09:59.805, 29, 2338, 59.64
2026/07/29 23:10:00.337, 29, 2338, 59.64
2026/07/29 23:10:00.868, 29, 2338, 59.64
2026/07/29 23:10:01.401, 29, 2338, 59.97
2026/07/29 23:10:01.934, 29, 2338, 59.58
2026/07/29 23:10:02.467, 29, 2338, 59.64
2026/07/29 23:10:02.998, 29, 2338, 59.64
2026/07/29 23:10:03.530, 29, 2338, 59.58
2026/07/29 23:10:04.062, 29, 2338, 59.64
2026/07/29 23:10:04.598, 29, 2338, 59.64
2026/07/29 23:10:05.130, 29, 2338, 59.58
2026/07/29 23:10:05.662, 29, 2338, 59.64
2026/07/29 23:10:06.195, 29, 2338, 59.32
2026/07/29 23:10:06.729, 29, 2338, 59.32
2026/07/29 23:10:07.261, 29, 2338, 59.64
2026/07/29 23:10:07.792, 29, 2338, 59.32
2026/07/29 23:10:08.324, 29, 2338, 59.32
2026/07/29 23:10:08.856, 29, 2338, 59.32
2026/07/29 23:10:09.387, 29, 2338, 59.32
2026/07/29 23:10:09.919, 29, 2338, 59.26
2026/07/29 23:10:10.452, 29, 2338, 59.26
2026/07/29 23:10:10.988, 29, 2338, 59.26
2026/07/29 23:10:11.521, 29, 2338, 59.26
2026/07/29 23:10:12.053, 29, 2338, 59.32
2026/07/29 23:10:12.589, 29, 2338, 59.32
2026/07/29 23:10:13.121, 29, 2338, 59.32
2026/07/29 23:10:13.654, 29, 2338, 59.32
2026/07/29 23:10:14.186, 29, 2338, 59.64
2026/07/29 23:10:14.718, 29, 2338, 59.32
2026/07/29 23:10:15.250, 29, 2338, 59.26
2026/07/29 23:10:15.783, 29, 2338, 60.24
2026/07/29 23:10:16.314, 29, 2338, 59.58
2026/07/29 23:10:16.847, 29, 2338, 60.83
2026/07/29 23:10:17.379, 29, 2338, 59.64
2026/07/29 23:10:17.912, 29, 2338, 59.64
2026/07/29 23:10:18.444, 29, 2338, 59.64
2026/07/29 23:10:18.978, 29, 2338, 59.97
2026/07/29 23:10:19.512, 29, 2338, 59.64
2026/07/29 23:10:20.046, 29, 2338, 59.26
2026/07/29 23:10:20.578, 29, 2338, 59.64
2026/07/29 23:10:21.112, 29, 2338, 59.64
2026/07/29 23:10:21.643, 29, 2338, 59.32
2026/07/29 23:10:22.176, 29, 2338, 59.32
2026/07/29 23:10:22.709, 29, 2338, 59.26
2026/07/29 23:10:23.242, 29, 2338, 59.64
2026/07/29 23:10:23.774, 29, 2338, 59.32
2026/07/29 23:10:24.306, 29, 2338, 59.32
2026/07/29 23:10:24.838, 29, 2338, 59.64
2026/07/29 23:10:25.373, 29, 2338, 59.32
2026/07/29 23:10:25.905, 29, 2338, 59.32
2026/07/29 23:10:26.438, 29, 2338, 59.26
2026/07/29 23:10:26.971, 29, 2338, 59.32
2026/07/29 23:10:27.503, 29, 2338, 59.32
2026/07/29 23:10:28.035, 29, 2338, 59.32
2026/07/29 23:10:28.567, 29, 2338, 59.32
2026/07/29 23:10:29.101, 29, 2338, 59.32
2026/07/29 23:10:29.635, 29, 2338, 59.32
2026/07/29 23:10:30.167, 29, 2338, 59.32
2026/07/29 23:10:30.700, 29, 2338, 59.26
2026/07/29 23:10:31.232, 29, 2338, 59.32
2026/07/29 23:10:31.764, 29, 2338, 59.32
2026/07/29 23:10:32.296, 29, 2338, 59.32
2026/07/29 23:10:32.829, 29, 2338, 59.26
2026/07/29 23:10:33.361, 29, 2338, 59.32
2026/07/29 23:10:33.895, 29, 2338, 59.32
2026/07/29 23:10:34.427, 29, 2338, 59.26
2026/07/29 23:10:34.961, 29, 2338, 59.32
2026/07/29 23:10:35.495, 29, 2338, 59.64
2026/07/29 23:10:36.028, 29, 2338, 59.26
2026/07/29 23:10:36.562, 29, 2338, 59.26
2026/07/29 23:10:37.095, 29, 2338, 63.47
2026/07/29 23:10:37.629, 29, 2338, 59.97
2026/07/29 23:10:38.161, 29, 2338, 59.32
2026/07/29 23:10:38.693, 29, 2338, 59.32
2026/07/29 23:10:39.225, 29, 2338, 59.32
2026/07/29 23:10:39.757, 29, 2338, 65.98
2026/07/29 23:10:40.288, 29, 2338, 60.24
2026/07/29 23:10:40.821, 29, 2338, 59.90
2026/07/29 23:10:41.353, 29, 2338, 59.26
2026/07/29 23:10:41.884, 29, 2338, 59.64
2026/07/29 23:10:42.418, 29, 2338, 59.90
2026/07/29 23:10:42.951, 29, 2338, 59.32
2026/07/29 23:10:43.482, 29, 2338, 59.32
2026/07/29 23:10:44.016, 29, 2338, 59.58
2026/07/29 23:10:44.549, 29, 2338, 59.97
2026/07/29 23:10:45.081, 29, 2338, 59.32
2026/07/29 23:10:45.613, 29, 2338, 59.32
2026/07/29 23:10:46.146, 29, 2338, 59.32
2026/07/29 23:10:46.680, 29, 2338, 59.32
2026/07/29 23:10:47.214, 29, 2338, 59.32
2026/07/29 23:10:47.746, 29, 2338, 59.64
2026/07/29 23:10:48.279, 29, 2338, 59.32
2026/07/29 23:10:48.811, 29, 2338, 59.32
2026/07/29 23:10:49.344, 29, 2338, 59.32
2026/07/29 23:10:49.877, 29, 2338, 59.26
2026/07/29 23:10:50.412, 29, 2338, 59.32
2026/07/29 23:10:50.945, 29, 2338, 59.32
2026/07/29 23:10:51.477, 29, 2338, 59.32
2026/07/29 23:10:52.012, 29, 2338, 59.26
2026/07/29 23:10:52.542, 29, 2338, 59.32
2026/07/29 23:10:53.074, 29, 2338, 59.32
2026/07/29 23:10:53.606, 29, 2338, 59.32
2026/07/29 23:10:54.137, 29, 2338, 59.26
2026/07/29 23:10:54.671, 29, 2338, 59.32
2026/07/29 23:10:55.204, 29, 2338, 59.32
2026/07/29 23:10:55.736, 29, 2338, 59.32
2026/07/29 23:10:56.267, 29, 2338, 59.32
2026/07/29 23:10:56.799, 29, 2338, 59.32
2026/07/29 23:10:57.333, 29, 2338, 59.97
2026/07/29 23:10:57.865, 29, 2338, 62.67
2026/07/29 23:10:58.397, 29, 2338, 60.57
2026/07/29 23:10:58.929, 29, 2338, 62.02
2026/07/29 23:10:59.462, 29, 2338, 59.32
2026/07/29 23:10:59.994, 29, 2338, 59.26
2026/07/29 23:11:00.526, 29, 2338, 60.24
2026/07/29 23:11:01.059, 29, 2338, 59.64
2026/07/29 23:11:01.593, 29, 2338, 59.90
2026/07/29 23:11:02.126, 29, 2338, 59.64
2026/07/29 23:11:02.660, 29, 2338, 59.90
2026/07/29 23:11:03.192, 29, 2338, 59.58
2026/07/29 23:11:03.725, 29, 2338, 59.26
2026/07/29 23:11:04.258, 29, 2338, 59.58
2026/07/29 23:11:04.791, 29, 2338, 59.26
2026/07/29 23:11:05.323, 29, 2338, 59.58
2026/07/29 23:11:05.856, 29, 2338, 59.64
2026/07/29 23:11:06.389, 29, 2338, 59.58
2026/07/29 23:11:06.922, 29, 2338, 59.58
2026/07/29 23:11:07.454, 29, 2338, 59.58
2026/07/29 23:11:07.986, 29, 2338, 59.64
2026/07/29 23:11:08.518, 29, 2338, 59.26
2026/07/29 23:11:09.051, 29, 2338, 59.58
2026/07/29 23:11:09.583, 29, 2338, 59.26
2026/07/29 23:11:10.117, 29, 2338, 59.58
2026/07/29 23:11:10.648, 29, 2338, 59.26
2026/07/29 23:11:11.182, 29, 2338, 59.58
2026/07/29 23:11:11.716, 29, 2338, 59.26
2026/07/29 23:11:12.249, 29, 2338, 59.26
2026/07/29 23:11:12.781, 28, 2338, 59.26
2026/07/29 23:11:13.314, 28, 2338, 58.99
2026/07/29 23:11:13.846, 28, 2338, 58.99
2026/07/29 23:11:14.380, 28, 2338, 58.99
2026/07/29 23:11:14.912, 28, 2338, 59.26
2026/07/29 23:11:15.444, 28, 2338, 58.99
2026/07/29 23:11:15.976, 28, 2338, 59.90
2026/07/29 23:11:16.513, 28, 2338, 58.99
2026/07/29 23:11:17.044, 28, 2338, 58.99
2026/07/29 23:11:17.576, 28, 2338, 59.26
2026/07/29 23:11:18.107, 28, 2338, 59.97
2026/07/29 23:11:18.641, 28, 2338, 59.97
2026/07/29 23:11:19.173, 28, 2338, 61.36
2026/07/29 23:11:19.710, 28, 2338, 58.99
2026/07/29 23:11:20.243, 28, 2338, 60.77
2026/07/29 23:11:20.777, 28, 2338, 61.36
2026/07/29 23:11:21.309, 28, 2338, 59.26
2026/07/29 23:11:21.841, 28, 2338, 59.05
2026/07/29 23:11:22.373, 28, 2338, 59.05
2026/07/29 23:11:22.907, 28, 2338, 59.64
2026/07/29 23:11:23.438, 28, 2338, 59.26
2026/07/29 23:11:23.971, 28, 2338, 59.05
2026/07/29 23:11:24.502, 28, 2338, 59.05
2026/07/29 23:11:25.034, 28, 2338, 58.99
2026/07/29 23:11:25.565, 28, 2338, 58.99
2026/07/29 23:11:26.099, 28, 2338, 58.99
2026/07/29 23:11:26.631, 28, 2338, 59.32
2026/07/29 23:11:27.164, 28, 2338, 59.05
2026/07/29 23:11:27.697, 28, 2338, 58.99
2026/07/29 23:11:28.229, 28, 2338, 59.05
2026/07/29 23:11:28.761, 28, 2338, 59.05
2026/07/29 23:11:29.294, 28, 2338, 58.99
2026/07/29 23:11:29.826, 28, 2338, 58.99
2026/07/29 23:11:30.359, 28, 2338, 58.99
2026/07/29 23:11:30.892, 28, 2338, 59.05
2026/07/29 23:11:31.424, 28, 2338, 59.05
2026/07/29 23:11:31.957, 28, 2338, 58.99
2026/07/29 23:11:32.490, 28, 2338, 59.05
2026/07/29 23:11:33.024, 28, 2338, 59.05
2026/07/29 23:11:33.556, 28, 2338, 59.05
2026/07/29 23:11:34.088, 28, 2338, 59.05
2026/07/29 23:11:34.621, 28, 2338, 59.05
2026/07/29 23:11:35.154, 28, 2338, 59.05
2026/07/29 23:11:35.686, 28, 2338, 58.99
2026/07/29 23:11:36.219, 28, 2338, 58.99
2026/07/29 23:11:36.751, 28, 2338, 59.05
2026/07/29 23:11:37.284, 28, 2338, 58.99
2026/07/29 23:11:37.815, 28, 2338, 58.99
2026/07/29 23:11:38.348, 28, 2338, 59.05
2026/07/29 23:11:38.880, 28, 2338, 59.05
2026/07/29 23:11:39.413, 28, 2338, 59.05
2026/07/29 23:11:39.946, 28, 2338, 59.05
2026/07/29 23:11:40.479, 28, 2338, 58.99
2026/07/29 23:11:41.014, 28, 2338, 60.57
2026/07/29 23:11:41.546, 28, 2338, 59.05
2026/07/29 23:11:42.078, 28, 2338, 59.05
2026/07/29 23:11:42.611, 28, 2338, 60.18
2026/07/29 23:11:43.144, 28, 2338, 59.32
2026/07/29 23:11:43.676, 28, 2338, 59.64
2026/07/29 23:11:44.212, 28, 2338, 59.32
2026/07/29 23:11:44.744, 28, 2338, 59.32
2026/07/29 23:11:45.277, 28, 2338, 59.64
2026/07/29 23:11:45.812, 28, 2338, 60.50
2026/07/29 23:11:46.344, 28, 2338, 59.32
2026/07/29 23:11:46.877, 28, 2338, 59.32
2026/07/29 23:11:47.412, 28, 2338, 59.05
2026/07/29 23:11:47.945, 28, 2338, 59.32
2026/07/29 23:11:48.478, 28, 2338, 59.05
2026/07/29 23:11:49.010, 28, 2338, 59.32
2026/07/29 23:11:49.541, 28, 2338, 59.05
2026/07/29 23:11:50.073, 28, 2338, 59.32
2026/07/29 23:11:50.605, 28, 2338, 59.32
2026/07/29 23:11:51.136, 28, 2338, 59.26
2026/07/29 23:11:51.669, 28, 2338, 58.99
2026/07/29 23:11:52.201, 28, 2338, 59.32
2026/07/29 23:11:52.733, 28, 2338, 59.32
2026/07/29 23:11:53.264, 28, 2338, 59.32
2026/07/29 23:11:53.795, 28, 2338, 59.32
2026/07/29 23:11:54.327, 28, 2338, 59.32
2026/07/29 23:11:54.861, 28, 2338, 59.64
2026/07/29 23:11:55.393, 28, 2338, 59.26
2026/07/29 23:11:55.926, 28, 2338, 59.26
2026/07/29 23:11:56.459, 28, 2338, 59.32
2026/07/29 23:11:56.995, 28, 2338, 59.32
2026/07/29 23:11:57.529, 28, 2338, 59.32
2026/07/29 23:11:58.062, 28, 2338, 59.32
2026/07/29 23:11:58.594, 28, 2338, 59.32
2026/07/29 23:11:59.125, 28, 2338, 59.32
2026/07/29 23:11:59.658, 28, 2338, 59.32
2026/07/29 23:12:00.190, 28, 2338, 59.32
2026/07/29 23:12:00.723, 28, 2338, 59.32
2026/07/29 23:12:01.255, 28, 2338, 59.32
2026/07/29 23:12:01.788, 28, 2338, 62.35
2026/07/29 23:12:02.321, 28, 2338, 60.24
2026/07/29 23:12:02.852, 28, 2338, 61.09
2026/07/29 23:12:03.386, 28, 2338, 59.32
2026/07/29 23:12:03.919, 28, 2338, 59.97
2026/07/29 23:12:04.451, 28, 2338, 59.64
2026/07/29 23:12:04.982, 28, 2338, 59.64
2026/07/29 23:12:05.516, 28, 2338, 59.32
2026/07/29 23:12:06.049, 28, 2338, 59.32
2026/07/29 23:12:06.580, 28, 2338, 59.32
2026/07/29 23:12:07.114, 28, 2338, 59.58
2026/07/29 23:12:07.645, 28, 2338, 59.64
2026/07/29 23:12:08.177, 28, 2338, 59.64
2026/07/29 23:12:08.711, 28, 2338, 59.64
2026/07/29 23:12:09.242, 28, 2338, 59.32
2026/07/29 23:12:09.775, 28, 2338, 59.64
2026/07/29 23:12:10.307, 28, 2338, 59.64
2026/07/29 23:12:10.839, 29, 2338, 59.64
2026/07/29 23:12:11.371, 29, 2338, 59.64
2026/07/29 23:12:11.903, 29, 2338, 59.58
2026/07/29 23:12:12.434, 29, 2338, 59.32
2026/07/29 23:12:12.967, 29, 2338, 59.26
2026/07/29 23:12:13.503, 29, 2338, 59.32
2026/07/29 23:12:14.035, 29, 2338, 59.32
2026/07/29 23:12:14.568, 29, 2338, 59.32
2026/07/29 23:12:15.100, 29, 2338, 59.32
2026/07/29 23:12:15.632, 29, 2338, 59.32
2026/07/29 23:12:16.163, 29, 2338, 59.26
2026/07/29 23:12:16.696, 29, 2338, 59.32
2026/07/29 23:12:17.231, 29, 2338, 59.32
2026/07/29 23:12:17.763, 29, 2338, 59.58
2026/07/29 23:12:18.295, 29, 2338, 59.58
2026/07/29 23:12:18.827, 29, 2338, 59.32
2026/07/29 23:12:19.360, 29, 2338, 59.64
2026/07/29 23:12:19.892, 29, 2338, 59.32
2026/07/29 23:12:20.424, 29, 2338, 59.32
2026/07/29 23:12:20.957, 29, 2338, 59.32
2026/07/29 23:12:21.490, 29, 2338, 59.05
2026/07/29 23:12:22.023, 29, 2338, 59.26
2026/07/29 23:12:22.556, 29, 2338, 59.32
2026/07/29 23:12:23.089, 29, 2338, 59.64
2026/07/29 23:12:23.621, 29, 2338, 59.32
2026/07/29 23:12:24.154, 29, 2338, 62.35
2026/07/29 23:12:24.685, 29, 2338, 59.32
2026/07/29 23:12:25.218, 29, 2338, 60.18
2026/07/29 23:12:25.750, 29, 2338, 59.32
2026/07/29 23:12:26.282, 29, 2338, 59.97
2026/07/29 23:12:26.815, 29, 2338, 60.57
2026/07/29 23:12:27.349, 29, 2338, 62.95
2026/07/29 23:12:27.882, 29, 2338, 59.64
2026/07/29 23:12:28.417, 29, 2338, 59.32
2026/07/29 23:12:28.950, 29, 2338, 59.32
2026/07/29 23:12:29.482, 29, 2338, 59.97
2026/07/29 23:12:30.018, 29, 2338, 59.32
2026/07/29 23:12:30.551, 29, 2338, 59.32
2026/07/29 23:12:31.083, 29, 2338, 59.64
2026/07/29 23:12:31.619, 29, 2338, 59.32
2026/07/29 23:12:32.151, 29, 2338, 59.32
2026/07/29 23:12:32.684, 29, 2338, 59.32
2026/07/29 23:12:33.216, 29, 2338, 59.26
2026/07/29 23:12:33.747, 29, 2338, 59.32
2026/07/29 23:12:34.279, 29, 2338, 59.64
2026/07/29 23:12:34.811, 29, 2338, 59.32
2026/07/29 23:12:35.344, 29, 2338, 59.64
2026/07/29 23:12:35.877, 29, 2338, 59.32
2026/07/29 23:12:36.410, 29, 2338, 59.32
2026/07/29 23:12:36.943, 29, 2338, 59.26
2026/07/29 23:12:37.478, 29, 2338, 59.26
2026/07/29 23:12:38.011, 29, 2338, 59.32
2026/07/29 23:12:38.544, 29, 2338, 59.32
2026/07/29 23:12:39.077, 29, 2338, 59.32
2026/07/29 23:12:39.609, 29, 2338, 59.32
2026/07/29 23:12:40.141, 29, 2338, 59.32
2026/07/29 23:12:40.673, 29, 2338, 59.32
2026/07/29 23:12:41.208, 29, 2338, 59.32
2026/07/29 23:12:41.741, 29, 2338, 59.32
2026/07/29 23:12:42.272, 29, 2338, 59.32
2026/07/29 23:12:42.806, 29, 2338, 59.26
2026/07/29 23:12:43.338, 29, 2338, 59.26
2026/07/29 23:12:43.872, 29, 2338, 59.32
2026/07/29 23:12:44.404, 29, 2338, 59.32
2026/07/29 23:12:44.937, 29, 2338, 59.32
2026/07/29 23:12:45.469, 29, 2338, 59.32
2026/07/29 23:12:46.004, 29, 2338, 59.97
2026/07/29 23:12:46.537, 29, 2338, 59.32
2026/07/29 23:12:47.070, 29, 2338, 59.26
2026/07/29 23:12:47.603, 29, 2338, 59.32
2026/07/29 23:12:48.137, 29, 2338, 61.16
2026/07/29 23:12:48.669, 29, 2338, 60.83
2026/07/29 23:12:49.201, 29, 2338, 59.32
2026/07/29 23:12:49.734, 29, 2338, 59.32
2026/07/29 23:12:50.266, 29, 2338, 60.24
2026/07/29 23:12:50.799, 29, 2338, 59.97
2026/07/29 23:12:51.332, 29, 2338, 59.97
2026/07/29 23:12:51.864, 29, 2338, 59.32
2026/07/29 23:12:52.397, 29, 2338, 59.64
2026/07/29 23:12:52.929, 29, 2338, 59.32
2026/07/29 23:12:53.461, 29, 2338, 59.26
2026/07/29 23:12:53.992, 29, 2338, 59.32
2026/07/29 23:12:54.524, 28, 2338, 59.32
2026/07/29 23:12:55.057, 28, 2338, 59.26
2026/07/29 23:12:55.590, 28, 2338, 59.32
2026/07/29 23:12:56.124, 28, 2338, 59.32
2026/07/29 23:12:56.656, 28, 2338, 59.32
2026/07/29 23:12:57.188, 28, 2338, 59.26
2026/07/29 23:12:57.720, 28, 2338, 59.32
2026/07/29 23:12:58.253, 28, 2338, 59.32
2026/07/29 23:12:58.784, 28, 2338, 59.26
2026/07/29 23:12:59.317, 28, 2338, 59.32
2026/07/29 23:12:59.850, 28, 2338, 59.64
2026/07/29 23:13:00.381, 28, 2338, 59.32
2026/07/29 23:13:00.914, 28, 2338, 59.32
2026/07/29 23:13:01.446, 28, 2338, 59.32
2026/07/29 23:13:01.979, 28, 2338, 59.32
2026/07/29 23:13:02.511, 28, 2338, 59.26
2026/07/29 23:13:03.044, 28, 2338, 59.26
2026/07/29 23:13:03.576, 28, 2338, 59.32
2026/07/29 23:13:04.109, 28, 2338, 59.26
2026/07/29 23:13:04.642, 28, 2338, 59.26
2026/07/29 23:13:05.176, 28, 2338, 59.58
2026/07/29 23:13:05.708, 28, 2338, 59.32
2026/07/29 23:13:06.240, 28, 2338, 59.32
2026/07/29 23:13:06.772, 28, 2338, 59.32
2026/07/29 23:13:07.306, 28, 2338, 59.32
2026/07/29 23:13:07.838, 28, 2338, 59.26
2026/07/29 23:13:08.371, 28, 2338, 59.97
2026/07/29 23:13:08.903, 28, 2338, 59.90
2026/07/29 23:13:09.435, 28, 2338, 62.08
2026/07/29 23:13:09.968, 28, 2338, 59.32
2026/07/29 23:13:10.501, 28, 2338, 59.64
2026/07/29 23:13:11.033, 28, 2338, 60.57
2026/07/29 23:13:11.566, 28, 2338, 59.32
2026/07/29 23:13:12.099, 28, 2338, 59.32
2026/07/29 23:13:12.632, 28, 2338, 59.32
2026/07/29 23:13:13.165, 28, 2338, 59.97
2026/07/29 23:13:13.696, 28, 2338, 59.32
2026/07/29 23:13:14.229, 28, 2338, 59.64
2026/07/29 23:13:14.762, 28, 2338, 59.58
2026/07/29 23:13:15.297, 28, 2338, 59.32
2026/07/29 23:13:15.828, 28, 2338, 59.64
2026/07/29 23:13:16.362, 28, 2338, 59.64
2026/07/29 23:13:16.893, 28, 2338, 59.32
2026/07/29 23:13:17.425, 28, 2338, 59.97
2026/07/29 23:13:17.957, 28, 2338, 59.64
2026/07/29 23:13:18.490, 28, 2338, 59.26
2026/07/29 23:13:19.021, 28, 2338, 59.26
2026/07/29 23:13:19.553, 28, 2338, 59.58
2026/07/29 23:13:20.088, 29, 2338, 59.26
2026/07/29 23:13:20.622, 28, 2338, 59.32
2026/07/29 23:13:21.158, 28, 2338, 59.32
2026/07/29 23:13:21.690, 28, 2338, 59.32
2026/07/29 23:13:22.224, 28, 2338, 59.32
2026/07/29 23:13:22.756, 28, 2338, 59.97
2026/07/29 23:13:23.289, 28, 2338, 59.26
2026/07/29 23:13:23.821, 28, 2338, 59.26
2026/07/29 23:13:24.354, 28, 2338, 59.32
2026/07/29 23:13:24.886, 28, 2338, 59.64
2026/07/29 23:13:25.423, 28, 2338, 59.32
2026/07/29 23:13:25.956, 28, 2338, 59.32
2026/07/29 23:13:26.488, 28, 2338, 59.32
2026/07/29 23:13:27.021, 28, 2338, 59.26
2026/07/29 23:13:27.553, 28, 2338, 59.05
2026/07/29 23:13:28.085, 28, 2338, 59.32
2026/07/29 23:13:28.619, 28, 2338, 59.32
2026/07/29 23:13:29.152, 28, 2338, 60.18
2026/07/29 23:13:29.684, 28, 2338, 60.24
2026/07/29 23:13:30.215, 28, 2338, 61.76
2026/07/29 23:13:30.748, 28, 2338, 66.50
2026/07/29 23:13:31.280, 28, 2338, 59.64
2026/07/29 23:13:31.817, 28, 2338, 60.24
2026/07/29 23:13:32.349, 28, 2338, 60.57
2026/07/29 23:13:32.882, 28, 2338, 59.97
2026/07/29 23:13:33.414, 28, 2338, 59.97
2026/07/29 23:13:33.947, 28, 2338, 59.32
2026/07/29 23:13:34.480, 28, 2338, 59.32
2026/07/29 23:13:35.014, 28, 2338, 59.32
2026/07/29 23:13:35.547, 28, 2338, 59.32
2026/07/29 23:13:36.080, 28, 2338, 59.32
2026/07/29 23:13:36.618, 28, 2338, 59.32
2026/07/29 23:13:37.151, 28, 2338, 59.32
2026/07/29 23:13:37.682, 28, 2338, 59.32
2026/07/29 23:13:38.216, 28, 2338, 59.32
2026/07/29 23:13:38.749, 28, 2338, 59.05
2026/07/29 23:13:39.282, 28, 2338, 59.32
2026/07/29 23:13:39.818, 29, 2338, 59.32
2026/07/29 23:13:40.354, 29, 2338, 59.32
2026/07/29 23:13:40.886, 29, 2338, 59.32
2026/07/29 23:13:41.422, 29, 2338, 59.32
2026/07/29 23:13:41.955, 29, 2338, 59.32
2026/07/29 23:13:42.488, 29, 2338, 59.32
2026/07/29 23:13:43.019, 29, 2338, 59.05
2026/07/29 23:13:43.551, 29, 2338, 60.24
2026/07/29 23:13:44.084, 29, 2338, 59.26
2026/07/29 23:13:44.616, 29, 2338, 59.32
2026/07/29 23:13:45.150, 29, 2338, 59.32
2026/07/29 23:13:45.682, 29, 2338, 59.32
2026/07/29 23:13:46.215, 29, 2338, 59.32
2026/07/29 23:13:46.749, 29, 2338, 59.32
2026/07/29 23:13:47.282, 29, 2338, 59.32
2026/07/29 23:13:47.815, 29, 2338, 59.32
2026/07/29 23:13:48.349, 29, 2338, 59.32
2026/07/29 23:13:48.883, 29, 2338, 59.64
2026/07/29 23:13:49.421, 29, 2338, 59.26
2026/07/29 23:13:49.953, 29, 2338, 59.26
2026/07/29 23:13:50.485, 29, 2338, 59.58
2026/07/29 23:13:51.017, 29, 2338, 59.32
2026/07/29 23:13:51.549, 29, 2338, 59.32
2026/07/29 23:13:52.081, 29, 2338, 61.36
2026/07/29 23:13:52.613, 29, 2338, 59.32
2026/07/29 23:13:53.146, 29, 2338, 59.32
2026/07/29 23:13:53.679, 29, 2338, 59.26
2026/07/29 23:13:54.211, 29, 2338, 59.26
2026/07/29 23:13:54.744, 29, 2338, 59.64
2026/07/29 23:13:55.277, 29, 2338, 59.97
2026/07/29 23:13:55.809, 29, 2338, 59.64
2026/07/29 23:13:56.342, 29, 2338, 59.97
2026/07/29 23:13:56.876, 29, 2338, 59.32
2026/07/29 23:13:57.408, 29, 2338, 59.32
2026/07/29 23:13:57.940, 29, 2338, 59.64
2026/07/29 23:13:58.472, 29, 2338, 59.32
2026/07/29 23:13:59.006, 29, 2338, 59.32
2026/07/29 23:13:59.537, 29, 2338, 59.32
2026/07/29 23:14:00.069, 29, 2338, 59.64
2026/07/29 23:14:00.602, 29, 2338, 59.32
2026/07/29 23:14:01.135, 29, 2338, 59.97
2026/07/29 23:14:01.668, 29, 2338, 59.32
2026/07/29 23:14:02.201, 29, 2338, 59.32
2026/07/29 23:14:02.733, 29, 2338, 59.32
2026/07/29 23:14:03.267, 29, 2338, 59.32
2026/07/29 23:14:03.799, 29, 2338, 59.32
2026/07/29 23:14:04.333, 29, 2338, 59.26
2026/07/29 23:14:04.866, 29, 2338, 59.32
2026/07/29 23:14:05.398, 29, 2338, 59.32
2026/07/29 23:14:05.930, 29, 2338, 59.32
2026/07/29 23:14:06.462, 29, 2338, 59.64
2026/07/29 23:14:06.995, 29, 2338, 59.32
2026/07/29 23:14:07.529, 29, 2338, 59.32
2026/07/29 23:14:08.062, 29, 2338, 59.32
2026/07/29 23:14:08.595, 29, 2338, 59.26
2026/07/29 23:14:09.127, 29, 2338, 59.32
2026/07/29 23:14:09.659, 29, 2338, 59.32
2026/07/29 23:14:10.192, 29, 2338, 59.32
2026/07/29 23:14:10.724, 29, 2338, 59.26
2026/07/29 23:14:11.256, 29, 2338, 59.32
2026/07/29 23:14:11.790, 29, 2338, 59.64
2026/07/29 23:14:12.322, 29, 2338, 60.18
2026/07/29 23:14:12.855, 29, 2338, 60.24
2026/07/29 23:14:13.388, 29, 2338, 60.83
2026/07/29 23:14:13.922, 29, 2338, 59.26
2026/07/29 23:14:14.454, 29, 2338, 60.50
2026/07/29 23:14:14.987, 29, 2338, 59.26
2026/07/29 23:14:15.520, 29, 2338, 59.32
2026/07/29 23:14:16.052, 29, 2338, 59.32
2026/07/29 23:14:16.583, 29, 2338, 59.64
2026/07/29 23:14:17.115, 29, 2338, 59.64
2026/07/29 23:14:17.648, 29, 2338, 59.32
2026/07/29 23:14:18.181, 29, 2338, 59.32
2026/07/29 23:14:18.717, 29, 2338, 59.90
2026/07/29 23:14:19.251, 29, 2338, 59.64
2026/07/29 23:14:19.782, 29, 2338, 59.64
2026/07/29 23:14:20.313, 29, 2338, 59.32
2026/07/29 23:14:20.847, 29, 2338, 59.64
2026/07/29 23:14:21.380, 29, 2338, 59.64
2026/07/29 23:14:21.915, 29, 2338, 59.58
2026/07/29 23:14:22.447, 29, 2338, 59.58
2026/07/29 23:14:22.981, 29, 2338, 59.64
2026/07/29 23:14:23.513, 29, 2338, 59.58
2026/07/29 23:14:24.045, 29, 2338, 59.58
2026/07/29 23:14:24.577, 29, 2338, 59.64
2026/07/29 23:14:25.108, 29, 2338, 59.64
2026/07/29 23:14:25.640, 29, 2338, 59.64
2026/07/29 23:14:26.172, 29, 2338, 59.64
2026/07/29 23:14:26.706, 29, 2338, 59.64
2026/07/29 23:14:27.238, 29, 2338, 59.64
2026/07/29 23:14:27.769, 29, 2338, 59.64
2026/07/29 23:14:28.301, 29, 2338, 59.32
2026/07/29 23:14:28.833, 29, 2338, 59.64
2026/07/29 23:14:29.366, 29, 2338, 60.18
2026/07/29 23:14:29.899, 29, 2338, 59.64
2026/07/29 23:14:30.432, 29, 2338, 59.64
2026/07/29 23:14:30.967, 29, 2338, 59.64
2026/07/29 23:14:31.499, 29, 2338, 59.64
2026/07/29 23:14:32.032, 29, 2338, 59.64
2026/07/29 23:14:32.563, 29, 2338, 59.64
2026/07/29 23:14:33.097, 29, 2338, 60.24
2026/07/29 23:14:33.629, 29, 2338, 62.35
2026/07/29 23:14:34.162, 29, 2338, 60.83
2026/07/29 23:14:34.695, 29, 2338, 61.43
2026/07/29 23:14:35.228, 29, 2338, 60.24
2026/07/29 23:14:35.760, 29, 2338, 59.97
2026/07/29 23:14:36.293, 29, 2338, 61.16
2026/07/29 23:14:36.825, 29, 2338, 59.64
2026/07/29 23:14:37.358, 29, 2338, 64.12
2026/07/29 23:14:37.890, 29, 2338, 59.64
2026/07/29 23:14:38.422, 29, 2338, 60.24
2026/07/29 23:14:38.954, 29, 2338, 59.32
2026/07/29 23:14:39.488, 29, 2338, 59.32
2026/07/29 23:14:40.021, 29, 2338, 59.97
2026/07/29 23:14:40.553, 29, 2338, 59.32
2026/07/29 23:14:41.086, 29, 2338, 59.58
2026/07/29 23:14:41.620, 29, 2338, 59.64
2026/07/29 23:14:42.152, 29, 2338, 59.64
2026/07/29 23:14:42.685, 29, 2338, 59.32
2026/07/29 23:14:43.216, 29, 2338, 59.26
2026/07/29 23:14:43.748, 29, 2338, 59.32
2026/07/29 23:14:44.279, 29, 2338, 59.64
2026/07/29 23:14:44.816, 29, 2338, 59.32
2026/07/29 23:14:45.349, 29, 2338, 59.32
2026/07/29 23:14:45.880, 29, 2338, 59.32
2026/07/29 23:14:46.417, 29, 2338, 59.32
2026/07/29 23:14:46.950, 29, 2338, 59.64
2026/07/29 23:14:47.482, 29, 2338, 59.32
2026/07/29 23:14:48.016, 29, 2338, 59.32
2026/07/29 23:14:48.550, 29, 2338, 59.32
2026/07/29 23:14:49.083, 29, 2338, 59.32
2026/07/29 23:14:49.616, 29, 2338, 59.26
2026/07/29 23:14:50.148, 29, 2338, 59.26
2026/07/29 23:14:50.681, 29, 2338, 59.32
2026/07/29 23:14:51.213, 29, 2338, 59.32
2026/07/29 23:14:51.744, 29, 2338, 59.32
2026/07/29 23:14:52.275, 29, 2338, 59.58
2026/07/29 23:14:52.809, 29, 2338, 59.32
2026/07/29 23:14:53.341, 29, 2338, 59.32
2026/07/29 23:14:53.873, 29, 2338, 59.26
2026/07/29 23:14:54.405, 29, 2338, 59.26
2026/07/29 23:14:54.937, 29, 2338, 59.26
2026/07/29 23:14:55.469, 29, 2338, 60.57
2026/07/29 23:14:56.001, 29, 2338, 59.58
2026/07/29 23:14:56.534, 29, 2338, 61.69
2026/07/29 23:14:57.067, 29, 2338, 60.57
2026/07/29 23:14:57.600, 29, 2338, 61.36
2026/07/29 23:14:58.133, 29, 2338, 59.26
2026/07/29 23:14:58.666, 29, 2338, 59.26
2026/07/29 23:14:59.200, 29, 2338, 59.32
2026/07/29 23:14:59.732, 29, 2338, 59.90
2026/07/29 23:15:00.264, 29, 2338, 59.26
2026/07/29 23:15:00.798, 29, 2338, 59.58
2026/07/29 23:15:01.332, 29, 2338, 59.58
2026/07/29 23:15:01.865, 29, 2338, 59.58
2026/07/29 23:15:02.399, 29, 2338, 59.32
2026/07/29 23:15:02.931, 29, 2338, 59.32
2026/07/29 23:15:03.464, 29, 2338, 59.32
2026/07/29 23:15:03.997, 29, 2338, 59.26
2026/07/29 23:15:04.530, 29, 2338, 59.58
2026/07/29 23:15:05.061, 28, 2338, 59.26
2026/07/29 23:15:05.592, 28, 2338, 59.58
2026/07/29 23:15:06.124, 28, 2338, 59.26
2026/07/29 23:15:06.656, 28, 2338, 59.32
2026/07/29 23:15:07.189, 28, 2338, 58.99
2026/07/29 23:15:07.721, 28, 2338, 59.26
2026/07/29 23:15:08.254, 28, 2338, 59.32
2026/07/29 23:15:08.788, 28, 2338, 59.26
2026/07/29 23:15:09.321, 28, 2338, 58.99
2026/07/29 23:15:09.853, 28, 2338, 59.58
2026/07/29 23:15:10.385, 28, 2338, 58.99
2026/07/29 23:15:10.920, 28, 2338, 59.26
2026/07/29 23:15:11.452, 28, 2338, 59.26
2026/07/29 23:15:11.984, 28, 2338, 59.26
2026/07/29 23:15:12.516, 28, 2338, 59.32
2026/07/29 23:15:13.048, 28, 2338, 59.32
2026/07/29 23:15:13.582, 28, 2338, 59.26
2026/07/29 23:15:14.114, 28, 2338, 59.26
2026/07/29 23:15:14.648, 28, 2338, 59.26
2026/07/29 23:15:15.179, 28, 2338, 59.26
2026/07/29 23:15:15.713, 28, 2338, 59.26
2026/07/29 23:15:16.245, 28, 2338, 59.05
2026/07/29 23:15:16.776, 28, 2338, 59.32
2026/07/29 23:15:17.313, 28, 2338, 60.50
2026/07/29 23:15:17.845, 28, 2338, 59.26
2026/07/29 23:15:18.376, 28, 2338, 58.99
2026/07/29 23:15:18.908, 28, 2338, 59.32
2026/07/29 23:15:19.441, 28, 2338, 59.26
2026/07/29 23:15:19.972, 28, 2338, 59.90
2026/07/29 23:15:20.509, 28, 2338, 59.90
2026/07/29 23:15:21.041, 28, 2338, 59.58
2026/07/29 23:15:21.574, 28, 2338, 60.18
2026/07/29 23:15:22.106, 28, 2338, 59.64
2026/07/29 23:15:22.637, 28, 2338, 59.97
2026/07/29 23:15:23.169, 28, 2338, 59.64
2026/07/29 23:15:23.702, 28, 2338, 59.32
2026/07/29 23:15:24.233, 28, 2338, 59.64
2026/07/29 23:15:24.765, 28, 2338, 59.05
2026/07/29 23:15:25.300, 28, 2338, 59.32
2026/07/29 23:15:25.833, 28, 2338, 59.26
2026/07/29 23:15:26.364, 28, 2338, 59.26
2026/07/29 23:15:26.895, 28, 2338, 59.26
2026/07/29 23:15:27.426, 28, 2338, 59.32
2026/07/29 23:15:27.958, 28, 2338, 59.32
2026/07/29 23:15:28.491, 28, 2338, 59.32
2026/07/29 23:15:29.024, 28, 2338, 59.32
2026/07/29 23:15:29.556, 28, 2338, 59.32
2026/07/29 23:15:30.088, 28, 2338, 59.32
2026/07/29 23:15:30.620, 28, 2338, 59.32
2026/07/29 23:15:31.154, 28, 2338, 59.64
2026/07/29 23:15:31.685, 28, 2338, 59.32
2026/07/29 23:15:32.220, 28, 2338, 59.32
2026/07/29 23:15:32.754, 28, 2338, 59.26
2026/07/29 23:15:33.288, 28, 2338, 59.26
2026/07/29 23:15:33.820, 28, 2338, 59.32
2026/07/29 23:15:34.353, 28, 2338, 59.32
2026/07/29 23:15:34.886, 28, 2338, 59.32
2026/07/29 23:15:35.420, 28, 2338, 59.26
2026/07/29 23:15:35.953, 28, 2338, 59.32
2026/07/29 23:15:36.489, 28, 2338, 59.32
2026/07/29 23:15:37.021, 28, 2338, 59.26
2026/07/29 23:15:37.555, 28, 2338, 59.58
2026/07/29 23:15:38.088, 28, 2338, 59.32
2026/07/29 23:15:38.622, 28, 2338, 59.97
2026/07/29 23:15:39.153, 28, 2338, 61.69
2026/07/29 23:15:39.687, 28, 2338, 60.24
2026/07/29 23:15:40.219, 28, 2338, 59.97
2026/07/29 23:15:40.751, 28, 2338, 59.32
2026/07/29 23:15:41.285, 28, 2338, 60.24
2026/07/29 23:15:41.817, 28, 2338, 59.32
2026/07/29 23:15:42.348, 28, 2338, 59.97
2026/07/29 23:15:42.881, 28, 2338, 59.05
2026/07/29 23:15:43.414, 28, 2338, 59.97
2026/07/29 23:15:43.946, 28, 2338, 59.64
2026/07/29 23:15:44.480, 28, 2338, 59.32
2026/07/29 23:15:45.014, 28, 2338, 59.05
2026/07/29 23:15:45.546, 28, 2338, 59.05
2026/07/29 23:15:46.078, 28, 2338, 59.05
2026/07/29 23:15:46.610, 28, 2338, 59.05
2026/07/29 23:15:47.143, 28, 2338, 59.32
2026/07/29 23:15:47.676, 28, 2338, 59.32
2026/07/29 23:15:48.208, 28, 2338, 59.05
2026/07/29 23:15:48.739, 28, 2338, 59.32
2026/07/29 23:15:49.272, 28, 2338, 59.32
2026/07/29 23:15:49.803, 28, 2338, 59.32
2026/07/29 23:15:50.335, 28, 2338, 58.99
2026/07/29 23:15:50.867, 28, 2338, 59.32
2026/07/29 23:15:51.403, 28, 2338, 59.05
2026/07/29 23:15:51.936, 28, 2338, 59.32
2026/07/29 23:15:52.469, 28, 2338, 59.32
2026/07/29 23:15:53.001, 28, 2338, 59.32
2026/07/29 23:15:53.533, 29, 2338, 59.32
2026/07/29 23:15:54.065, 29, 2338, 59.32
2026/07/29 23:15:54.597, 29, 2338, 59.32
2026/07/29 23:15:55.130, 29, 2338, 59.32
2026/07/29 23:15:55.663, 29, 2338, 59.32
2026/07/29 23:15:56.195, 29, 2338, 59.26
2026/07/29 23:15:56.727, 29, 2338, 59.32
2026/07/29 23:15:57.260, 29, 2338, 59.32
2026/07/29 23:15:57.795, 29, 2338, 59.32
2026/07/29 23:15:58.328, 29, 2338, 59.26
2026/07/29 23:15:58.861, 29, 2338, 59.26
2026/07/29 23:15:59.395, 29, 2338, 59.90
2026/07/29 23:15:59.926, 29, 2338, 60.18
2026/07/29 23:16:00.458, 29, 2338, 60.57
2026/07/29 23:16:00.989, 29, 2338, 59.32
2026/07/29 23:16:01.521, 29, 2338, 61.43
2026/07/29 23:16:02.054, 29, 2338, 59.26
2026/07/29 23:16:02.586, 29, 2338, 59.32
2026/07/29 23:16:03.120, 29, 2338, 59.32
2026/07/29 23:16:03.652, 29, 2338, 59.26
2026/07/29 23:16:04.188, 29, 2338, 59.90
2026/07/29 23:16:04.721, 29, 2338, 59.26
2026/07/29 23:16:05.254, 29, 2338, 59.90
2026/07/29 23:16:05.786, 29, 2338, 59.26
2026/07/29 23:16:06.320, 29, 2338, 59.97
2026/07/29 23:16:06.854, 29, 2338, 59.26
2026/07/29 23:16:07.387, 29, 2338, 59.58
2026/07/29 23:16:07.921, 29, 2338, 60.18
2026/07/29 23:16:08.454, 29, 2338, 59.32
2026/07/29 23:16:08.989, 29, 2338, 59.32
2026/07/29 23:16:09.521, 29, 2338, 59.32
2026/07/29 23:16:10.052, 29, 2338, 59.32
2026/07/29 23:16:10.584, 28, 2338, 59.32
2026/07/29 23:16:11.120, 28, 2338, 59.32
2026/07/29 23:16:11.653, 28, 2338, 59.32
2026/07/29 23:16:12.185, 28, 2338, 59.32
2026/07/29 23:16:12.718, 28, 2338, 59.26
2026/07/29 23:16:13.251, 28, 2338, 59.26
2026/07/29 23:16:13.783, 28, 2338, 59.32
2026/07/29 23:16:14.315, 28, 2338, 59.05
2026/07/29 23:16:14.847, 28, 2338, 59.32
2026/07/29 23:16:15.378, 28, 2338, 59.32
2026/07/29 23:16:15.912, 28, 2338, 59.26
2026/07/29 23:16:16.445, 28, 2338, 59.26
2026/07/29 23:16:16.977, 28, 2338, 59.26
2026/07/29 23:16:17.513, 28, 2338, 59.32
2026/07/29 23:16:18.044, 28, 2338, 59.32
2026/07/29 23:16:18.577, 28, 2338, 59.64
2026/07/29 23:16:19.109, 28, 2338, 59.32
2026/07/29 23:16:19.640, 29, 2338, 59.32
2026/07/29 23:16:20.171, 28, 2338, 59.32
2026/07/29 23:16:20.705, 29, 2338, 59.26
2026/07/29 23:16:21.237, 29, 2338, 59.32
2026/07/29 23:16:21.768, 29, 2338, 59.32
2026/07/29 23:16:22.300, 29, 2338, 59.32
2026/07/29 23:16:22.834, 29, 2338, 70.39
2026/07/29 23:16:23.367, 29, 2338, 61.43
2026/07/29 23:16:23.900, 29, 2338, 59.64
2026/07/29 23:16:24.432, 29, 2338, 59.32
2026/07/29 23:16:24.966, 29, 2338, 59.90
2026/07/29 23:16:25.498, 29, 2338, 60.18
2026/07/29 23:16:26.030, 29, 2338, 59.64
2026/07/29 23:16:26.562, 29, 2338, 59.26
2026/07/29 23:16:27.095, 29, 2338, 59.26
2026/07/29 23:16:27.627, 29, 2338, 59.32
2026/07/29 23:16:28.161, 29, 2338, 59.32
2026/07/29 23:16:28.694, 29, 2338, 59.26
2026/07/29 23:16:29.227, 29, 2338, 59.64
2026/07/29 23:16:29.758, 29, 2338, 59.32
2026/07/29 23:16:30.289, 29, 2338, 60.24
2026/07/29 23:16:30.821, 29, 2338, 59.26
2026/07/29 23:16:31.356, 29, 2338, 59.32
2026/07/29 23:16:31.888, 29, 2338, 59.32
2026/07/29 23:16:32.423, 29, 2338, 59.26
2026/07/29 23:16:32.956, 29, 2338, 59.64
2026/07/29 23:16:33.491, 29, 2338, 59.32
2026/07/29 23:16:34.022, 29, 2338, 59.26
2026/07/29 23:16:34.555, 29, 2338, 59.26
2026/07/29 23:16:35.087, 29, 2338, 59.32
2026/07/29 23:16:35.619, 29, 2338, 59.32
2026/07/29 23:16:36.150, 29, 2338, 59.32
2026/07/29 23:16:36.683, 29, 2338, 59.64
2026/07/29 23:16:37.216, 29, 2338, 59.32
2026/07/29 23:16:37.747, 29, 2338, 59.32
2026/07/29 23:16:38.279, 29, 2338, 59.32
2026/07/29 23:16:38.816, 29, 2338, 59.26
2026/07/29 23:16:39.348, 29, 2338, 59.32
2026/07/29 23:16:39.881, 29, 2338, 59.32
2026/07/29 23:16:40.412, 29, 2338, 59.26
2026/07/29 23:16:40.945, 29, 2338, 59.26
2026/07/29 23:16:41.478, 29, 2338, 59.97
2026/07/29 23:16:42.009, 29, 2338, 59.58
2026/07/29 23:16:42.542, 29, 2338, 59.58
2026/07/29 23:16:43.075, 29, 2338, 60.24
2026/07/29 23:16:43.608, 29, 2338, 59.32
2026/07/29 23:16:44.141, 29, 2338, 60.83
2026/07/29 23:16:44.673, 29, 2338, 61.16
2026/07/29 23:16:45.205, 29, 2338, 61.16
2026/07/29 23:16:45.736, 29, 2338, 60.57
2026/07/29 23:16:46.266, 29, 2338, 59.32
2026/07/29 23:16:46.799, 29, 2338, 59.64
2026/07/29 23:16:47.331, 29, 2338, 59.32
2026/07/29 23:16:47.862, 29, 2338, 59.64
2026/07/29 23:16:48.394, 29, 2338, 59.32
2026/07/29 23:16:48.926, 29, 2338, 59.32
2026/07/29 23:16:49.458, 29, 2338, 59.32
2026/07/29 23:16:49.991, 29, 2338, 59.32
2026/07/29 23:16:50.522, 29, 2338, 59.64
2026/07/29 23:16:51.057, 29, 2338, 59.32
2026/07/29 23:16:51.589, 29, 2338, 59.32
2026/07/29 23:16:52.120, 29, 2338, 59.32
2026/07/29 23:16:52.652, 29, 2338, 59.32
2026/07/29 23:16:53.185, 29, 2338, 59.64
2026/07/29 23:16:53.718, 29, 2338, 59.32
2026/07/29 23:16:54.250, 29, 2338, 59.32
2026/07/29 23:16:54.782, 29, 2338, 59.32
2026/07/29 23:16:55.316, 29, 2338, 59.26
2026/07/29 23:16:55.849, 29, 2338, 59.32
2026/07/29 23:16:56.381, 29, 2338, 59.32
2026/07/29 23:16:56.917, 29, 2338, 59.32
2026/07/29 23:16:57.448, 29, 2338, 59.26
2026/07/29 23:16:57.982, 29, 2338, 59.32
2026/07/29 23:16:58.514, 29, 2338, 59.32
2026/07/29 23:16:59.046, 29, 2338, 59.32
2026/07/29 23:16:59.580, 29, 2338, 59.32
2026/07/29 23:17:00.112, 29, 2338, 59.32
2026/07/29 23:17:00.645, 29, 2338, 59.32
2026/07/29 23:17:01.177, 29, 2338, 59.64
2026/07/29 23:17:01.709, 29, 2338, 59.32
2026/07/29 23:17:02.241, 29, 2338, 59.32
2026/07/29 23:17:02.775, 29, 2338, 59.32
2026/07/29 23:17:03.306, 29, 2338, 59.26
2026/07/29 23:17:03.839, 29, 2338, 59.32
2026/07/29 23:17:04.371, 29, 2338, 59.32
2026/07/29 23:17:04.903, 29, 2338, 60.24
2026/07/29 23:17:05.435, 29, 2338, 60.18
2026/07/29 23:17:05.969, 29, 2338, 59.32
2026/07/29 23:17:06.501, 29, 2338, 59.64
2026/07/29 23:17:07.033, 29, 2338, 67.17
2026/07/29 23:17:07.565, 29, 2338, 59.97
2026/07/29 23:17:08.100, 29, 2338, 59.58
2026/07/29 23:17:08.632, 29, 2338, 59.64
2026/07/29 23:17:09.165, 29, 2338, 59.26
2026/07/29 23:17:09.698, 29, 2338, 59.32
2026/07/29 23:17:10.230, 29, 2338, 59.32
2026/07/29 23:17:10.762, 29, 2338, 59.32
2026/07/29 23:17:11.294, 29, 2338, 59.64
2026/07/29 23:17:11.825, 29, 2338, 59.64
2026/07/29 23:17:12.359, 29, 2338, 59.32
2026/07/29 23:17:12.891, 29, 2338, 59.32
2026/07/29 23:17:13.425, 29, 2338, 60.18
2026/07/29 23:17:13.957, 29, 2338, 59.26
2026/07/29 23:17:14.489, 29, 2338, 59.32
2026/07/29 23:17:15.021, 29, 2338, 59.26
2026/07/29 23:17:15.553, 29, 2338, 59.26
2026/07/29 23:17:16.084, 29, 2338, 59.32
2026/07/29 23:17:16.618, 29, 2338, 59.26
2026/07/29 23:17:17.149, 29, 2338, 59.64
2026/07/29 23:17:17.681, 29, 2338, 59.32
2026/07/29 23:17:18.213, 29, 2338, 59.32
2026/07/29 23:17:18.747, 29, 2338, 59.32
2026/07/29 23:17:19.281, 29, 2338, 59.32
2026/07/29 23:17:19.815, 29, 2338, 59.32
2026/07/29 23:17:20.350, 29, 2338, 59.32
2026/07/29 23:17:20.884, 29, 2338, 59.26
2026/07/29 23:17:21.417, 29, 2338, 59.32
2026/07/29 23:17:21.950, 29, 2338, 59.32
2026/07/29 23:17:22.484, 29, 2338, 59.64
2026/07/29 23:17:23.019, 29, 2338, 59.32
2026/07/29 23:17:23.552, 29, 2338, 59.32
2026/07/29 23:17:24.088, 29, 2338, 59.32
2026/07/29 23:17:24.622, 29, 2338, 59.26
2026/07/29 23:17:25.155, 29, 2338, 59.32
2026/07/29 23:17:25.688, 29, 2338, 59.58
2026/07/29 23:17:26.221, 29, 2338, 59.64
2026/07/29 23:17:26.753, 29, 2338, 59.26
2026/07/29 23:17:27.286, 29, 2338, 59.32
2026/07/29 23:17:27.819, 29, 2338, 59.32
2026/07/29 23:17:28.353, 29, 2338, 61.36
2026/07/29 23:17:28.884, 29, 2338, 59.26
2026/07/29 23:17:29.417, 29, 2338, 60.83
2026/07/29 23:17:29.949, 29, 2338, 59.32
2026/07/29 23:17:30.481, 29, 2338, 59.97
2026/07/29 23:17:31.016, 29, 2338, 59.97
2026/07/29 23:17:31.549, 29, 2338, 59.32
2026/07/29 23:17:32.082, 29, 2338, 59.58
2026/07/29 23:17:32.617, 29, 2338, 59.64
2026/07/29 23:17:33.150, 29, 2338, 59.97
2026/07/29 23:17:33.684, 29, 2338, 59.32
2026/07/29 23:17:34.217, 29, 2338, 59.26
2026/07/29 23:17:34.750, 29, 2338, 59.32
2026/07/29 23:17:35.283, 29, 2338, 59.64
2026/07/29 23:17:35.816, 29, 2338, 59.32
2026/07/29 23:17:36.349, 29, 2338, 59.64
2026/07/29 23:17:36.882, 29, 2338, 59.32
2026/07/29 23:17:37.417, 29, 2338, 59.64
2026/07/29 23:17:37.950, 29, 2338, 59.32
2026/07/29 23:17:38.482, 29, 2338, 59.64
2026/07/29 23:17:39.017, 29, 2338, 59.32
2026/07/29 23:17:39.549, 29, 2338, 59.97
2026/07/29 23:17:40.082, 29, 2338, 59.32
2026/07/29 23:17:40.615, 29, 2338, 59.32
2026/07/29 23:17:41.147, 29, 2338, 59.58
2026/07/29 23:17:41.679, 29, 2338, 59.64
2026/07/29 23:17:42.212, 29, 2338, 59.64
2026/07/29 23:17:42.745, 29, 2338, 59.32
2026/07/29 23:17:43.278, 29, 2338, 59.26
2026/07/29 23:17:43.809, 29, 2338, 59.32
2026/07/29 23:17:44.341, 29, 2338, 59.26
2026/07/29 23:17:44.874, 29, 2338, 59.32
2026/07/29 23:17:45.406, 29, 2338, 59.32
2026/07/29 23:17:45.938, 29, 2338, 59.32
2026/07/29 23:17:46.471, 29, 2338, 59.58
2026/07/29 23:17:47.003, 29, 2338, 62.67
2026/07/29 23:17:47.535, 28, 2338, 59.32
2026/07/29 23:17:48.068, 28, 2338, 61.69
2026/07/29 23:17:48.601, 28, 2338, 60.24
2026/07/29 23:17:49.133, 28, 2338, 59.58
2026/07/29 23:17:49.663, 28, 2338, 65.31
2026/07/29 23:17:50.195, 28, 2338, 60.24
2026/07/29 23:17:50.728, 28, 2338, 59.32
2026/07/29 23:17:51.260, 28, 2338, 59.64
2026/07/29 23:17:51.793, 28, 2338, 59.26
2026/07/29 23:17:52.324, 28, 2338, 59.90
2026/07/29 23:17:52.855, 28, 2338, 59.64
2026/07/29 23:17:53.386, 28, 2338, 59.64
2026/07/29 23:17:53.918, 28, 2338, 59.64
2026/07/29 23:17:54.451, 28, 2338, 59.32
2026/07/29 23:17:54.984, 28, 2338, 59.32
2026/07/29 23:17:55.520, 28, 2338, 59.26
2026/07/29 23:17:56.052, 28, 2338, 59.26
2026/07/29 23:17:56.584, 28, 2338, 59.26
2026/07/29 23:17:57.116, 28, 2338, 59.32
2026/07/29 23:17:57.649, 29, 2338, 59.26
2026/07/29 23:17:58.180, 29, 2338, 59.32
2026/07/29 23:17:58.713, 29, 2338, 59.32
2026/07/29 23:17:59.244, 29, 2338, 60.24
2026/07/29 23:17:59.776, 29, 2338, 59.05
2026/07/29 23:18:00.310, 29, 2338, 59.05
2026/07/29 23:18:00.842, 29, 2338, 59.32
2026/07/29 23:18:01.375, 29, 2338, 59.32
2026/07/29 23:18:01.906, 29, 2338, 59.32
2026/07/29 23:18:02.439, 29, 2338, 59.32
2026/07/29 23:18:02.970, 29, 2338, 59.32
2026/07/29 23:18:03.504, 29, 2338, 59.32
2026/07/29 23:18:04.038, 29, 2338, 59.32
2026/07/29 23:18:04.571, 29, 2338, 59.32
2026/07/29 23:18:05.105, 29, 2338, 59.32
2026/07/29 23:18:05.636, 29, 2338, 59.05
2026/07/29 23:18:06.169, 29, 2338, 59.26
2026/07/29 23:18:06.701, 29, 2338, 59.32
2026/07/29 23:18:07.233, 29, 2338, 59.32
2026/07/29 23:18:07.765, 29, 2338, 61.16
2026/07/29 23:18:08.301, 29, 2338, 59.32
2026/07/29 23:18:08.834, 29, 2338, 62.35
2026/07/29 23:18:09.366, 29, 2338, 59.32
2026/07/29 23:18:09.902, 29, 2338, 59.97
2026/07/29 23:18:10.433, 29, 2338, 61.09
2026/07/29 23:18:10.965, 29, 2338, 59.32
2026/07/29 23:18:11.497, 29, 2338, 60.24
2026/07/29 23:18:12.031, 29, 2338, 59.32
2026/07/29 23:18:12.563, 29, 2338, 59.32
2026/07/29 23:18:13.096, 29, 2338, 59.32
2026/07/29 23:18:13.628, 29, 2338, 59.32
2026/07/29 23:18:14.160, 29, 2338, 59.97
2026/07/29 23:18:14.693, 29, 2338, 59.64
2026/07/29 23:18:15.224, 29, 2338, 59.64
2026/07/29 23:18:15.757, 29, 2338, 59.58
2026/07/29 23:18:16.289, 29, 2338, 59.32
2026/07/29 23:18:16.822, 29, 2338, 59.32
2026/07/29 23:18:17.355, 29, 2338, 59.32
2026/07/29 23:18:17.886, 29, 2338, 59.32
2026/07/29 23:18:18.419, 29, 2338, 59.32
2026/07/29 23:18:18.952, 29, 2338, 59.32
2026/07/29 23:18:19.485, 29, 2338, 59.32
2026/07/29 23:18:20.018, 29, 2338, 59.26
2026/07/29 23:18:20.550, 29, 2338, 59.64
2026/07/29 23:18:21.082, 29, 2338, 59.32
2026/07/29 23:18:21.618, 29, 2338, 59.26
2026/07/29 23:18:22.149, 29, 2338, 59.32
2026/07/29 23:18:22.682, 29, 2338, 59.32
2026/07/29 23:18:23.215, 29, 2338, 59.32
2026/07/29 23:18:23.749, 29, 2338, 59.32
2026/07/29 23:18:24.283, 29, 2338, 59.32
2026/07/29 23:18:24.817, 29, 2338, 59.32
2026/07/29 23:18:25.351, 29, 2338, 59.32
2026/07/29 23:18:25.883, 29, 2338, 59.32
2026/07/29 23:18:26.419, 29, 2338, 59.32
2026/07/29 23:18:26.952, 29, 2338, 59.32
2026/07/29 23:18:27.488, 29, 2338, 59.58
2026/07/29 23:18:28.020, 29, 2338, 59.32
2026/07/29 23:18:28.552, 29, 2338, 59.26
2026/07/29 23:18:29.084, 29, 2338, 62.35
2026/07/29 23:18:29.616, 29, 2338, 59.32
2026/07/29 23:18:30.147, 29, 2338, 62.35
2026/07/29 23:18:30.677, 29, 2338, 59.64
2026/07/29 23:18:31.208, 29, 2338, 61.43
2026/07/29 23:18:31.740, 29, 2338, 59.32
2026/07/29 23:18:32.271, 29, 2338, 59.26
2026/07/29 23:18:32.802, 29, 2338, 59.26
2026/07/29 23:18:33.335, 29, 2338, 59.64
2026/07/29 23:18:33.869, 29, 2338, 59.64
2026/07/29 23:18:34.401, 29, 2338, 59.32
2026/07/29 23:18:34.932, 29, 2338, 59.32
2026/07/29 23:18:35.464, 29, 2338, 59.97
2026/07/29 23:18:35.997, 29, 2338, 59.64
2026/07/29 23:18:36.530, 29, 2338, 59.97
2026/07/29 23:18:37.064, 29, 2338, 59.32
2026/07/29 23:18:37.599, 29, 2338, 59.64
2026/07/29 23:18:38.132, 29, 2338, 59.32
2026/07/29 23:18:38.664, 29, 2338, 59.64
2026/07/29 23:18:39.197, 29, 2338, 59.64
2026/07/29 23:18:39.729, 29, 2338, 59.32
2026/07/29 23:18:40.262, 29, 2338, 59.64
2026/07/29 23:18:40.795, 29, 2338, 59.64
2026/07/29 23:18:41.326, 29, 2338, 59.64
2026/07/29 23:18:41.859, 29, 2338, 59.64
2026/07/29 23:18:42.390, 29, 2338, 59.64
2026/07/29 23:18:42.925, 29, 2338, 59.32
2026/07/29 23:18:43.456, 29, 2338, 59.64
2026/07/29 23:18:43.988, 29, 2338, 59.32
2026/07/29 23:18:44.521, 29, 2338, 59.64
2026/07/29 23:18:45.055, 29, 2338, 59.64
2026/07/29 23:18:45.587, 29, 2338, 59.64
2026/07/29 23:18:46.120, 29, 2338, 59.64
2026/07/29 23:18:46.652, 29, 2338, 59.64
2026/07/29 23:18:47.186, 29, 2338, 59.97
2026/07/29 23:18:47.720, 29, 2338, 59.58
2026/07/29 23:18:48.252, 29, 2338, 59.64
2026/07/29 23:18:48.784, 29, 2338, 59.58
2026/07/29 23:18:49.320, 29, 2338, 60.50
2026/07/29 23:18:49.852, 29, 2338, 62.08
2026/07/29 23:18:50.387, 29, 2338, 59.64
2026/07/29 23:18:50.921, 29, 2338, 59.64
2026/07/29 23:18:51.454, 29, 2338, 60.83
2026/07/29 23:18:51.987, 29, 2338, 59.64
2026/07/29 23:18:52.521, 29, 2338, 59.97
2026/07/29 23:18:53.053, 29, 2338, 59.64
2026/07/29 23:18:53.587, 29, 2338, 59.97
2026/07/29 23:18:54.119, 29, 2338, 59.58
2026/07/29 23:18:54.652, 29, 2338, 59.64
2026/07/29 23:18:55.186, 29, 2338, 59.64
2026/07/29 23:18:55.718, 29, 2338, 59.64
2026/07/29 23:18:56.249, 29, 2338, 59.58
2026/07/29 23:18:56.782, 29, 2338, 59.64
2026/07/29 23:18:57.315, 29, 2338, 59.64
2026/07/29 23:18:57.848, 29, 2338, 59.64
2026/07/29 23:18:58.380, 29, 2338, 59.64
2026/07/29 23:18:58.912, 29, 2338, 59.64
2026/07/29 23:18:59.445, 29, 2338, 59.64
2026/07/29 23:18:59.980, 29, 2338, 59.64
2026/07/29 23:19:00.516, 29, 2338, 59.64
2026/07/29 23:19:01.048, 29, 2338, 60.57
2026/07/29 23:19:01.584, 29, 2338, 59.64
2026/07/29 23:19:02.116, 29, 2338, 59.64
2026/07/29 23:19:02.647, 29, 2338, 59.32
2026/07/29 23:19:03.180, 29, 2338, 59.26
2026/07/29 23:19:03.712, 29, 2338, 59.32
2026/07/29 23:19:04.245, 29, 2338, 59.32
2026/07/29 23:19:04.777, 29, 2338, 59.26
2026/07/29 23:19:05.312, 29, 2338, 59.32
2026/07/29 23:19:05.844, 29, 2338, 59.32
2026/07/29 23:19:06.375, 29, 2338, 59.32
2026/07/29 23:19:06.909, 29, 2338, 59.32
2026/07/29 23:19:07.441, 29, 2338, 59.26
2026/07/29 23:19:07.974, 29, 2338, 59.32
2026/07/29 23:19:08.506, 29, 2338, 59.32
2026/07/29 23:19:09.040, 29, 2338, 61.36
2026/07/29 23:19:09.575, 29, 2338, 59.26
2026/07/29 23:19:10.109, 29, 2338, 59.32
2026/07/29 23:19:10.640, 29, 2338, 60.57
2026/07/29 23:19:11.172, 29, 2338, 59.26
2026/07/29 23:19:11.706, 29, 2338, 59.32
2026/07/29 23:19:12.239, 29, 2338, 59.32
2026/07/29 23:19:12.772, 29, 2338, 60.18
2026/07/29 23:19:13.303, 29, 2338, 59.32
2026/07/29 23:19:13.834, 29, 2338, 59.64
2026/07/29 23:19:14.366, 29, 2338, 59.58
2026/07/29 23:19:14.898, 29, 2338, 59.64
2026/07/29 23:19:15.432, 29, 2338, 59.64
2026/07/29 23:19:15.964, 29, 2338, 59.32
2026/07/29 23:19:16.501, 29, 2338, 59.26
2026/07/29 23:19:17.033, 29, 2338, 59.32
2026/07/29 23:19:17.564, 29, 2338, 59.64
2026/07/29 23:19:18.095, 29, 2338, 59.32
2026/07/29 23:19:18.626, 29, 2338, 59.32
2026/07/29 23:19:19.158, 29, 2338, 59.32
2026/07/29 23:19:19.691, 29, 2338, 59.32
2026/07/29 23:19:20.222, 29, 2338, 59.32
2026/07/29 23:19:20.754, 29, 2338, 59.32
2026/07/29 23:19:21.286, 29, 2338, 59.32
2026/07/29 23:19:21.818, 29, 2338, 59.32
2026/07/29 23:19:22.348, 29, 2338, 60.24
2026/07/29 23:19:22.881, 29, 2338, 59.32
2026/07/29 23:19:23.413, 29, 2338, 59.26
2026/07/29 23:19:23.945, 29, 2338, 59.32
2026/07/29 23:19:24.476, 29, 2338, 59.32
2026/07/29 23:19:25.008, 29, 2338, 59.26
2026/07/29 23:19:25.541, 29, 2338, 59.26
2026/07/29 23:19:26.072, 29, 2338, 59.64
2026/07/29 23:19:26.605, 29, 2338, 59.64
2026/07/29 23:19:27.138, 29, 2338, 59.58
2026/07/29 23:19:27.673, 29, 2338, 60.24
2026/07/29 23:19:28.206, 29, 2338, 59.64
2026/07/29 23:19:28.737, 29, 2338, 59.32
2026/07/29 23:19:29.270, 29, 2338, 59.26
2026/07/29 23:19:29.805, 29, 2338, 59.32
2026/07/29 23:19:30.338, 29, 2338, 62.35
2026/07/29 23:19:30.871, 29, 2338, 59.64
2026/07/29 23:19:31.406, 29, 2338, 60.24
2026/07/29 23:19:31.937, 29, 2338, 59.97
2026/07/29 23:19:32.469, 29, 2338, 59.32
2026/07/29 23:19:33.001, 29, 2338, 59.64
2026/07/29 23:19:33.534, 29, 2338, 59.97
2026/07/29 23:19:34.066, 29, 2338, 59.90
2026/07/29 23:19:34.600, 29, 2338, 59.26
2026/07/29 23:19:35.132, 29, 2338, 59.64
2026/07/29 23:19:35.664, 29, 2338, 59.97
2026/07/29 23:19:36.196, 29, 2338, 59.58
2026/07/29 23:19:36.728, 29, 2338, 59.64
2026/07/29 23:19:37.261, 29, 2338, 59.32
2026/07/29 23:19:37.795, 29, 2338, 59.64
2026/07/29 23:19:38.328, 29, 2338, 59.64
2026/07/29 23:19:38.861, 29, 2338, 59.64
2026/07/29 23:19:39.393, 29, 2338, 59.64
2026/07/29 23:19:39.924, 29, 2338, 59.26
2026/07/29 23:19:40.458, 29, 2338, 59.64
2026/07/29 23:19:40.989, 29, 2338, 59.64
2026/07/29 23:19:41.524, 29, 2338, 59.58
2026/07/29 23:19:42.057, 29, 2338, 59.64
2026/07/29 23:19:42.592, 29, 2338, 59.64
2026/07/29 23:19:43.123, 29, 2338, 59.58
2026/07/29 23:19:43.655, 29, 2338, 59.64
2026/07/29 23:19:44.187, 29, 2338, 59.58
2026/07/29 23:19:44.718, 29, 2338, 59.58
2026/07/29 23:19:45.251, 29, 2338, 59.64
2026/07/29 23:19:45.784, 29, 2338, 59.64
2026/07/29 23:19:46.316, 29, 2338, 59.64
2026/07/29 23:19:46.849, 29, 2338, 59.26
2026/07/29 23:19:47.381, 29, 2338, 59.64
2026/07/29 23:19:47.913, 29, 2338, 59.58
2026/07/29 23:19:48.445, 29, 2338, 59.58
2026/07/29 23:19:48.977, 29, 2338, 60.18
2026/07/29 23:19:49.510, 29, 2338, 59.58
2026/07/29 23:19:50.041, 29, 2338, 59.58
2026/07/29 23:19:50.575, 29, 2338, 59.58
2026/07/29 23:19:51.107, 29, 2338, 62.35
2026/07/29 23:19:51.640, 29, 2338, 59.58
2026/07/29 23:19:52.172, 29, 2338, 61.36
2026/07/29 23:19:52.702, 29, 2338, 60.24
2026/07/29 23:19:53.233, 29, 2338, 60.83
2026/07/29 23:19:53.766, 29, 2338, 59.58
2026/07/29 23:19:54.299, 29, 2338, 59.58
2026/07/29 23:19:54.833, 29, 2338, 63.47
2026/07/29 23:19:55.365, 29, 2338, 59.90
2026/07/29 23:19:55.899, 29, 2338, 59.58
2026/07/29 23:19:56.431, 29, 2338, 59.64
2026/07/29 23:19:56.964, 29, 2338, 59.58
2026/07/29 23:19:57.496, 29, 2338, 59.90
2026/07/29 23:19:58.029, 29, 2338, 59.64
2026/07/29 23:19:58.561, 29, 2338, 59.64
2026/07/29 23:19:59.093, 29, 2338, 59.58
2026/07/29 23:19:59.626, 29, 2338, 59.64
2026/07/29 23:20:00.160, 29, 2338, 59.32
2026/07/29 23:20:00.693, 29, 2338, 59.64
2026/07/29 23:20:01.226, 29, 2338, 59.26
2026/07/29 23:20:01.758, 29, 2338, 59.64
2026/07/29 23:20:02.295, 29, 2338, 59.32
2026/07/29 23:20:02.828, 29, 2338, 59.58
2026/07/29 23:20:03.360, 29, 2338, 59.32
2026/07/29 23:20:03.895, 29, 2338, 59.64
2026/07/29 23:20:04.427, 29, 2338, 59.64
2026/07/29 23:20:04.959, 29, 2338, 59.58
2026/07/29 23:20:05.491, 29, 2338, 59.26
2026/07/29 23:20:06.022, 29, 2338, 59.32
2026/07/29 23:20:06.556, 29, 2338, 59.32
2026/07/29 23:20:07.089, 29, 2338, 59.32
2026/07/29 23:20:07.621, 29, 2338, 59.32
2026/07/29 23:20:08.153, 29, 2338, 59.64
2026/07/29 23:20:08.685, 29, 2338, 59.58
2026/07/29 23:20:09.222, 29, 2338, 59.26
2026/07/29 23:20:09.754, 29, 2338, 59.05
2026/07/29 23:20:10.287, 29, 2338, 59.26
2026/07/29 23:20:10.819, 29, 2338, 58.99
2026/07/29 23:20:11.351, 29, 2338, 59.64
2026/07/29 23:20:11.883, 28, 2338, 62.67
2026/07/29 23:20:12.415, 28, 2338, 58.99
2026/07/29 23:20:12.946, 29, 2338, 63.21
2026/07/29 23:20:13.479, 28, 2338, 61.76
2026/07/29 23:20:14.012, 28, 2338, 59.26
2026/07/29 23:20:14.544, 28, 2338, 59.05
2026/07/29 23:20:15.077, 29, 2338, 59.32
2026/07/29 23:20:15.610, 29, 2338, 59.32
2026/07/29 23:20:16.143, 29, 2338, 60.24
2026/07/29 23:20:16.676, 29, 2338, 59.32
2026/07/29 23:20:17.209, 29, 2338, 59.32
2026/07/29 23:20:17.742, 29, 2338, 59.05
2026/07/29 23:20:18.274, 29, 2338, 59.32
2026/07/29 23:20:18.806, 29, 2338, 59.32
2026/07/29 23:20:19.338, 29, 2338, 59.64
2026/07/29 23:20:19.869, 29, 2338, 59.32
2026/07/29 23:20:20.402, 29, 2338, 59.32
2026/07/29 23:20:20.934, 29, 2338, 59.32
2026/07/29 23:20:21.467, 29, 2338, 59.26
2026/07/29 23:20:22.001, 29, 2338, 59.32
2026/07/29 23:20:22.533, 29, 2338, 59.32
2026/07/29 23:20:23.064, 29, 2338, 59.26
2026/07/29 23:20:23.598, 29, 2338, 59.32
2026/07/29 23:20:24.130, 29, 2338, 59.32
2026/07/29 23:20:24.663, 29, 2338, 59.05
2026/07/29 23:20:25.196, 29, 2338, 59.32
2026/07/29 23:20:25.730, 29, 2338, 59.32
2026/07/29 23:20:26.263, 29, 2338, 59.32
2026/07/29 23:20:26.797, 29, 2338, 59.32
2026/07/29 23:20:27.329, 29, 2338, 59.32
2026/07/29 23:20:27.861, 29, 2338, 59.32
2026/07/29 23:20:28.397, 29, 2338, 59.26
2026/07/29 23:20:28.930, 29, 2338, 59.26
2026/07/29 23:20:29.464, 29, 2338, 59.32
2026/07/29 23:20:30.000, 29, 2338, 59.32
2026/07/29 23:20:30.533, 29, 2338, 59.32
2026/07/29 23:20:31.066, 29, 2338, 59.05
2026/07/29 23:20:31.603, 29, 2338, 59.32
2026/07/29 23:20:32.136, 29, 2338, 59.05
2026/07/29 23:20:32.669, 29, 2338, 61.76
2026/07/29 23:20:33.202, 29, 2338, 59.32
2026/07/29 23:20:33.735, 29, 2338, 60.24
2026/07/29 23:20:34.267, 29, 2338, 59.90
2026/07/29 23:20:34.798, 29, 2338, 59.32
2026/07/29 23:20:35.332, 29, 2338, 59.26
2026/07/29 23:20:35.865, 29, 2338, 59.32
2026/07/29 23:20:36.401, 29, 2338, 59.32
2026/07/29 23:20:36.935, 29, 2338, 59.32
2026/07/29 23:20:37.469, 29, 2338, 59.32
2026/07/29 23:20:38.000, 29, 2338, 59.97
2026/07/29 23:20:38.533, 29, 2338, 59.32
2026/07/29 23:20:39.065, 29, 2338, 59.64
2026/07/29 23:20:39.597, 29, 2338, 59.32
2026/07/29 23:20:40.130, 29, 2338, 59.32
2026/07/29 23:20:40.664, 29, 2338, 59.26
2026/07/29 23:20:41.201, 29, 2338, 59.26
2026/07/29 23:20:41.734, 29, 2338, 59.64
2026/07/29 23:20:42.267, 29, 2338, 59.32
2026/07/29 23:20:42.798, 29, 2338, 59.32
2026/07/29 23:20:43.331, 29, 2338, 59.32
2026/07/29 23:20:43.864, 29, 2338, 59.32
2026/07/29 23:20:44.396, 29, 2338, 59.32
2026/07/29 23:20:44.928, 29, 2338, 59.32
2026/07/29 23:20:45.459, 29, 2338, 59.32
2026/07/29 23:20:45.993, 29, 2338, 59.32
2026/07/29 23:20:46.526, 29, 2338, 59.26
2026/07/29 23:20:47.060, 29, 2338, 59.64
2026/07/29 23:20:47.594, 29, 2338, 59.26
2026/07/29 23:20:48.127, 29, 2338, 59.26
2026/07/29 23:20:48.659, 29, 2338, 59.32
2026/07/29 23:20:49.193, 29, 2338, 59.32
2026/07/29 23:20:49.724, 29, 2338, 59.32
2026/07/29 23:20:50.257, 29, 2338, 59.32
2026/07/29 23:20:50.787, 29, 2338, 59.32
2026/07/29 23:20:51.319, 29, 2338, 59.32
2026/07/29 23:20:51.852, 29, 2338, 59.26
2026/07/29 23:20:52.385, 29, 2338, 59.64
2026/07/29 23:20:52.918, 29, 2338, 59.64
2026/07/29 23:20:53.449, 29, 2338, 60.24
2026/07/29 23:20:53.981, 29, 2338, 60.83
2026/07/29 23:20:54.515, 29, 2338, 60.83
2026/07/29 23:20:55.045, 29, 2338, 59.32
2026/07/29 23:20:55.577, 29, 2338, 61.09
2026/07/29 23:20:56.109, 29, 2338, 59.90
2026/07/29 23:20:56.641, 29, 2338, 59.32
2026/07/29 23:20:57.174, 29, 2338, 59.64
2026/07/29 23:20:57.709, 29, 2338, 59.97
2026/07/29 23:20:58.241, 29, 2338, 59.64
2026/07/29 23:20:58.772, 29, 2338, 59.97
2026/07/29 23:20:59.304, 29, 2338, 59.64
2026/07/29 23:20:59.836, 29, 2338, 59.97
2026/07/29 23:21:00.369, 29, 2338, 59.32
2026/07/29 23:21:00.902, 29, 2338, 59.58
2026/07/29 23:21:01.434, 29, 2338, 59.64
2026/07/29 23:21:01.966, 29, 2338, 59.64
2026/07/29 23:21:02.497, 29, 2338, 59.64
2026/07/29 23:21:03.029, 29, 2338, 59.64
2026/07/29 23:21:03.560, 29, 2338, 59.64
2026/07/29 23:21:04.091, 29, 2338, 59.64
2026/07/29 23:21:04.623, 29, 2338, 59.26
2026/07/29 23:21:05.154, 29, 2338, 59.58
2026/07/29 23:21:05.686, 29, 2338, 59.64
2026/07/29 23:21:06.218, 29, 2338, 59.64
2026/07/29 23:21:06.749, 29, 2338, 59.97
2026/07/29 23:21:07.281, 29, 2338, 59.64
2026/07/29 23:21:07.813, 29, 2338, 59.32
2026/07/29 23:21:08.345, 29, 2338, 59.58
2026/07/29 23:21:08.877, 29, 2338, 59.32
2026/07/29 23:21:09.409, 29, 2338, 59.64
2026/07/29 23:21:09.940, 29, 2338, 59.64
2026/07/29 23:21:10.472, 29, 2338, 59.64
2026/07/29 23:21:11.003, 29, 2338, 59.64
2026/07/29 23:21:11.535, 29, 2338, 59.64
2026/07/29 23:21:12.067, 29, 2338, 59.64
2026/07/29 23:21:12.599, 29, 2338, 59.64
2026/07/29 23:21:13.131, 29, 2338, 59.64
2026/07/29 23:21:13.663, 29, 2338, 59.64
2026/07/29 23:21:14.196, 29, 2338, 59.64
2026/07/29 23:21:14.727, 29, 2338, 59.64
2026/07/29 23:21:15.259, 29, 2338, 60.50
2026/07/29 23:21:15.795, 29, 2338, 59.97
2026/07/29 23:21:16.330, 29, 2338, 59.32
2026/07/29 23:21:16.863, 29, 2338, 61.36
2026/07/29 23:21:17.396, 29, 2338, 59.26
2026/07/29 23:21:17.930, 29, 2338, 59.32
2026/07/29 23:21:18.461, 29, 2338, 60.24
2026/07/29 23:21:18.995, 29, 2338, 59.32
2026/07/29 23:21:19.527, 29, 2338, 59.97
2026/07/29 23:21:20.060, 29, 2338, 59.32
2026/07/29 23:21:20.593, 29, 2338, 59.32
2026/07/29 23:21:21.126, 29, 2338, 59.26
2026/07/29 23:21:21.659, 29, 2338, 59.32
2026/07/29 23:21:22.193, 29, 2338, 59.64
2026/07/29 23:21:22.726, 29, 2338, 59.58
2026/07/29 23:21:23.261, 29, 2338, 59.32
2026/07/29 23:21:23.792, 29, 2338, 59.32
2026/07/29 23:21:24.325, 29, 2338, 59.32
2026/07/29 23:21:24.857, 29, 2338, 59.32
2026/07/29 23:21:25.390, 29, 2338, 59.32
2026/07/29 23:21:25.923, 29, 2338, 59.32
2026/07/29 23:21:26.458, 29, 2338, 59.32
2026/07/29 23:21:26.991, 29, 2338, 59.32
2026/07/29 23:21:27.525, 29, 2338, 59.32
2026/07/29 23:21:28.058, 29, 2338, 59.26
2026/07/29 23:21:28.590, 29, 2338, 59.32
2026/07/29 23:21:29.122, 29, 2338, 59.32
2026/07/29 23:21:29.654, 29, 2338, 59.32
2026/07/29 23:21:30.186, 29, 2338, 59.32
2026/07/29 23:21:30.716, 29, 2338, 59.32
2026/07/29 23:21:31.248, 29, 2338, 59.32
2026/07/29 23:21:31.778, 29, 2338, 59.26
2026/07/29 23:21:32.309, 29, 2338, 59.26
2026/07/29 23:21:32.841, 29, 2338, 59.26
2026/07/29 23:21:33.372, 29, 2338, 59.32
2026/07/29 23:21:33.906, 29, 2338, 59.26
2026/07/29 23:21:34.438, 29, 2338, 59.32
2026/07/29 23:21:34.970, 29, 2338, 59.32
2026/07/29 23:21:35.500, 29, 2338, 59.32
2026/07/29 23:21:36.034, 29, 2338, 72.83
2026/07/29 23:21:36.565, 29, 2338, 61.76
2026/07/29 23:21:37.096, 29, 2338, 59.64
2026/07/29 23:21:37.628, 29, 2338, 59.64
2026/07/29 23:21:38.160, 29, 2338, 60.83
2026/07/29 23:21:38.693, 29, 2338, 59.32
2026/07/29 23:21:39.225, 29, 2338, 60.24
2026/07/29 23:21:39.757, 29, 2338, 59.32
2026/07/29 23:21:40.288, 29, 2338, 59.64
2026/07/29 23:21:40.822, 29, 2338, 59.97
2026/07/29 23:21:41.353, 29, 2338, 59.64
2026/07/29 23:21:41.884, 29, 2338, 59.64
2026/07/29 23:21:42.419, 29, 2338, 59.64
2026/07/29 23:21:42.952, 29, 2338, 59.64
2026/07/29 23:21:43.487, 29, 2338, 59.58
2026/07/29 23:21:44.021, 29, 2338, 59.32
2026/07/29 23:21:44.551, 29, 2338, 59.32
2026/07/29 23:21:45.088, 29, 2338, 59.64
2026/07/29 23:21:45.620, 29, 2338, 59.32
2026/07/29 23:21:46.152, 29, 2338, 59.32
2026/07/29 23:21:46.685, 29, 2338, 59.26
2026/07/29 23:21:47.217, 29, 2338, 59.64
2026/07/29 23:21:47.751, 29, 2338, 59.32
2026/07/29 23:21:48.285, 29, 2338, 59.64
2026/07/29 23:21:48.821, 29, 2338, 59.58
2026/07/29 23:21:49.352, 29, 2338, 59.64
2026/07/29 23:21:49.884, 29, 2338, 59.64
2026/07/29 23:21:50.416, 29, 2338, 59.32
2026/07/29 23:21:50.948, 29, 2338, 59.58
2026/07/29 23:21:51.481, 29, 2338, 59.64
2026/07/29 23:21:52.012, 29, 2338, 59.64
2026/07/29 23:21:52.545, 29, 2338, 59.58
2026/07/29 23:21:53.075, 29, 2338, 59.26
2026/07/29 23:21:53.607, 29, 2338, 59.64
2026/07/29 23:21:54.138, 29, 2338, 59.64
2026/07/29 23:21:54.669, 29, 2338, 59.32
2026/07/29 23:21:55.201, 29, 2338, 59.64
2026/07/29 23:21:55.733, 29, 2338, 59.64
2026/07/29 23:21:56.265, 29, 2338, 59.64
2026/07/29 23:21:56.803, 29, 2338, 59.26
2026/07/29 23:21:57.334, 29, 2338, 59.58
2026/07/29 23:21:57.865, 29, 2338, 59.64
2026/07/29 23:21:58.399, 29, 2338, 60.24
2026/07/29 23:21:58.930, 29, 2338, 60.57
2026/07/29 23:21:59.462, 29, 2338, 60.24
2026/07/29 23:21:59.994, 29, 2338, 60.57
2026/07/29 23:22:00.528, 29, 2338, 59.58
2026/07/29 23:22:01.060, 29, 2338, 60.18
2026/07/29 23:22:01.595, 29, 2338, 59.97
2026/07/29 23:22:02.128, 29, 2338, 59.64
2026/07/29 23:22:02.662, 29, 2338, 59.64
2026/07/29 23:22:03.195, 29, 2338, 59.64
2026/07/29 23:22:03.727, 29, 2338, 59.97
2026/07/29 23:22:04.260, 29, 2338, 59.58
2026/07/29 23:22:04.792, 29, 2338, 59.58
2026/07/29 23:22:05.325, 29, 2338, 60.18
2026/07/29 23:22:05.858, 29, 2338, 59.64
2026/07/29 23:22:06.395, 29, 2338, 59.58
2026/07/29 23:22:06.929, 29, 2338, 59.58
2026/07/29 23:22:07.461, 29, 2338, 59.58
2026/07/29 23:22:07.995, 29, 2338, 59.58
2026/07/29 23:22:08.528, 29, 2338, 59.64
2026/07/29 23:22:09.060, 29, 2338, 59.64
2026/07/29 23:22:09.593, 29, 2338, 59.64
2026/07/29 23:22:10.125, 29, 2338, 59.64
2026/07/29 23:22:10.659, 29, 2338, 59.64
2026/07/29 23:22:11.195, 29, 2338, 59.64
2026/07/29 23:22:11.728, 29, 2338, 59.64
2026/07/29 23:22:12.261, 29, 2338, 59.58
2026/07/29 23:22:12.794, 29, 2338, 59.64
2026/07/29 23:22:13.330, 29, 2338, 59.64
2026/07/29 23:22:13.862, 29, 2338, 59.64
2026/07/29 23:22:14.398, 29, 2338, 59.64
2026/07/29 23:22:14.931, 29, 2338, 59.58
2026/07/29 23:22:15.464, 29, 2338, 59.64
2026/07/29 23:22:15.996, 29, 2338, 59.64
2026/07/29 23:22:16.528, 29, 2338, 59.64
2026/07/29 23:22:17.062, 29, 2338, 59.64
2026/07/29 23:22:17.596, 29, 2338, 59.64
2026/07/29 23:22:18.129, 29, 2338, 60.24
2026/07/29 23:22:18.660, 29, 2338, 59.64
2026/07/29 23:22:19.195, 29, 2338, 60.24
2026/07/29 23:22:19.729, 29, 2338, 61.36
2026/07/29 23:22:20.262, 29, 2338, 61.43
2026/07/29 23:22:20.796, 29, 2338, 61.43
2026/07/29 23:22:21.332, 29, 2338, 59.64
2026/07/29 23:22:21.865, 29, 2338, 62.95
2026/07/29 23:22:22.398, 29, 2338, 59.64
2026/07/29 23:22:22.930, 29, 2338, 59.97
2026/07/29 23:22:23.462, 29, 2338, 59.32
2026/07/29 23:22:23.996, 29, 2338, 59.26
2026/07/29 23:22:24.528, 29, 2338, 59.26
2026/07/29 23:22:25.061, 29, 2338, 59.32
2026/07/29 23:22:25.593, 29, 2338, 59.64
2026/07/29 23:22:26.126, 29, 2338, 59.64
2026/07/29 23:22:26.657, 29, 2338, 59.64
2026/07/29 23:22:27.190, 29, 2338, 59.32
2026/07/29 23:22:27.722, 29, 2338, 59.58
2026/07/29 23:22:28.255, 29, 2338, 59.32
2026/07/29 23:22:28.787, 29, 2338, 59.32
2026/07/29 23:22:29.319, 29, 2338, 59.32
2026/07/29 23:22:29.852, 29, 2338, 59.64
2026/07/29 23:22:30.384, 29, 2338, 59.26
2026/07/29 23:22:30.920, 29, 2338, 59.32
2026/07/29 23:22:31.452, 29, 2338, 59.58
2026/07/29 23:22:31.984, 29, 2338, 59.26
2026/07/29 23:22:32.519, 29, 2338, 59.64
2026/07/29 23:22:33.053, 29, 2338, 60.24
2026/07/29 23:22:33.585, 29, 2338, 59.32
2026/07/29 23:22:34.118, 29, 2338, 59.32
2026/07/29 23:22:34.650, 29, 2338, 59.32
2026/07/29 23:22:35.182, 29, 2338, 59.32
2026/07/29 23:22:35.714, 29, 2338, 59.32
2026/07/29 23:22:36.246, 29, 2338, 59.32
2026/07/29 23:22:36.779, 29, 2338, 59.26
2026/07/29 23:22:37.313, 29, 2338, 59.32
2026/07/29 23:22:37.845, 29, 2338, 59.32
2026/07/29 23:22:38.377, 29, 2338, 60.18
2026/07/29 23:22:38.912, 29, 2338, 59.32
2026/07/29 23:22:39.444, 29, 2338, 59.32
2026/07/29 23:22:39.977, 29, 2338, 59.90
2026/07/29 23:22:40.512, 29, 2338, 60.50
2026/07/29 23:22:41.045, 29, 2338, 60.57
2026/07/29 23:22:41.578, 29, 2338, 61.43
2026/07/29 23:22:42.110, 29, 2338, 59.26
2026/07/29 23:22:42.642, 29, 2338, 59.32
2026/07/29 23:22:43.177, 29, 2338, 60.57
2026/07/29 23:22:43.710, 29, 2338, 60.24
2026/07/29 23:22:44.244, 29, 2338, 59.97
2026/07/29 23:22:44.776, 29, 2338, 59.64
2026/07/29 23:22:45.310, 29, 2338, 60.57
2026/07/29 23:22:45.843, 29, 2338, 59.64
2026/07/29 23:22:46.375, 29, 2338, 59.64
2026/07/29 23:22:46.907, 29, 2338, 59.64
2026/07/29 23:22:47.440, 29, 2338, 59.26
2026/07/29 23:22:47.973, 29, 2338, 59.32
2026/07/29 23:22:48.505, 29, 2338, 59.32
2026/07/29 23:22:49.038, 29, 2338, 59.64
2026/07/29 23:22:49.571, 29, 2338, 59.64
2026/07/29 23:22:50.103, 29, 2338, 59.32
2026/07/29 23:22:50.635, 29, 2338, 60.24
2026/07/29 23:22:51.166, 29, 2338, 59.64
2026/07/29 23:22:51.699, 29, 2338, 59.64
2026/07/29 23:22:52.233, 29, 2338, 59.32
2026/07/29 23:22:52.766, 29, 2338, 59.64
2026/07/29 23:22:53.299, 29, 2338, 59.32
2026/07/29 23:22:53.832, 29, 2338, 59.64
2026/07/29 23:22:54.365, 29, 2338, 59.26
2026/07/29 23:22:54.902, 29, 2338, 59.26
2026/07/29 23:22:55.435, 29, 2338, 59.64
2026/07/29 23:22:55.967, 29, 2338, 59.64
2026/07/29 23:22:56.502, 29, 2338, 59.64
2026/07/29 23:22:57.036, 29, 2338, 59.32
2026/07/29 23:22:57.569, 29, 2338, 59.64
2026/07/29 23:22:58.101, 29, 2338, 59.58
2026/07/29 23:22:58.636, 29, 2338, 59.26
2026/07/29 23:22:59.170, 29, 2338, 59.64
2026/07/29 23:22:59.702, 29, 2338, 59.64
2026/07/29 23:23:00.234, 29, 2338, 59.26
2026/07/29 23:23:00.768, 29, 2338, 59.64
2026/07/29 23:23:01.300, 29, 2338, 60.24
2026/07/29 23:23:01.833, 29, 2338, 60.83
2026/07/29 23:23:02.366, 29, 2338, 59.26
2026/07/29 23:23:02.901, 29, 2338, 59.32
2026/07/29 23:23:03.432, 29, 2338, 61.43
2026/07/29 23:23:03.964, 29, 2338, 61.16
2026/07/29 23:23:04.495, 29, 2338, 60.18
2026/07/29 23:23:05.025, 29, 2338, 59.90
2026/07/29 23:23:05.558, 29, 2338, 59.97
2026/07/29 23:23:06.090, 29, 2338, 59.90
2026/07/29 23:23:06.621, 29, 2338, 59.97
2026/07/29 23:23:07.152, 29, 2338, 59.64
2026/07/29 23:23:07.685, 29, 2338, 59.58
2026/07/29 23:23:08.216, 29, 2338, 60.77
2026/07/29 23:23:08.749, 29, 2338, 59.64
2026/07/29 23:23:09.280, 29, 2338, 59.58
2026/07/29 23:23:09.813, 29, 2338, 59.58
2026/07/29 23:23:10.344, 29, 2338, 60.24
2026/07/29 23:23:10.877, 29, 2338, 59.58
2026/07/29 23:23:11.409, 29, 2338, 59.58
2026/07/29 23:23:11.941, 29, 2338, 59.58
2026/07/29 23:23:12.473, 29, 2338, 59.64
2026/07/29 23:23:13.005, 29, 2338, 59.58
2026/07/29 23:23:13.538, 29, 2338, 59.58
2026/07/29 23:23:14.072, 29, 2338, 59.58
2026/07/29 23:23:14.604, 29, 2338, 59.58
2026/07/29 23:23:15.137, 29, 2338, 59.58
2026/07/29 23:23:15.669, 29, 2338, 59.58
2026/07/29 23:23:16.201, 29, 2338, 59.58
2026/07/29 23:23:16.733, 29, 2338, 59.58
2026/07/29 23:23:17.266, 29, 2338, 59.58
2026/07/29 23:23:17.798, 29, 2338, 59.26
2026/07/29 23:23:18.330, 29, 2338, 59.58
2026/07/29 23:23:18.860, 29, 2338, 59.58
2026/07/29 23:23:19.393, 29, 2338, 59.26
2026/07/29 23:23:19.923, 29, 2338, 59.26
2026/07/29 23:23:20.456, 29, 2338, 59.26
2026/07/29 23:23:20.989, 29, 2338, 59.58
2026/07/29 23:23:21.520, 29, 2338, 59.58
2026/07/29 23:23:22.053, 29, 2338, 59.26
2026/07/29 23:23:22.585, 29, 2338, 59.58
2026/07/29 23:23:23.116, 29, 2338, 59.58
2026/07/29 23:23:23.647, 28, 2338, 59.58
2026/07/29 23:23:24.179, 28, 2338, 60.24
2026/07/29 23:23:24.711, 28, 2338, 61.43
2026/07/29 23:23:25.242, 28, 2338, 59.32
2026/07/29 23:23:25.774, 28, 2338, 60.24
2026/07/29 23:23:26.310, 28, 2338, 60.18
2026/07/29 23:23:26.842, 28, 2338, 59.58
2026/07/29 23:23:27.374, 28, 2338, 59.90
2026/07/29 23:23:27.908, 28, 2338, 59.90
2026/07/29 23:23:28.442, 28, 2338, 59.26
2026/07/29 23:23:28.973, 28, 2338, 59.64
2026/07/29 23:23:29.509, 28, 2338, 59.32
2026/07/29 23:23:30.042, 28, 2338, 59.58
2026/07/29 23:23:30.574, 28, 2338, 58.99
2026/07/29 23:23:31.109, 28, 2338, 59.32
2026/07/29 23:23:31.640, 28, 2338, 59.26
2026/07/29 23:23:32.173, 28, 2338, 59.58
2026/07/29 23:23:32.706, 28, 2338, 59.05
2026/07/29 23:23:33.240, 28, 2338, 59.05
2026/07/29 23:23:33.772, 28, 2338, 58.99
2026/07/29 23:23:34.306, 28, 2338, 58.99
2026/07/29 23:23:34.839, 28, 2338, 59.26
2026/07/29 23:23:35.372, 28, 2338, 58.99
2026/07/29 23:23:35.910, 28, 2338, 58.99
2026/07/29 23:23:36.444, 28, 2338, 59.26
2026/07/29 23:23:36.978, 28, 2338, 59.05
2026/07/29 23:23:37.511, 28, 2338, 59.05
2026/07/29 23:23:38.045, 28, 2338, 59.05
2026/07/29 23:23:38.578, 28, 2338, 58.99
2026/07/29 23:23:39.111, 28, 2338, 58.99
2026/07/29 23:23:39.644, 28, 2338, 58.99
2026/07/29 23:23:40.176, 28, 2338, 58.99
2026/07/29 23:23:40.709, 28, 2338, 59.05
2026/07/29 23:23:41.242, 28, 2338, 59.05
2026/07/29 23:23:41.775, 28, 2338, 59.26
2026/07/29 23:23:42.307, 28, 2338, 58.99
2026/07/29 23:23:42.841, 28, 2338, 59.05
2026/07/29 23:23:43.373, 28, 2338, 58.99
2026/07/29 23:23:43.905, 28, 2338, 58.99
2026/07/29 23:23:44.437, 28, 2338, 58.99
2026/07/29 23:23:44.968, 28, 2338, 59.05
2026/07/29 23:23:45.501, 28, 2338, 58.99
2026/07/29 23:23:46.033, 28, 2338, 62.35
2026/07/29 23:23:46.566, 28, 2338, 59.05
2026/07/29 23:23:47.099, 28, 2338, 59.97
2026/07/29 23:23:47.633, 28, 2338, 61.16
2026/07/29 23:23:48.166, 28, 2338, 60.57
2026/07/29 23:23:48.696, 28, 2338, 59.64
2026/07/29 23:23:49.229, 28, 2338, 59.64
2026/07/29 23:23:49.762, 28, 2338, 59.26
2026/07/29 23:23:50.294, 28, 2338, 60.18
2026/07/29 23:23:50.826, 28, 2338, 59.32
2026/07/29 23:23:51.357, 28, 2338, 59.97
2026/07/29 23:23:51.889, 28, 2338, 59.26
2026/07/29 23:23:52.422, 28, 2338, 59.97
2026/07/29 23:23:52.956, 28, 2338, 59.32
2026/07/29 23:23:53.488, 28, 2338, 59.32
2026/07/29 23:23:54.021, 28, 2338, 59.32
2026/07/29 23:23:54.552, 28, 2338, 59.05
2026/07/29 23:23:55.088, 28, 2338, 59.32
2026/07/29 23:23:55.621, 28, 2338, 59.32
2026/07/29 23:23:56.153, 28, 2338, 59.32
2026/07/29 23:23:56.685, 28, 2338, 59.32
2026/07/29 23:23:57.218, 28, 2338, 59.05
2026/07/29 23:23:57.749, 28, 2338, 59.26
2026/07/29 23:23:58.283, 28, 2338, 59.32
2026/07/29 23:23:58.816, 28, 2338, 59.32
2026/07/29 23:23:59.349, 28, 2338, 59.32
2026/07/29 23:23:59.881, 28, 2338, 59.26
2026/07/29 23:24:00.413, 28, 2338, 59.05
2026/07/29 23:24:00.946, 28, 2338, 59.32
2026/07/29 23:24:01.481, 28, 2338, 59.05
2026/07/29 23:24:02.014, 28, 2338, 59.26
2026/07/29 23:24:02.546, 28, 2338, 59.32
2026/07/29 23:24:03.077, 28, 2338, 59.32
2026/07/29 23:24:03.611, 28, 2338, 59.26
2026/07/29 23:24:04.144, 28, 2338, 59.32
2026/07/29 23:24:04.675, 29, 2338, 59.32
2026/07/29 23:24:05.207, 29, 2338, 59.32
2026/07/29 23:24:05.739, 29, 2338, 59.26
2026/07/29 23:24:06.272, 29, 2338, 59.32
2026/07/29 23:24:06.804, 29, 2338, 59.32
2026/07/29 23:24:07.336, 29, 2338, 59.26
2026/07/29 23:24:07.867, 29, 2338, 59.32
2026/07/29 23:24:08.399, 29, 2338, 59.32
2026/07/29 23:24:08.931, 29, 2338, 61.76
2026/07/29 23:24:09.463, 29, 2338, 60.18
2026/07/29 23:24:09.995, 29, 2338, 59.58
2026/07/29 23:24:10.528, 29, 2338, 59.32
2026/07/29 23:24:11.061, 29, 2338, 59.97
2026/07/29 23:24:11.595, 29, 2338, 59.32
2026/07/29 23:24:12.129, 29, 2338, 59.32
2026/07/29 23:24:12.661, 29, 2338, 59.97
2026/07/29 23:24:13.194, 29, 2338, 59.26
2026/07/29 23:24:13.725, 29, 2338, 59.32
2026/07/29 23:24:14.256, 29, 2338, 59.97
2026/07/29 23:24:14.789, 29, 2338, 59.26
2026/07/29 23:24:15.322, 29, 2338, 59.58
2026/07/29 23:24:15.853, 29, 2338, 59.32
2026/07/29 23:24:16.386, 29, 2338, 59.64
2026/07/29 23:24:16.917, 29, 2338, 59.26
2026/07/29 23:24:17.450, 29, 2338, 59.26
2026/07/29 23:24:17.982, 29, 2338, 59.26
2026/07/29 23:24:18.514, 29, 2338, 59.26
2026/07/29 23:24:19.045, 29, 2338, 59.26
2026/07/29 23:24:19.577, 28, 2338, 59.26
2026/07/29 23:24:20.113, 28, 2338, 59.58
2026/07/29 23:24:20.646, 28, 2338, 59.58
2026/07/29 23:24:21.179, 28, 2338, 59.26
2026/07/29 23:24:21.717, 28, 2338, 59.32
2026/07/29 23:24:22.249, 28, 2338, 59.97
2026/07/29 23:24:22.781, 28, 2338, 59.26
2026/07/29 23:24:23.320, 28, 2338, 59.26
2026/07/29 23:24:23.854, 28, 2338, 59.32
2026/07/29 23:24:24.386, 28, 2338, 59.32
2026/07/29 23:24:24.918, 28, 2338, 59.32
2026/07/29 23:24:25.452, 28, 2338, 59.32
2026/07/29 23:24:25.984, 28, 2338, 59.32
2026/07/29 23:24:26.519, 28, 2338, 59.26
2026/07/29 23:24:27.050, 28, 2338, 59.32
2026/07/29 23:24:27.585, 28, 2338, 59.26
2026/07/29 23:24:28.118, 28, 2338, 59.32
2026/07/29 23:24:28.650, 28, 2338, 59.26
2026/07/29 23:24:29.181, 28, 2338, 59.32
2026/07/29 23:24:29.715, 28, 2338, 59.32
2026/07/29 23:24:30.247, 28, 2338, 62.08
2026/07/29 23:24:30.778, 28, 2338, 59.32
2026/07/29 23:24:31.311, 28, 2338, 61.16
2026/07/29 23:24:31.844, 28, 2338, 59.97
2026/07/29 23:24:32.375, 28, 2338, 59.32
2026/07/29 23:24:32.906, 28, 2338, 59.97
2026/07/29 23:24:33.437, 28, 2338, 59.64
2026/07/29 23:24:33.969, 28, 2338, 61.36
2026/07/29 23:24:34.501, 28, 2338, 60.18
2026/07/29 23:24:35.032, 28, 2338, 59.64
2026/07/29 23:24:35.562, 28, 2338, 59.32
2026/07/29 23:24:36.093, 28, 2338, 59.64
2026/07/29 23:24:36.626, 28, 2338, 59.32
2026/07/29 23:24:37.156, 28, 2338, 59.32
2026/07/29 23:24:37.689, 28, 2338, 59.32
2026/07/29 23:24:38.222, 28, 2338, 59.32
2026/07/29 23:24:38.754, 28, 2338, 59.05
2026/07/29 23:24:39.286, 28, 2338, 59.32
2026/07/29 23:24:39.820, 28, 2338, 59.26
2026/07/29 23:24:40.352, 28, 2338, 59.26
2026/07/29 23:24:40.885, 28, 2338, 59.32
2026/07/29 23:24:41.417, 28, 2338, 59.05
2026/07/29 23:24:41.950, 28, 2338, 59.05
2026/07/29 23:24:42.483, 28, 2338, 59.05
2026/07/29 23:24:43.015, 28, 2338, 59.32
2026/07/29 23:24:43.549, 28, 2338, 59.32
2026/07/29 23:24:44.083, 28, 2338, 59.32
2026/07/29 23:24:44.615, 28, 2338, 59.32
2026/07/29 23:24:45.149, 28, 2338, 59.05
2026/07/29 23:24:45.681, 28, 2338, 59.32
2026/07/29 23:24:46.218, 28, 2338, 59.05
2026/07/29 23:24:46.749, 28, 2338, 59.32
2026/07/29 23:24:47.282, 28, 2338, 59.32
2026/07/29 23:24:47.814, 29, 2338, 59.05
2026/07/29 23:24:48.347, 28, 2338, 59.32
2026/07/29 23:24:48.880, 29, 2338, 59.05
2026/07/29 23:24:49.412, 29, 2338, 59.32
2026/07/29 23:24:49.944, 29, 2338, 59.32
2026/07/29 23:24:50.475, 29, 2338, 59.32
2026/07/29 23:24:51.009, 29, 2338, 59.32
2026/07/29 23:24:51.542, 29, 2338, 59.64
2026/07/29 23:24:52.074, 29, 2338, 59.26
2026/07/29 23:24:52.604, 29, 2338, 59.32
2026/07/29 23:24:53.136, 29, 2338, 59.32
2026/07/29 23:24:53.669, 29, 2338, 59.97
2026/07/29 23:24:54.202, 29, 2338, 68.01
2026/07/29 23:24:54.733, 29, 2338, 60.24
2026/07/29 23:24:55.263, 29, 2338, 59.32
2026/07/29 23:24:55.794, 29, 2338, 59.32
2026/07/29 23:24:56.325, 29, 2338, 59.64
2026/07/29 23:24:56.857, 29, 2338, 59.97
2026/07/29 23:24:57.389, 29, 2338, 59.64
2026/07/29 23:24:57.920, 29, 2338, 59.97
2026/07/29 23:24:58.453, 29, 2338, 59.32
2026/07/29 23:24:58.988, 29, 2338, 59.32
2026/07/29 23:24:59.520, 29, 2338, 59.97
2026/07/29 23:25:00.052, 29, 2338, 59.32
2026/07/29 23:25:00.586, 29, 2338, 59.64
2026/07/29 23:25:01.118, 29, 2338, 59.32
2026/07/29 23:25:01.653, 29, 2338, 59.64
2026/07/29 23:25:02.188, 29, 2338, 59.26
2026/07/29 23:25:02.721, 29, 2338, 59.32
2026/07/29 23:25:03.254, 29, 2338, 59.32
2026/07/29 23:25:03.788, 29, 2338, 59.32
2026/07/29 23:25:04.322, 29, 2338, 59.26
2026/07/29 23:25:04.855, 29, 2338, 59.32
2026/07/29 23:25:05.388, 29, 2338, 59.32
2026/07/29 23:25:05.921, 29, 2338, 59.26
2026/07/29 23:25:06.454, 29, 2338, 59.64
2026/07/29 23:25:06.986, 29, 2338, 59.32
2026/07/29 23:25:07.519, 29, 2338, 59.32
2026/07/29 23:25:08.051, 29, 2338, 59.64
2026/07/29 23:25:08.583, 29, 2338, 59.26
2026/07/29 23:25:09.116, 29, 2338, 59.32
2026/07/29 23:25:09.649, 29, 2338, 59.32
2026/07/29 23:25:10.180, 29, 2338, 59.32
2026/07/29 23:25:10.713, 29, 2338, 59.32
2026/07/29 23:25:11.246, 29, 2338, 59.26
2026/07/29 23:25:11.778, 29, 2338, 60.18
2026/07/29 23:25:12.312, 29, 2338, 59.64
2026/07/29 23:25:12.844, 29, 2338, 59.64
2026/07/29 23:25:13.377, 29, 2338, 61.43
2026/07/29 23:25:13.910, 29, 2338, 62.67
2026/07/29 23:25:14.443, 29, 2338, 60.24
2026/07/29 23:25:14.975, 29, 2338, 61.16
2026/07/29 23:25:15.510, 29, 2338, 60.83
2026/07/29 23:25:16.040, 29, 2338, 59.64
2026/07/29 23:25:16.572, 29, 2338, 59.32
2026/07/29 23:25:17.108, 29, 2338, 59.64
2026/07/29 23:25:17.639, 29, 2338, 59.58
2026/07/29 23:25:18.171, 29, 2338, 60.18
2026/07/29 23:25:18.703, 29, 2338, 59.64
2026/07/29 23:25:19.237, 29, 2338, 59.64
2026/07/29 23:25:19.768, 29, 2338, 59.32
2026/07/29 23:25:20.302, 29, 2338, 59.58
2026/07/29 23:25:20.835, 29, 2338, 59.32
2026/07/29 23:25:21.366, 29, 2338, 59.58
2026/07/29 23:25:21.900, 29, 2338, 59.58
2026/07/29 23:25:22.431, 29, 2338, 59.97
2026/07/29 23:25:22.963, 29, 2338, 59.64
2026/07/29 23:25:23.497, 29, 2338, 59.64
2026/07/29 23:25:24.029, 29, 2338, 59.64
2026/07/29 23:25:24.564, 29, 2338, 59.64
2026/07/29 23:25:25.101, 29, 2338, 59.58
2026/07/29 23:25:25.633, 29, 2338, 59.58
2026/07/29 23:25:26.166, 29, 2338, 59.58
2026/07/29 23:25:26.699, 29, 2338, 59.64
2026/07/29 23:25:27.232, 29, 2338, 59.64
2026/07/29 23:25:27.764, 29, 2338, 59.58
2026/07/29 23:25:28.301, 29, 2338, 59.64
2026/07/29 23:25:28.834, 29, 2338, 59.64
2026/07/29 23:25:29.368, 29, 2338, 59.58
2026/07/29 23:25:29.900, 29, 2338, 59.64
2026/07/29 23:25:30.432, 29, 2338, 59.64
2026/07/29 23:25:30.965, 29, 2338, 60.57
2026/07/29 23:25:31.498, 29, 2338, 59.58
2026/07/29 23:25:32.029, 29, 2338, 59.64
2026/07/29 23:25:32.560, 29, 2338, 59.64
2026/07/29 23:25:33.092, 29, 2338, 59.58
2026/07/29 23:25:33.624, 29, 2338, 59.58
2026/07/29 23:25:34.157, 29, 2338, 59.58
2026/07/29 23:25:34.689, 29, 2338, 59.97
2026/07/29 23:25:35.220, 29, 2338, 61.69
2026/07/29 23:25:35.752, 29, 2338, 60.77
2026/07/29 23:25:36.283, 29, 2338, 61.16
2026/07/29 23:25:36.817, 29, 2338, 60.83
2026/07/29 23:25:37.350, 29, 2338, 59.64
2026/07/29 23:25:37.882, 29, 2338, 61.36
2026/07/29 23:25:38.414, 29, 2338, 59.97
2026/07/29 23:25:38.946, 29, 2338, 59.64
2026/07/29 23:25:39.478, 29, 2338, 62.95
2026/07/29 23:25:40.013, 29, 2338, 60.24
2026/07/29 23:25:40.546, 29, 2338, 59.97
2026/07/29 23:25:41.078, 29, 2338, 60.24
2026/07/29 23:25:41.610, 29, 2338, 59.64
2026/07/29 23:25:42.141, 29, 2338, 59.97
2026/07/29 23:25:42.673, 29, 2338, 59.64
2026/07/29 23:25:43.205, 29, 2338, 59.58
2026/07/29 23:25:43.737, 29, 2338, 59.64
2026/07/29 23:25:44.270, 29, 2338, 59.64
2026/07/29 23:25:44.803, 29, 2338, 59.32
2026/07/29 23:25:45.335, 29, 2338, 59.64
2026/07/29 23:25:45.868, 29, 2338, 59.32
2026/07/29 23:25:46.400, 29, 2338, 59.32
2026/07/29 23:25:46.933, 29, 2338, 59.32
2026/07/29 23:25:47.465, 29, 2338, 59.64
2026/07/29 23:25:47.999, 29, 2338, 59.32
2026/07/29 23:25:48.532, 29, 2338, 59.32
2026/07/29 23:25:49.065, 29, 2338, 59.26
2026/07/29 23:25:49.598, 29, 2338, 59.26
2026/07/29 23:25:50.130, 29, 2338, 59.32
2026/07/29 23:25:50.662, 29, 2338, 59.58
2026/07/29 23:25:51.196, 29, 2338, 59.26
2026/07/29 23:25:51.728, 29, 2338, 59.32
2026/07/29 23:25:52.260, 29, 2338, 59.32
2026/07/29 23:25:52.791, 29, 2338, 59.32
2026/07/29 23:25:53.322, 29, 2338, 59.26
2026/07/29 23:25:53.853, 29, 2338, 59.32
2026/07/29 23:25:54.384, 29, 2338, 59.32
2026/07/29 23:25:54.917, 29, 2338, 59.26
2026/07/29 23:25:55.450, 29, 2338, 59.26
2026/07/29 23:25:55.982, 29, 2338, 59.97
2026/07/29 23:25:56.515, 29, 2338, 59.64
2026/07/29 23:25:57.048, 29, 2338, 59.32
2026/07/29 23:25:57.581, 29, 2338, 59.97
2026/07/29 23:25:58.116, 29, 2338, 60.57
2026/07/29 23:25:58.648, 29, 2338, 59.32
2026/07/29 23:25:59.180, 29, 2338, 64.40
2026/07/29 23:25:59.715, 29, 2338, 59.32
2026/07/29 23:26:00.247, 29, 2338, 60.57
2026/07/29 23:26:00.780, 29, 2338, 59.58
2026/07/29 23:26:01.311, 29, 2338, 59.64
2026/07/29 23:26:01.845, 29, 2338, 59.64
2026/07/29 23:26:02.376, 29, 2338, 59.64
2026/07/29 23:26:02.910, 29, 2338, 59.97
2026/07/29 23:26:03.441, 29, 2338, 59.32
2026/07/29 23:26:03.973, 29, 2338, 59.64
2026/07/29 23:26:04.504, 29, 2338, 59.26
2026/07/29 23:26:05.035, 29, 2338, 59.26
2026/07/29 23:26:05.569, 29, 2338, 59.26
2026/07/29 23:26:06.101, 29, 2338, 59.90
2026/07/29 23:26:06.635, 29, 2338, 59.58
2026/07/29 23:26:07.168, 29, 2338, 59.32
2026/07/29 23:26:07.700, 29, 2338, 59.32
2026/07/29 23:26:08.232, 29, 2338, 59.64
2026/07/29 23:26:08.765, 29, 2338, 59.26
2026/07/29 23:26:09.298, 29, 2338, 59.64
2026/07/29 23:26:09.831, 29, 2338, 59.32
2026/07/29 23:26:10.364, 29, 2338, 59.64
2026/07/29 23:26:10.895, 29, 2338, 59.26
2026/07/29 23:26:11.427, 29, 2338, 59.26
2026/07/29 23:26:11.959, 29, 2338, 59.64
2026/07/29 23:26:12.494, 29, 2338, 59.26
2026/07/29 23:26:13.028, 29, 2338, 59.26
2026/07/29 23:26:13.562, 29, 2338, 59.90
2026/07/29 23:26:14.097, 29, 2338, 59.32
2026/07/29 23:26:14.631, 29, 2338, 59.32
2026/07/29 23:26:15.163, 29, 2338, 59.32
2026/07/29 23:26:15.695, 29, 2338, 59.32
2026/07/29 23:26:16.226, 29, 2338, 59.64
2026/07/29 23:26:16.757, 29, 2338, 59.26
2026/07/29 23:26:17.288, 29, 2338, 59.26
2026/07/29 23:26:17.821, 29, 2338, 59.32
2026/07/29 23:26:18.354, 29, 2338, 60.24
2026/07/29 23:26:18.885, 29, 2338, 62.35
2026/07/29 23:26:19.416, 29, 2338, 59.64
2026/07/29 23:26:19.949, 29, 2338, 61.43
2026/07/29 23:26:20.482, 29, 2338, 60.24
2026/07/29 23:26:21.015, 29, 2338, 61.69
2026/07/29 23:26:21.549, 29, 2338, 59.32
2026/07/29 23:26:22.081, 29, 2338, 59.26
2026/07/29 23:26:22.614, 29, 2338, 59.58
2026/07/29 23:26:23.146, 29, 2338, 59.32
2026/07/29 23:26:23.678, 29, 2338, 59.26
2026/07/29 23:26:24.212, 29, 2338, 60.18
2026/07/29 23:26:24.746, 29, 2338, 59.32
2026/07/29 23:26:25.277, 29, 2338, 59.64
2026/07/29 23:26:25.809, 29, 2338, 60.57
2026/07/29 23:26:26.340, 29, 2338, 59.64
2026/07/29 23:26:26.872, 29, 2338, 59.32
2026/07/29 23:26:27.406, 29, 2338, 59.64
2026/07/29 23:26:27.938, 29, 2338, 59.64
2026/07/29 23:26:28.471, 29, 2338, 59.64
2026/07/29 23:26:29.004, 29, 2338, 59.64
2026/07/29 23:26:29.537, 29, 2338, 60.18
2026/07/29 23:26:30.071, 29, 2338, 59.64
2026/07/29 23:26:30.604, 29, 2338, 59.64
2026/07/29 23:26:31.137, 29, 2338, 59.32
2026/07/29 23:26:31.669, 29, 2338, 59.58
2026/07/29 23:26:32.202, 29, 2338, 59.32
2026/07/29 23:26:32.735, 29, 2338, 59.64
2026/07/29 23:26:33.267, 29, 2338, 59.64
2026/07/29 23:26:33.798, 29, 2338, 59.58
2026/07/29 23:26:34.330, 29, 2338, 59.58
2026/07/29 23:26:34.863, 29, 2338, 60.24
2026/07/29 23:26:35.397, 29, 2338, 59.64
2026/07/29 23:26:35.929, 29, 2338, 59.32
2026/07/29 23:26:36.460, 29, 2338, 59.64
2026/07/29 23:26:36.992, 29, 2338, 59.64
2026/07/29 23:26:37.525, 29, 2338, 59.64
2026/07/29 23:26:38.058, 29, 2338, 59.64
2026/07/29 23:26:38.590, 29, 2338, 59.64
2026/07/29 23:26:39.123, 29, 2338, 59.32
2026/07/29 23:26:39.656, 29, 2338, 59.64
2026/07/29 23:26:40.189, 29, 2338, 60.24
2026/07/29 23:26:40.722, 29, 2338, 59.64
2026/07/29 23:26:41.255, 29, 2338, 60.24
2026/07/29 23:26:41.788, 29, 2338, 60.24
2026/07/29 23:26:42.320, 29, 2338, 60.24
2026/07/29 23:26:42.852, 29, 2338, 60.57
2026/07/29 23:26:43.384, 29, 2338, 60.24
2026/07/29 23:26:43.917, 29, 2338, 59.64
2026/07/29 23:26:44.451, 29, 2338, 59.97
2026/07/29 23:26:44.985, 29, 2338, 59.58
2026/07/29 23:26:45.518, 29, 2338, 60.18
2026/07/29 23:26:46.049, 29, 2338, 59.64
2026/07/29 23:26:46.581, 29, 2338, 59.64
2026/07/29 23:26:47.116, 29, 2338, 59.58
2026/07/29 23:26:47.649, 29, 2338, 59.64
2026/07/29 23:26:48.182, 29, 2338, 59.64
2026/07/29 23:26:48.717, 29, 2338, 59.58
2026/07/29 23:26:49.251, 29, 2338, 59.58
2026/07/29 23:26:49.783, 29, 2338, 59.64
2026/07/29 23:26:50.317, 29, 2338, 59.64
2026/07/29 23:26:50.851, 29, 2338, 59.64
2026/07/29 23:26:51.382, 29, 2338, 59.32
2026/07/29 23:26:51.915, 29, 2338, 59.64
2026/07/29 23:26:52.449, 29, 2338, 59.97
2026/07/29 23:26:52.983, 29, 2338, 59.58
2026/07/29 23:26:53.515, 29, 2338, 59.26
2026/07/29 23:26:54.048, 29, 2338, 59.32
2026/07/29 23:26:54.579, 29, 2338, 59.32
2026/07/29 23:26:55.115, 29, 2338, 59.26
2026/07/29 23:26:55.647, 29, 2338, 59.26
2026/07/29 23:26:56.179, 29, 2338, 59.32
2026/07/29 23:26:56.711, 29, 2338, 59.26
2026/07/29 23:26:57.244, 29, 2338, 59.32
2026/07/29 23:26:57.777, 29, 2338, 59.58
2026/07/29 23:26:58.309, 29, 2338, 59.32
2026/07/29 23:26:58.842, 29, 2338, 59.32
2026/07/29 23:26:59.374, 29, 2338, 59.32
2026/07/29 23:26:59.910, 29, 2338, 59.26
2026/07/29 23:27:00.444, 29, 2338, 60.18
2026/07/29 23:27:00.976, 29, 2338, 59.26
2026/07/29 23:27:01.509, 29, 2338, 59.26
2026/07/29 23:27:02.041, 29, 2338, 61.36
2026/07/29 23:27:02.574, 29, 2338, 59.26
2026/07/29 23:27:03.105, 29, 2338, 59.97
2026/07/29 23:27:03.636, 29, 2338, 59.58
2026/07/29 23:27:04.166, 29, 2338, 59.32
2026/07/29 23:27:04.699, 29, 2338, 59.32
2026/07/29 23:27:05.230, 29, 2338, 59.32
2026/07/29 23:27:05.762, 29, 2338, 59.32
2026/07/29 23:27:06.294, 29, 2338, 59.90
2026/07/29 23:27:06.828, 29, 2338, 59.58
2026/07/29 23:27:07.360, 29, 2338, 59.58
2026/07/29 23:27:07.891, 29, 2338, 59.26
2026/07/29 23:27:08.423, 29, 2338, 59.58
2026/07/29 23:27:08.958, 29, 2338, 59.32
2026/07/29 23:27:09.493, 29, 2338, 59.26
2026/07/29 23:27:10.024, 29, 2338, 59.32
2026/07/29 23:27:10.557, 29, 2338, 59.26
2026/07/29 23:27:11.088, 29, 2338, 59.26
2026/07/29 23:27:11.621, 29, 2338, 59.26
2026/07/29 23:27:12.154, 29, 2338, 59.32
2026/07/29 23:27:12.686, 29, 2338, 59.32
2026/07/29 23:27:13.219, 29, 2338, 59.32
2026/07/29 23:27:13.751, 29, 2338, 59.32
2026/07/29 23:27:14.284, 29, 2338, 59.32
2026/07/29 23:27:14.816, 29, 2338, 59.32
2026/07/29 23:27:15.348, 29, 2338, 59.32
2026/07/29 23:27:15.882, 29, 2338, 59.26
2026/07/29 23:27:16.414, 29, 2338, 59.26
2026/07/29 23:27:16.947, 29, 2338, 59.32
2026/07/29 23:27:17.479, 29, 2338, 59.32
2026/07/29 23:27:18.014, 29, 2338, 59.32
2026/07/29 23:27:18.546, 29, 2338, 59.32
2026/07/29 23:27:19.078, 29, 2338, 59.32
2026/07/29 23:27:19.612, 29, 2338, 59.32
2026/07/29 23:27:20.145, 29, 2338, 59.26
2026/07/29 23:27:20.677, 29, 2338, 59.64
2026/07/29 23:27:21.213, 29, 2338, 59.32
2026/07/29 23:27:21.746, 29, 2338, 59.26
2026/07/29 23:27:22.278, 29, 2338, 59.58
2026/07/29 23:27:22.810, 29, 2338, 62.61
2026/07/29 23:27:23.342, 29, 2338, 60.77
2026/07/29 23:27:23.874, 29, 2338, 61.69
2026/07/29 23:27:24.406, 29, 2338, 60.24
2026/07/29 23:27:24.939, 29, 2338, 59.32
2026/07/29 23:27:25.470, 29, 2338, 60.57
2026/07/29 23:27:26.003, 29, 2338, 59.90
2026/07/29 23:27:26.536, 29, 2338, 60.24
2026/07/29 23:27:27.068, 29, 2338, 59.64
2026/07/29 23:27:27.600, 29, 2338, 59.97
2026/07/29 23:27:28.133, 29, 2338, 59.32
2026/07/29 23:27:28.666, 29, 2338, 59.97
2026/07/29 23:27:29.198, 29, 2338, 59.64
2026/07/29 23:27:29.730, 29, 2338, 59.32
2026/07/29 23:27:30.263, 29, 2338, 59.26
2026/07/29 23:27:30.795, 29, 2338, 59.64
2026/07/29 23:27:31.329, 29, 2338, 59.64
2026/07/29 23:27:31.861, 29, 2338, 59.64
2026/07/29 23:27:32.394, 29, 2338, 59.32
2026/07/29 23:27:32.927, 29, 2338, 59.32
2026/07/29 23:27:33.460, 29, 2338, 59.32
2026/07/29 23:27:33.995, 29, 2338, 59.26
2026/07/29 23:27:34.529, 29, 2338, 59.32
2026/07/29 23:27:35.062, 29, 2338, 59.32
2026/07/29 23:27:35.593, 29, 2338, 59.32
2026/07/29 23:27:36.125, 29, 2338, 59.32
2026/07/29 23:27:36.657, 29, 2338, 59.64
2026/07/29 23:27:37.189, 29, 2338, 59.32
2026/07/29 23:27:37.722, 29, 2338, 59.64
2026/07/29 23:27:38.256, 29, 2338, 59.32
2026/07/29 23:27:38.790, 29, 2338, 59.64
2026/07/29 23:27:39.325, 29, 2338, 59.32
2026/07/29 23:27:39.858, 29, 2338, 59.64
2026/07/29 23:27:40.390, 29, 2338, 59.26
2026/07/29 23:27:40.922, 29, 2338, 59.32
2026/07/29 23:27:41.455, 29, 2338, 59.32
2026/07/29 23:27:41.988, 29, 2338, 59.26
2026/07/29 23:27:42.519, 29, 2338, 59.64
2026/07/29 23:27:43.051, 29, 2338, 59.26
2026/07/29 23:27:43.583, 29, 2338, 60.24
2026/07/29 23:27:44.117, 29, 2338, 59.64
2026/07/29 23:27:44.650, 29, 2338, 59.32
2026/07/29 23:27:45.183, 29, 2338, 62.08
2026/07/29 23:27:45.719, 29, 2338, 61.43
2026/07/29 23:27:46.251, 29, 2338, 59.26
2026/07/29 23:27:46.785, 29, 2338, 59.90
2026/07/29 23:27:47.317, 29, 2338, 59.64
2026/07/29 23:27:47.851, 29, 2338, 59.64
2026/07/29 23:27:48.383, 29, 2338, 59.64
2026/07/29 23:27:48.916, 29, 2338, 59.64
2026/07/29 23:27:49.449, 29, 2338, 59.64
2026/07/29 23:27:49.982, 29, 2338, 59.64
2026/07/29 23:27:50.516, 29, 2338, 60.18
2026/07/29 23:27:51.049, 29, 2338, 59.64
2026/07/29 23:27:51.582, 29, 2338, 59.97
2026/07/29 23:27:52.115, 29, 2338, 59.64
2026/07/29 23:27:52.646, 29, 2338, 59.64
2026/07/29 23:27:53.182, 29, 2338, 59.58
2026/07/29 23:27:53.714, 29, 2338, 59.64
2026/07/29 23:27:54.247, 29, 2338, 59.58
2026/07/29 23:27:54.778, 29, 2338, 59.58
2026/07/29 23:27:55.311, 29, 2338, 59.64
2026/07/29 23:27:55.844, 29, 2338, 60.18
2026/07/29 23:27:56.376, 29, 2338, 59.58
2026/07/29 23:27:56.909, 29, 2338, 59.64
2026/07/29 23:27:57.442, 29, 2338, 59.58
2026/07/29 23:27:57.974, 29, 2338, 59.58
2026/07/29 23:27:58.509, 29, 2338, 59.32
2026/07/29 23:27:59.043, 29, 2338, 59.32
2026/07/29 23:27:59.576, 29, 2338, 59.32
2026/07/29 23:28:00.108, 29, 2338, 59.26
2026/07/29 23:28:00.640, 29, 2338, 59.26
2026/07/29 23:28:01.174, 29, 2338, 59.64
2026/07/29 23:28:01.709, 29, 2338, 59.32
2026/07/29 23:28:02.241, 29, 2338, 59.32
2026/07/29 23:28:02.773, 29, 2338, 59.32
2026/07/29 23:28:03.304, 29, 2338, 59.32
2026/07/29 23:28:03.836, 29, 2338, 59.32
2026/07/29 23:28:04.369, 29, 2338, 59.32
2026/07/29 23:28:04.903, 29, 2338, 62.08
2026/07/29 23:28:05.435, 29, 2338, 59.32
2026/07/29 23:28:05.968, 29, 2338, 62.95
2026/07/29 23:28:06.501, 29, 2338, 59.97
2026/07/29 23:28:07.034, 29, 2338, 59.58
2026/07/29 23:28:07.566, 29, 2338, 63.54
2026/07/29 23:28:08.103, 29, 2338, 60.24
2026/07/29 23:28:08.637, 29, 2338, 59.58
2026/07/29 23:28:09.169, 29, 2338, 59.90
2026/07/29 23:28:09.701, 29, 2338, 59.64
2026/07/29 23:28:10.234, 29, 2338, 59.32
2026/07/29 23:28:10.769, 29, 2338, 59.32
2026/07/29 23:28:11.302, 29, 2338, 59.32
2026/07/29 23:28:11.835, 29, 2338, 59.64
2026/07/29 23:28:12.368, 29, 2338, 59.64
2026/07/29 23:28:12.900, 29, 2338, 59.32
2026/07/29 23:28:13.432, 29, 2338, 59.64
2026/07/29 23:28:13.965, 29, 2338, 59.26
2026/07/29 23:28:14.497, 29, 2338, 59.26
2026/07/29 23:28:15.029, 29, 2338, 59.26
2026/07/29 23:28:15.561, 29, 2338, 59.32
2026/07/29 23:28:16.095, 29, 2338, 59.26
2026/07/29 23:28:16.627, 29, 2338, 59.26
2026/07/29 23:28:17.161, 29, 2338, 59.32
2026/07/29 23:28:17.694, 29, 2338, 59.32
2026/07/29 23:28:18.226, 29, 2338, 59.32
2026/07/29 23:28:18.758, 29, 2338, 59.64
2026/07/29 23:28:19.294, 29, 2338, 59.32
2026/07/29 23:28:19.827, 29, 2338, 59.32
2026/07/29 23:28:20.358, 29, 2338, 59.97
2026/07/29 23:28:20.890, 29, 2338, 59.32
2026/07/29 23:28:21.422, 29, 2338, 59.32
2026/07/29 23:28:21.954, 29, 2338, 59.32
2026/07/29 23:28:22.485, 29, 2338, 59.32
2026/07/29 23:28:23.017, 29, 2338, 59.26
2026/07/29 23:28:23.550, 29, 2338, 59.26
2026/07/29 23:28:24.083, 29, 2338, 59.64
2026/07/29 23:28:24.616, 29, 2338, 59.32
2026/07/29 23:28:25.149, 29, 2338, 59.32
2026/07/29 23:28:25.682, 29, 2338, 59.64
2026/07/29 23:28:26.217, 29, 2338, 60.57
2026/07/29 23:28:26.750, 29, 2338, 62.28
2026/07/29 23:28:27.282, 29, 2338, 60.18
2026/07/29 23:28:27.815, 29, 2338, 59.32
2026/07/29 23:28:28.347, 29, 2338, 59.32
2026/07/29 23:28:28.881, 29, 2338, 65.31
2026/07/29 23:28:29.414, 29, 2338, 59.32
2026/07/29 23:28:29.947, 29, 2338, 59.32
2026/07/29 23:28:30.480, 29, 2338, 60.24
2026/07/29 23:28:31.018, 29, 2338, 59.26
2026/07/29 23:28:31.552, 29, 2338, 59.32
2026/07/29 23:28:32.088, 29, 2338, 59.97
2026/07/29 23:28:32.621, 29, 2338, 59.64
2026/07/29 23:28:33.154, 29, 2338, 59.32
2026/07/29 23:28:33.685, 29, 2338, 59.32
2026/07/29 23:28:34.220, 29, 2338, 59.64
2026/07/29 23:28:34.753, 29, 2338, 59.64
2026/07/29 23:28:35.288, 29, 2338, 59.32
2026/07/29 23:28:35.821, 29, 2338, 59.64
2026/07/29 23:28:36.356, 29, 2338, 59.32
2026/07/29 23:28:36.888, 29, 2338, 59.26
2026/07/29 23:28:37.420, 29, 2338, 59.32
2026/07/29 23:28:37.952, 29, 2338, 59.32
2026/07/29 23:28:38.488, 29, 2338, 59.32
2026/07/29 23:28:39.019, 29, 2338, 59.32
2026/07/29 23:28:39.552, 29, 2338, 59.64
2026/07/29 23:28:40.088, 29, 2338, 59.32
2026/07/29 23:28:40.621, 29, 2338, 59.26
2026/07/29 23:28:41.155, 29, 2338, 59.26
2026/07/29 23:28:41.687, 29, 2338, 59.32
2026/07/29 23:28:42.220, 29, 2338, 59.32
2026/07/29 23:28:42.751, 29, 2338, 59.58
2026/07/29 23:28:43.284, 29, 2338, 59.26
2026/07/29 23:28:43.816, 29, 2338, 59.26
2026/07/29 23:28:44.347, 29, 2338, 59.26
2026/07/29 23:28:44.879, 29, 2338, 59.58
2026/07/29 23:28:45.415, 29, 2338, 59.26
2026/07/29 23:28:45.949, 29, 2338, 59.26
2026/07/29 23:28:46.481, 28, 2338, 59.26
2026/07/29 23:28:47.015, 28, 2338, 60.50
2026/07/29 23:28:47.548, 28, 2338, 59.32
2026/07/29 23:28:48.082, 28, 2338, 62.08
2026/07/29 23:28:48.617, 28, 2338, 59.97
2026/07/29 23:28:49.149, 28, 2338, 60.50
2026/07/29 23:28:49.681, 28, 2338, 59.32
2026/07/29 23:28:50.213, 28, 2338, 59.64
2026/07/29 23:28:50.745, 28, 2338, 59.97
2026/07/29 23:28:51.278, 28, 2338, 59.32
2026/07/29 23:28:51.810, 28, 2338, 59.64
2026/07/29 23:28:52.343, 28, 2338, 59.32
2026/07/29 23:28:52.875, 28, 2338, 59.26
2026/07/29 23:28:53.411, 28, 2338, 59.58
2026/07/29 23:28:53.944, 28, 2338, 59.32
2026/07/29 23:28:54.476, 28, 2338, 59.32
2026/07/29 23:28:55.008, 28, 2338, 59.26
2026/07/29 23:28:55.540, 28, 2338, 59.26
2026/07/29 23:28:56.072, 28, 2338, 59.32
2026/07/29 23:28:56.609, 28, 2338, 59.32
2026/07/29 23:28:57.142, 28, 2338, 59.64
2026/07/29 23:28:57.675, 28, 2338, 59.32
2026/07/29 23:28:58.208, 28, 2338, 59.26
2026/07/29 23:28:58.739, 28, 2338, 59.26
2026/07/29 23:28:59.272, 28, 2338, 59.26
2026/07/29 23:28:59.804, 28, 2338, 59.26
2026/07/29 23:29:00.337, 28, 2338, 59.32
2026/07/29 23:29:00.869, 28, 2338, 59.32
2026/07/29 23:29:01.400, 28, 2338, 59.26
2026/07/29 23:29:01.932, 28, 2338, 59.26
2026/07/29 23:29:02.465, 28, 2338, 59.64
2026/07/29 23:29:02.996, 28, 2338, 59.26
2026/07/29 23:29:03.527, 28, 2338, 59.26
2026/07/29 23:29:04.060, 28, 2338, 59.32
2026/07/29 23:29:04.595, 28, 2338, 59.32
2026/07/29 23:29:05.128, 28, 2338, 59.32
2026/07/29 23:29:05.660, 28, 2338, 59.05
2026/07/29 23:29:06.195, 28, 2338, 59.05
2026/07/29 23:29:06.729, 28, 2338, 59.32
2026/07/29 23:29:07.262, 28, 2338, 59.05
2026/07/29 23:29:07.795, 28, 2338, 59.32
2026/07/29 23:29:08.327, 28, 2338, 59.90
2026/07/29 23:29:08.860, 28, 2338, 59.90
2026/07/29 23:29:09.391, 28, 2338, 59.05
2026/07/29 23:29:09.922, 28, 2338, 59.05
2026/07/29 23:29:10.454, 28, 2338, 60.50
2026/07/29 23:29:10.988, 28, 2338, 59.58
2026/07/29 23:29:11.520, 28, 2338, 59.26
2026/07/29 23:29:12.051, 28, 2338, 59.32
2026/07/29 23:29:12.584, 28, 2338, 59.26
2026/07/29 23:29:13.121, 28, 2338, 59.64
2026/07/29 23:29:13.654, 28, 2338, 59.26
2026/07/29 23:29:14.188, 28, 2338, 59.05
2026/07/29 23:29:14.722, 28, 2338, 59.32
2026/07/29 23:29:15.255, 28, 2338, 59.26
2026/07/29 23:29:15.789, 28, 2338, 59.26
2026/07/29 23:29:16.321, 28, 2338, 59.32
2026/07/29 23:29:16.854, 28, 2338, 59.05
2026/07/29 23:29:17.388, 28, 2338, 59.32
2026/07/29 23:29:17.920, 28, 2338, 59.32
2026/07/29 23:29:18.451, 28, 2338, 59.32
2026/07/29 23:29:18.983, 28, 2338, 59.32
2026/07/29 23:29:19.519, 28, 2338, 59.32
2026/07/29 23:29:20.052, 28, 2338, 59.26
2026/07/29 23:29:20.584, 28, 2338, 59.26
2026/07/29 23:29:21.120, 28, 2338, 58.99
2026/07/29 23:29:21.653, 28, 2338, 59.90
2026/07/29 23:29:22.188, 28, 2338, 59.26
2026/07/29 23:29:22.719, 28, 2338, 59.32
2026/07/29 23:29:23.251, 28, 2338, 59.32
2026/07/29 23:29:23.783, 28, 2338, 59.32
2026/07/29 23:29:24.315, 29, 2338, 59.32
2026/07/29 23:29:24.845, 29, 2338, 59.32
2026/07/29 23:29:25.376, 29, 2338, 59.32
2026/07/29 23:29:25.907, 29, 2338, 59.32
2026/07/29 23:29:26.438, 29, 2338, 59.32
2026/07/29 23:29:26.969, 29, 2338, 59.26
2026/07/29 23:29:27.500, 29, 2338, 59.32
2026/07/29 23:29:28.031, 29, 2338, 59.32
2026/07/29 23:29:28.563, 29, 2338, 60.18
2026/07/29 23:29:29.095, 29, 2338, 59.64
2026/07/29 23:29:29.628, 29, 2338, 59.97
2026/07/29 23:29:30.161, 29, 2338, 61.16
2026/07/29 23:29:30.696, 29, 2338, 60.57
2026/07/29 23:29:31.231, 29, 2338, 60.24
2026/07/29 23:29:31.763, 29, 2338, 59.32
2026/07/29 23:29:32.300, 29, 2338, 59.64
2026/07/29 23:29:32.832, 29, 2338, 59.58
2026/07/29 23:29:33.364, 29, 2338, 59.58
2026/07/29 23:29:33.896, 29, 2338, 59.26
2026/07/29 23:29:34.428, 29, 2338, 59.32
2026/07/29 23:29:34.959, 29, 2338, 59.32
2026/07/29 23:29:35.490, 29, 2338, 59.58
2026/07/29 23:29:36.022, 29, 2338, 59.32
2026/07/29 23:29:36.555, 29, 2338, 59.32
2026/07/29 23:29:37.089, 29, 2338, 59.32
2026/07/29 23:29:37.621, 29, 2338, 59.32
2026/07/29 23:29:38.155, 29, 2338, 59.32
2026/07/29 23:29:38.689, 29, 2338, 59.26
2026/07/29 23:29:39.221, 29, 2338, 59.26
2026/07/29 23:29:39.753, 29, 2338, 59.32
2026/07/29 23:29:40.286, 29, 2338, 59.32
2026/07/29 23:29:40.818, 29, 2338, 59.32
2026/07/29 23:29:41.353, 29, 2338, 59.64
2026/07/29 23:29:41.888, 29, 2338, 59.32
2026/07/29 23:29:42.420, 29, 2338, 59.32
2026/07/29 23:29:42.953, 29, 2338, 59.32
2026/07/29 23:29:43.484, 29, 2338, 59.26
2026/07/29 23:29:44.018, 29, 2338, 59.26
2026/07/29 23:29:44.548, 29, 2338, 59.26
2026/07/29 23:29:45.081, 29, 2338, 59.32
2026/07/29 23:29:45.617, 29, 2338, 59.32
2026/07/29 23:29:46.149, 29, 2338, 59.26
2026/07/29 23:29:46.681, 29, 2338, 59.64
2026/07/29 23:29:47.217, 29, 2338, 59.32
2026/07/29 23:29:47.749, 29, 2338, 59.32
2026/07/29 23:29:48.281, 29, 2338, 59.26
2026/07/29 23:29:48.814, 29, 2338, 59.26
2026/07/29 23:29:49.346, 29, 2338, 59.32
2026/07/29 23:29:49.877, 29, 2338, 59.32
2026/07/29 23:29:50.408, 29, 2338, 59.26
2026/07/29 23:29:50.939, 29, 2338, 59.32
2026/07/29 23:29:51.470, 29, 2338, 59.32
2026/07/29 23:29:52.006, 29, 2338, 59.97
2026/07/29 23:29:52.538, 29, 2338, 59.26
2026/07/29 23:29:53.070, 29, 2338, 59.32
2026/07/29 23:29:53.601, 28, 2338, 59.32
2026/07/29 23:29:54.133, 28, 2338, 59.32
2026/07/29 23:29:54.665, 28, 2338, 59.64
2026/07/29 23:29:55.197, 28, 2338, 59.32
2026/07/29 23:29:55.731, 28, 2338, 59.64
2026/07/29 23:29:56.264, 28, 2338, 59.32
2026/07/29 23:29:56.796, 28, 2338, 59.32
2026/07/29 23:29:57.328, 28, 2338, 59.32
2026/07/29 23:29:57.860, 28, 2338, 59.32
2026/07/29 23:29:58.393, 28, 2338, 59.32
2026/07/29 23:29:58.924, 29, 2338, 59.32
2026/07/29 23:29:59.456, 28, 2338, 59.32
2026/07/29 23:29:59.989, 28, 2338, 59.32
2026/07/29 23:30:00.520, 29, 2338, 59.32
2026/07/29 23:30:01.054, 29, 2338, 59.58
2026/07/29 23:30:01.588, 29, 2338, 59.32
2026/07/29 23:30:02.121, 29, 2338, 59.64
2026/07/29 23:30:02.652, 29, 2338, 59.32
2026/07/29 23:30:03.188, 29, 2338, 59.26
2026/07/29 23:30:03.721, 29, 2338, 59.32
2026/07/29 23:30:04.253, 29, 2338, 59.32
2026/07/29 23:30:04.785, 29, 2338, 59.32
2026/07/29 23:30:05.318, 29, 2338, 59.26
2026/07/29 23:30:05.852, 29, 2338, 59.64
2026/07/29 23:30:06.383, 29, 2338, 59.32
2026/07/29 23:30:06.915, 29, 2338, 59.32
2026/07/29 23:30:07.447, 29, 2338, 59.32
2026/07/29 23:30:07.980, 29, 2338, 59.32
2026/07/29 23:30:08.519, 29, 2338, 59.32
2026/07/29 23:30:09.050, 29, 2338, 62.35
2026/07/29 23:30:09.581, 29, 2338, 59.64
2026/07/29 23:30:10.114, 29, 2338, 59.32
2026/07/29 23:30:10.648, 29, 2338, 59.32
2026/07/29 23:30:11.180, 29, 2338, 61.36
2026/07/29 23:30:11.713, 29, 2338, 60.83
2026/07/29 23:30:12.246, 29, 2338, 59.32
2026/07/29 23:30:12.778, 29, 2338, 59.05
2026/07/29 23:30:13.313, 29, 2338, 59.64
2026/07/29 23:30:13.847, 29, 2338, 59.32
2026/07/29 23:30:14.379, 29, 2338, 59.32
2026/07/29 23:30:14.910, 29, 2338, 59.32
2026/07/29 23:30:15.442, 29, 2338, 59.32
2026/07/29 23:30:15.975, 29, 2338, 59.26
2026/07/29 23:30:16.509, 29, 2338, 59.26
2026/07/29 23:30:17.043, 29, 2338, 59.32
2026/07/29 23:30:17.576, 29, 2338, 59.32
2026/07/29 23:30:18.109, 29, 2338, 59.26
2026/07/29 23:30:18.641, 29, 2338, 59.32
2026/07/29 23:30:19.172, 29, 2338, 59.26
2026/07/29 23:30:19.704, 29, 2338, 59.32
2026/07/29 23:30:20.236, 29, 2338, 59.26
2026/07/29 23:30:20.768, 29, 2338, 59.32
2026/07/29 23:30:21.301, 29, 2338, 59.32
2026/07/29 23:30:21.834, 29, 2338, 59.32
2026/07/29 23:30:22.367, 29, 2338, 59.32
2026/07/29 23:30:22.904, 29, 2338, 59.32
2026/07/29 23:30:23.436, 29, 2338, 59.32
2026/07/29 23:30:23.968, 29, 2338, 59.32
2026/07/29 23:30:24.500, 29, 2338, 59.26
2026/07/29 23:30:25.032, 29, 2338, 59.32
2026/07/29 23:30:25.564, 29, 2338, 59.32
2026/07/29 23:30:26.097, 29, 2338, 59.32
2026/07/29 23:30:26.630, 29, 2338, 59.32
2026/07/29 23:30:27.162, 29, 2338, 59.32
2026/07/29 23:30:27.693, 29, 2338, 59.32
2026/07/29 23:30:28.225, 29, 2338, 59.32
2026/07/29 23:30:28.759, 29, 2338, 59.32
2026/07/29 23:30:29.289, 29, 2338, 60.77
2026/07/29 23:30:29.821, 29, 2338, 60.57
2026/07/29 23:30:30.353, 29, 2338, 59.32
2026/07/29 23:30:30.887, 29, 2338, 60.57
2026/07/29 23:30:31.419, 29, 2338, 59.97
2026/07/29 23:30:31.953, 29, 2338, 60.24
2026/07/29 23:30:32.486, 29, 2338, 61.43
2026/07/29 23:30:33.021, 29, 2338, 60.18
2026/07/29 23:30:33.553, 29, 2338, 59.32
2026/07/29 23:30:34.085, 29, 2338, 59.32
2026/07/29 23:30:34.617, 29, 2338, 59.58
2026/07/29 23:30:35.149, 29, 2338, 59.90
2026/07/29 23:30:35.682, 29, 2338, 59.26
2026/07/29 23:30:36.215, 29, 2338, 62.02
2026/07/29 23:30:36.748, 29, 2338, 59.32
2026/07/29 23:30:37.281, 29, 2338, 59.64
2026/07/29 23:30:37.813, 29, 2338, 59.32
2026/07/29 23:30:38.345, 29, 2338, 59.64
2026/07/29 23:30:38.877, 29, 2338, 59.64
2026/07/29 23:30:39.411, 29, 2338, 59.32
2026/07/29 23:30:39.945, 29, 2338, 59.32
2026/07/29 23:30:40.478, 29, 2338, 59.58
2026/07/29 23:30:41.011, 29, 2338, 59.58
2026/07/29 23:30:41.543, 29, 2338, 59.90
2026/07/29 23:30:42.076, 29, 2338, 59.32
2026/07/29 23:30:42.609, 29, 2338, 59.32
2026/07/29 23:30:43.141, 29, 2338, 59.32
2026/07/29 23:30:43.674, 29, 2338, 59.64
2026/07/29 23:30:44.206, 29, 2338, 59.58
2026/07/29 23:30:44.738, 29, 2338, 59.32
2026/07/29 23:30:45.271, 29, 2338, 59.32
2026/07/29 23:30:45.804, 29, 2338, 59.64
2026/07/29 23:30:46.337, 29, 2338, 59.64
2026/07/29 23:30:46.868, 29, 2338, 60.24
2026/07/29 23:30:47.403, 29, 2338, 59.64
2026/07/29 23:30:47.936, 29, 2338, 59.58
2026/07/29 23:30:48.468, 29, 2338, 59.58
2026/07/29 23:30:49.001, 29, 2338, 59.64
2026/07/29 23:30:49.533, 29, 2338, 59.32
2026/07/29 23:30:50.067, 29, 2338, 59.64
2026/07/29 23:30:50.599, 29, 2338, 61.09
2026/07/29 23:30:51.133, 29, 2338, 62.02
2026/07/29 23:30:51.666, 29, 2338, 60.57
2026/07/29 23:30:52.199, 29, 2338, 59.58
2026/07/29 23:30:52.732, 29, 2338, 59.58
2026/07/29 23:30:53.265, 29, 2338, 59.58
2026/07/29 23:30:53.799, 29, 2338, 59.90
2026/07/29 23:30:54.332, 29, 2338, 60.18
2026/07/29 23:30:54.864, 29, 2338, 59.58
2026/07/29 23:30:55.397, 29, 2338, 59.64
2026/07/29 23:30:55.929, 29, 2338, 59.64
2026/07/29 23:30:56.463, 29, 2338, 59.58
2026/07/29 23:30:56.998, 29, 2338, 59.64
2026/07/29 23:30:57.529, 29, 2338, 59.97
2026/07/29 23:30:58.061, 29, 2338, 59.58
2026/07/29 23:30:58.594, 29, 2338, 59.58
2026/07/29 23:30:59.127, 29, 2338, 59.58
2026/07/29 23:30:59.659, 29, 2338, 59.64
2026/07/29 23:31:00.195, 29, 2338, 59.58
2026/07/29 23:31:00.728, 29, 2338, 59.64
2026/07/29 23:31:01.261, 29, 2338, 59.32
2026/07/29 23:31:01.793, 29, 2338, 59.58
2026/07/29 23:31:02.325, 29, 2338, 59.58
2026/07/29 23:31:02.857, 29, 2338, 59.58
2026/07/29 23:31:03.390, 29, 2338, 59.64
2026/07/29 23:31:03.922, 29, 2338, 59.58
2026/07/29 23:31:04.453, 29, 2338, 59.58
2026/07/29 23:31:04.988, 29, 2338, 59.26
2026/07/29 23:31:05.522, 29, 2338, 59.32
2026/07/29 23:31:06.054, 29, 2338, 59.64
2026/07/29 23:31:06.585, 29, 2338, 59.58
2026/07/29 23:31:07.118, 29, 2338, 59.64
2026/07/29 23:31:07.650, 29, 2338, 59.64
2026/07/29 23:31:08.182, 29, 2338, 59.58
2026/07/29 23:31:08.715, 29, 2338, 59.64
2026/07/29 23:31:09.252, 29, 2338, 59.64
2026/07/29 23:31:09.785, 29, 2338, 59.90
2026/07/29 23:31:10.317, 29, 2338, 59.64
2026/07/29 23:31:10.848, 29, 2338, 59.64
2026/07/29 23:31:11.382, 29, 2338, 59.64
2026/07/29 23:31:11.915, 29, 2338, 59.32
2026/07/29 23:31:12.448, 29, 2338, 59.58
2026/07/29 23:31:12.979, 29, 2338, 59.64
2026/07/29 23:31:13.514, 29, 2338, 59.97
2026/07/29 23:31:14.047, 29, 2338, 59.58
2026/07/29 23:31:14.579, 29, 2338, 60.24
2026/07/29 23:31:15.114, 29, 2338, 59.97
2026/07/29 23:31:15.646, 29, 2338, 59.97
2026/07/29 23:31:16.178, 29, 2338, 59.58
2026/07/29 23:31:16.710, 29, 2338, 59.58
2026/07/29 23:31:17.242, 29, 2338, 59.97
2026/07/29 23:31:17.774, 29, 2338, 59.64
2026/07/29 23:31:18.306, 29, 2338, 59.64
2026/07/29 23:31:18.837, 29, 2338, 59.64
2026/07/29 23:31:19.369, 29, 2338, 59.64
2026/07/29 23:31:19.904, 29, 2338, 59.32
2026/07/29 23:31:20.437, 29, 2338, 59.64
2026/07/29 23:31:20.971, 29, 2338, 59.32
2026/07/29 23:31:21.505, 29, 2338, 59.26
2026/07/29 23:31:22.039, 29, 2338, 59.32
2026/07/29 23:31:22.573, 29, 2338, 59.26
2026/07/29 23:31:23.109, 29, 2338, 59.32
2026/07/29 23:31:23.642, 29, 2338, 59.32
2026/07/29 23:31:24.175, 29, 2338, 59.32
2026/07/29 23:31:24.708, 29, 2338, 59.32
2026/07/29 23:31:25.241, 29, 2338, 59.32
2026/07/29 23:31:25.773, 29, 2338, 59.32
2026/07/29 23:31:26.307, 29, 2338, 59.32
2026/07/29 23:31:26.841, 29, 2338, 59.32
2026/07/29 23:31:27.373, 29, 2338, 59.64
2026/07/29 23:31:27.905, 29, 2338, 59.32
2026/07/29 23:31:28.437, 29, 2338, 59.32
2026/07/29 23:31:28.970, 29, 2338, 59.32
2026/07/29 23:31:29.503, 29, 2338, 59.32
2026/07/29 23:31:30.037, 29, 2338, 59.32
2026/07/29 23:31:30.569, 29, 2338, 60.24
2026/07/29 23:31:31.100, 29, 2338, 59.64
2026/07/29 23:31:31.633, 29, 2338, 60.24
2026/07/29 23:31:32.167, 29, 2338, 61.76
2026/07/29 23:31:32.699, 29, 2338, 59.64
2026/07/29 23:31:33.232, 29, 2338, 59.97
2026/07/29 23:31:33.764, 29, 2338, 59.64
2026/07/29 23:31:34.297, 29, 2338, 60.57
2026/07/29 23:31:34.830, 29, 2338, 59.32
2026/07/29 23:31:35.362, 29, 2338, 59.32
2026/07/29 23:31:35.895, 29, 2338, 59.64
2026/07/29 23:31:36.429, 29, 2338, 61.36
2026/07/29 23:31:36.962, 29, 2338, 59.64
2026/07/29 23:31:37.493, 29, 2338, 59.64
2026/07/29 23:31:38.026, 29, 2338, 59.64
2026/07/29 23:31:38.560, 29, 2338, 59.32
2026/07/29 23:31:39.093, 29, 2338, 59.26
2026/07/29 23:31:39.625, 29, 2338, 59.26
2026/07/29 23:31:40.156, 29, 2338, 59.32
2026/07/29 23:31:40.689, 29, 2338, 59.32
2026/07/29 23:31:41.221, 29, 2338, 59.64
2026/07/29 23:31:41.754, 29, 2338, 59.32
2026/07/29 23:31:42.286, 29, 2338, 59.32
2026/07/29 23:31:42.818, 29, 2338, 59.32
2026/07/29 23:31:43.350, 29, 2338, 59.64
2026/07/29 23:31:43.884, 29, 2338, 59.64
2026/07/29 23:31:44.416, 29, 2338, 59.32
2026/07/29 23:31:44.949, 29, 2338, 59.58
2026/07/29 23:31:45.481, 29, 2338, 59.64
2026/07/29 23:31:46.014, 29, 2338, 59.64
2026/07/29 23:31:46.547, 29, 2338, 59.32
2026/07/29 23:31:47.079, 29, 2338, 59.58
2026/07/29 23:31:47.611, 29, 2338, 59.58
2026/07/29 23:31:48.144, 29, 2338, 59.32
2026/07/29 23:31:48.676, 29, 2338, 59.64
2026/07/29 23:31:49.208, 29, 2338, 59.58
2026/07/29 23:31:49.741, 29, 2338, 59.26
2026/07/29 23:31:50.272, 29, 2338, 59.58
2026/07/29 23:31:50.805, 29, 2338, 59.32
2026/07/29 23:31:51.336, 29, 2338, 59.64
2026/07/29 23:31:51.868, 29, 2338, 59.32
2026/07/29 23:31:52.401, 29, 2338, 59.64
2026/07/29 23:31:52.933, 29, 2338, 61.16
2026/07/29 23:31:53.465, 29, 2338, 60.50
2026/07/29 23:31:53.998, 29, 2338, 60.24
2026/07/29 23:31:54.533, 29, 2338, 59.64
2026/07/29 23:31:55.066, 29, 2338, 59.58
2026/07/29 23:31:55.599, 29, 2338, 59.64
2026/07/29 23:31:56.131, 29, 2338, 59.97
2026/07/29 23:31:56.664, 29, 2338, 60.24
2026/07/29 23:31:57.197, 29, 2338, 59.64
2026/07/29 23:31:57.728, 29, 2338, 59.97
2026/07/29 23:31:58.261, 29, 2338, 59.64
2026/07/29 23:31:58.795, 29, 2338, 59.97
2026/07/29 23:31:59.328, 29, 2338, 59.97
2026/07/29 23:31:59.861, 29, 2338, 59.26
2026/07/29 23:32:00.398, 29, 2338, 59.58
2026/07/29 23:32:00.931, 29, 2338, 60.24
2026/07/29 23:32:01.464, 29, 2338, 59.64
2026/07/29 23:32:01.995, 29, 2338, 59.64
2026/07/29 23:32:02.527, 29, 2338, 59.58
2026/07/29 23:32:03.059, 29, 2338, 59.64
2026/07/29 23:32:03.590, 29, 2338, 59.64
2026/07/29 23:32:04.123, 29, 2338, 59.64
2026/07/29 23:32:04.655, 29, 2338, 59.58
2026/07/29 23:32:05.188, 29, 2338, 59.26
2026/07/29 23:32:05.720, 29, 2338, 59.64
2026/07/29 23:32:06.253, 29, 2338, 59.64
2026/07/29 23:32:06.786, 29, 2338, 59.64
2026/07/29 23:32:07.317, 29, 2338, 59.64
2026/07/29 23:32:07.849, 29, 2338, 59.64
2026/07/29 23:32:08.380, 29, 2338, 59.58
2026/07/29 23:32:08.914, 29, 2338, 59.64
2026/07/29 23:32:09.446, 29, 2338, 59.58
2026/07/29 23:32:09.978, 29, 2338, 59.97
2026/07/29 23:32:10.510, 29, 2338, 59.64
2026/07/29 23:32:11.044, 29, 2338, 59.58
2026/07/29 23:32:11.576, 29, 2338, 59.58
2026/07/29 23:32:12.108, 29, 2338, 59.58
2026/07/29 23:32:12.641, 29, 2338, 59.64
2026/07/29 23:32:13.174, 29, 2338, 59.64
2026/07/29 23:32:13.710, 29, 2338, 59.97
2026/07/29 23:32:14.244, 29, 2338, 59.64
2026/07/29 23:32:14.777, 29, 2338, 59.64
2026/07/29 23:32:15.309, 29, 2338, 60.83
2026/07/29 23:32:15.840, 29, 2338, 59.58
2026/07/29 23:32:16.372, 29, 2338, 60.57
2026/07/29 23:32:16.904, 29, 2338, 59.64
2026/07/29 23:32:17.436, 29, 2338, 60.24
2026/07/29 23:32:17.969, 29, 2338, 59.64
2026/07/29 23:32:18.503, 29, 2338, 59.64
2026/07/29 23:32:19.034, 29, 2338, 60.24
2026/07/29 23:32:19.567, 29, 2338, 59.97
2026/07/29 23:32:20.101, 29, 2338, 59.58
2026/07/29 23:32:20.634, 29, 2338, 59.90
2026/07/29 23:32:21.165, 29, 2338, 59.64
2026/07/29 23:32:21.699, 29, 2338, 59.64
2026/07/29 23:32:22.232, 29, 2338, 60.24
2026/07/29 23:32:22.764, 29, 2338, 60.24
2026/07/29 23:32:23.296, 29, 2338, 59.64
2026/07/29 23:32:23.829, 29, 2338, 59.64
2026/07/29 23:32:24.361, 29, 2338, 59.58
2026/07/29 23:32:24.895, 29, 2338, 59.58
2026/07/29 23:32:25.428, 29, 2338, 59.64
2026/07/29 23:32:25.961, 29, 2338, 59.64
2026/07/29 23:32:26.495, 29, 2338, 59.26
2026/07/29 23:32:27.028, 29, 2338, 59.58
2026/07/29 23:32:27.560, 29, 2338, 59.64
2026/07/29 23:32:28.092, 29, 2338, 59.32
2026/07/29 23:32:28.626, 29, 2338, 59.32
2026/07/29 23:32:29.158, 29, 2338, 59.32
2026/07/29 23:32:29.691, 29, 2338, 59.32
2026/07/29 23:32:30.223, 29, 2338, 59.64
2026/07/29 23:32:30.756, 29, 2338, 59.32
2026/07/29 23:32:31.289, 29, 2338, 59.26
2026/07/29 23:32:31.821, 29, 2338, 59.32
2026/07/29 23:32:32.354, 29, 2338, 59.32
2026/07/29 23:32:32.888, 29, 2338, 59.64
2026/07/29 23:32:33.421, 29, 2338, 60.18
2026/07/29 23:32:33.953, 29, 2338, 62.67
2026/07/29 23:32:34.486, 29, 2338, 61.16
2026/07/29 23:32:35.020, 29, 2338, 59.58
2026/07/29 23:32:35.552, 29, 2338, 67.10
2026/07/29 23:32:36.086, 29, 2338, 60.57
2026/07/29 23:32:36.620, 29, 2338, 59.32
2026/07/29 23:32:37.153, 29, 2338, 59.64
2026/07/29 23:32:37.688, 29, 2338, 59.26
2026/07/29 23:32:38.221, 29, 2338, 59.26
2026/07/29 23:32:38.753, 29, 2338, 59.64
2026/07/29 23:32:39.288, 29, 2338, 59.58
2026/07/29 23:32:39.822, 29, 2338, 59.58
2026/07/29 23:32:40.355, 29, 2338, 59.58
2026/07/29 23:32:40.889, 29, 2338, 59.64
2026/07/29 23:32:41.422, 29, 2338, 59.32
2026/07/29 23:32:41.953, 29, 2338, 59.64
2026/07/29 23:32:42.486, 29, 2338, 59.32
2026/07/29 23:32:43.018, 29, 2338, 59.64
2026/07/29 23:32:43.552, 29, 2338, 59.32
2026/07/29 23:32:44.085, 29, 2338, 59.26
2026/07/29 23:32:44.618, 29, 2338, 59.32
2026/07/29 23:32:45.151, 29, 2338, 59.64
2026/07/29 23:32:45.683, 29, 2338, 59.32
2026/07/29 23:32:46.216, 29, 2338, 59.32
2026/07/29 23:32:46.748, 29, 2338, 59.32
2026/07/29 23:32:47.280, 29, 2338, 59.64
2026/07/29 23:32:47.817, 29, 2338, 59.32
2026/07/29 23:32:48.349, 29, 2338, 59.32
2026/07/29 23:32:48.882, 29, 2338, 59.32
2026/07/29 23:32:49.415, 29, 2338, 59.32
2026/07/29 23:32:49.948, 29, 2338, 59.64
2026/07/29 23:32:50.481, 29, 2338, 59.26
2026/07/29 23:32:51.012, 29, 2338, 59.26
2026/07/29 23:32:51.544, 29, 2338, 59.26
2026/07/29 23:32:52.077, 29, 2338, 59.64
2026/07/29 23:32:52.609, 29, 2338, 59.32
2026/07/29 23:32:53.142, 29, 2338, 59.32
2026/07/29 23:32:53.675, 29, 2338, 59.32
2026/07/29 23:32:54.208, 29, 2338, 59.64
2026/07/29 23:32:54.740, 29, 2338, 60.24
2026/07/29 23:32:55.273, 29, 2338, 61.76
2026/07/29 23:32:55.805, 29, 2338, 60.24
2026/07/29 23:32:56.337, 29, 2338, 59.97
2026/07/29 23:32:56.871, 29, 2338, 59.97
2026/07/29 23:32:57.404, 29, 2338, 59.64
2026/07/29 23:32:57.937, 29, 2338, 59.32
2026/07/29 23:32:58.470, 29, 2338, 60.24
2026/07/29 23:32:59.003, 29, 2338, 59.97
2026/07/29 23:32:59.537, 29, 2338, 59.97
2026/07/29 23:33:00.070, 29, 2338, 59.32
2026/07/29 23:33:00.601, 29, 2338, 59.32
2026/07/29 23:33:01.134, 29, 2338, 59.58
2026/07/29 23:33:01.666, 29, 2338, 59.64
2026/07/29 23:33:02.201, 29, 2338, 59.26
2026/07/29 23:33:02.734, 29, 2338, 59.32
2026/07/29 23:33:03.271, 29, 2338, 59.64
2026/07/29 23:33:03.803, 29, 2338, 59.26
2026/07/29 23:33:04.335, 29, 2338, 59.64
2026/07/29 23:33:04.868, 29, 2338, 59.32
2026/07/29 23:33:05.400, 29, 2338, 59.58
2026/07/29 23:33:05.933, 29, 2338, 59.26
2026/07/29 23:33:06.466, 29, 2338, 59.32
2026/07/29 23:33:06.997, 29, 2338, 59.32
2026/07/29 23:33:07.530, 29, 2338, 59.26
2026/07/29 23:33:08.064, 29, 2338, 59.32
2026/07/29 23:33:08.596, 29, 2338, 59.32
2026/07/29 23:33:09.129, 29, 2338, 59.32
2026/07/29 23:33:09.663, 29, 2338, 59.58
2026/07/29 23:33:10.197, 29, 2338, 59.32
2026/07/29 23:33:10.730, 29, 2338, 59.64
2026/07/29 23:33:11.263, 29, 2338, 59.26
2026/07/29 23:33:11.794, 29, 2338, 59.26
2026/07/29 23:33:12.326, 29, 2338, 59.32
2026/07/29 23:33:12.859, 29, 2338, 59.32
2026/07/29 23:33:13.392, 29, 2338, 59.32
2026/07/29 23:33:13.925, 29, 2338, 59.32
2026/07/29 23:33:14.457, 29, 2338, 59.32
2026/07/29 23:33:14.988, 29, 2338, 59.64
2026/07/29 23:33:15.520, 29, 2338, 59.32
2026/07/29 23:33:16.053, 29, 2338, 63.47
2026/07/29 23:33:16.585, 29, 2338, 59.32
2026/07/29 23:33:17.118, 29, 2338, 59.32
2026/07/29 23:33:17.651, 29, 2338, 60.83
2026/07/29 23:33:18.188, 29, 2338, 59.58
2026/07/29 23:33:18.721, 29, 2338, 59.97
2026/07/29 23:33:19.253, 29, 2338, 59.97
2026/07/29 23:33:19.786, 29, 2338, 59.32
2026/07/29 23:33:20.318, 29, 2338, 59.32
2026/07/29 23:33:20.850, 29, 2338, 59.32
2026/07/29 23:33:21.384, 29, 2338, 59.64
2026/07/29 23:33:21.917, 29, 2338, 59.58
2026/07/29 23:33:22.449, 29, 2338, 59.26
2026/07/29 23:33:22.982, 28, 2338, 59.32
2026/07/29 23:33:23.516, 28, 2338, 59.32
2026/07/29 23:33:24.048, 28, 2338, 59.32
2026/07/29 23:33:24.580, 28, 2338, 59.26
2026/07/29 23:33:25.115, 28, 2338, 59.64
2026/07/29 23:33:25.649, 28, 2338, 59.64
2026/07/29 23:33:26.182, 28, 2338, 59.26
2026/07/29 23:33:26.714, 28, 2338, 59.64
2026/07/29 23:33:27.246, 28, 2338, 59.64
2026/07/29 23:33:27.778, 28, 2338, 59.32
2026/07/29 23:33:28.316, 28, 2338, 59.32
2026/07/29 23:33:28.848, 28, 2338, 59.58
2026/07/29 23:33:29.381, 28, 2338, 59.32
2026/07/29 23:33:29.916, 28, 2338, 59.32
2026/07/29 23:33:30.449, 28, 2338, 59.26
2026/07/29 23:33:30.981, 28, 2338, 59.32
2026/07/29 23:33:31.513, 28, 2338, 59.32
2026/07/29 23:33:32.045, 28, 2338, 59.32
2026/07/29 23:33:32.576, 28, 2338, 59.26
2026/07/29 23:33:33.109, 28, 2338, 59.32
2026/07/29 23:33:33.641, 28, 2338, 59.05
2026/07/29 23:33:34.171, 28, 2338, 58.99
2026/07/29 23:33:34.703, 28, 2338, 58.99
2026/07/29 23:33:35.234, 28, 2338, 59.05
2026/07/29 23:33:35.767, 28, 2338, 59.05
2026/07/29 23:33:36.300, 28, 2338, 59.05
2026/07/29 23:33:36.833, 28, 2338, 59.05
2026/07/29 23:33:37.365, 28, 2338, 59.05
2026/07/29 23:33:37.901, 28, 2338, 59.58
2026/07/29 23:33:38.432, 28, 2338, 61.16
2026/07/29 23:33:38.964, 28, 2338, 59.26
2026/07/29 23:33:39.497, 28, 2338, 60.24
2026/07/29 23:33:40.030, 28, 2338, 59.05
2026/07/29 23:33:40.562, 28, 2338, 58.99
2026/07/29 23:33:41.096, 28, 2338, 59.32
2026/07/29 23:33:41.629, 28, 2338, 59.32
2026/07/29 23:33:42.164, 28, 2338, 59.32
2026/07/29 23:33:42.697, 28, 2338, 59.05
2026/07/29 23:33:43.230, 28, 2338, 59.64
2026/07/29 23:33:43.763, 28, 2338, 59.26
2026/07/29 23:33:44.300, 28, 2338, 59.32
2026/07/29 23:33:44.833, 28, 2338, 58.99
2026/07/29 23:33:45.364, 28, 2338, 58.99
2026/07/29 23:33:45.901, 28, 2338, 59.32
2026/07/29 23:33:46.433, 28, 2338, 59.32
2026/07/29 23:33:46.967, 28, 2338, 59.26
2026/07/29 23:33:47.500, 28, 2338, 58.99
2026/07/29 23:33:48.033, 28, 2338, 59.32
2026/07/29 23:33:48.564, 28, 2338, 60.57
2026/07/29 23:33:49.098, 28, 2338, 59.26
2026/07/29 23:33:49.632, 28, 2338, 59.05
2026/07/29 23:33:50.166, 28, 2338, 59.32
2026/07/29 23:33:50.700, 28, 2338, 59.05
2026/07/29 23:33:51.234, 28, 2338, 59.26
2026/07/29 23:33:51.766, 28, 2338, 59.05
2026/07/29 23:33:52.298, 28, 2338, 59.05
2026/07/29 23:33:52.830, 28, 2338, 59.05
2026/07/29 23:33:53.361, 28, 2338, 60.24
2026/07/29 23:33:53.894, 28, 2338, 59.32
2026/07/29 23:33:54.425, 28, 2338, 59.05
2026/07/29 23:33:54.957, 28, 2338, 59.05
2026/07/29 23:33:55.489, 28, 2338, 59.32
2026/07/29 23:33:56.022, 28, 2338, 59.32
2026/07/29 23:33:56.554, 28, 2338, 59.05
2026/07/29 23:33:57.086, 28, 2338, 59.26
2026/07/29 23:33:57.618, 28, 2338, 59.32
2026/07/29 23:33:58.151, 28, 2338, 59.05
2026/07/29 23:33:58.685, 28, 2338, 60.50
2026/07/29 23:33:59.220, 28, 2338, 59.32
2026/07/29 23:33:59.753, 28, 2338, 60.24
2026/07/29 23:34:00.288, 28, 2338, 59.64
2026/07/29 23:34:00.830, 28, 2338, 60.24
2026/07/29 23:34:01.361, 28, 2338, 59.32
2026/07/29 23:34:01.893, 28, 2338, 59.64
2026/07/29 23:34:02.425, 28, 2338, 59.97
2026/07/29 23:34:02.958, 28, 2338, 59.26
2026/07/29 23:34:03.490, 28, 2338, 59.32
2026/07/29 23:34:04.022, 28, 2338, 59.26
2026/07/29 23:34:04.556, 28, 2338, 59.32
2026/07/29 23:34:05.090, 28, 2338, 59.05
2026/07/29 23:34:05.622, 28, 2338, 60.24
2026/07/29 23:34:06.155, 28, 2338, 59.64
2026/07/29 23:34:06.688, 28, 2338, 59.32
2026/07/29 23:34:07.221, 28, 2338, 59.32
2026/07/29 23:34:07.755, 28, 2338, 59.32
2026/07/29 23:34:08.288, 28, 2338, 59.05
2026/07/29 23:34:08.821, 28, 2338, 59.32
2026/07/29 23:34:09.353, 28, 2338, 59.32
2026/07/29 23:34:09.888, 28, 2338, 59.32
2026/07/29 23:34:10.420, 28, 2338, 59.32
2026/07/29 23:34:10.952, 28, 2338, 59.26
2026/07/29 23:34:11.488, 28, 2338, 59.32
2026/07/29 23:34:12.022, 28, 2338, 59.32
2026/07/29 23:34:12.553, 28, 2338, 59.32
2026/07/29 23:34:13.086, 28, 2338, 59.32
2026/07/29 23:34:13.617, 28, 2338, 59.26
2026/07/29 23:34:14.149, 28, 2338, 59.32
2026/07/29 23:34:14.682, 28, 2338, 59.26
2026/07/29 23:34:15.213, 28, 2338, 59.32
2026/07/29 23:34:15.745, 28, 2338, 59.32
2026/07/29 23:34:16.277, 28, 2338, 59.32
2026/07/29 23:34:16.810, 28, 2338, 59.32
2026/07/29 23:34:17.341, 28, 2338, 59.32
2026/07/29 23:34:17.872, 28, 2338, 59.26
2026/07/29 23:34:18.404, 28, 2338, 59.32
2026/07/29 23:34:18.937, 28, 2338, 59.64
2026/07/29 23:34:19.470, 28, 2338, 60.50
2026/07/29 23:34:20.001, 28, 2338, 59.32
2026/07/29 23:34:20.535, 28, 2338, 59.32
2026/07/29 23:34:21.069, 28, 2338, 59.97
2026/07/29 23:34:21.603, 28, 2338, 60.57
2026/07/29 23:34:22.136, 28, 2338, 60.18
2026/07/29 23:34:22.668, 28, 2338, 60.18
2026/07/29 23:34:23.199, 28, 2338, 59.32
2026/07/29 23:34:23.732, 28, 2338, 59.32
2026/07/29 23:34:24.263, 28, 2338, 59.32
2026/07/29 23:34:24.798, 28, 2338, 59.64
2026/07/29 23:34:25.331, 28, 2338, 59.64
2026/07/29 23:34:25.865, 28, 2338, 59.64
2026/07/29 23:34:26.397, 28, 2338, 59.26
2026/07/29 23:34:26.930, 28, 2338, 59.32
2026/07/29 23:34:27.463, 28, 2338, 59.26
2026/07/29 23:34:27.997, 28, 2338, 59.64
2026/07/29 23:34:28.529, 29, 2338, 59.58
2026/07/29 23:34:29.060, 29, 2338, 59.32
2026/07/29 23:34:29.594, 29, 2338, 59.32
2026/07/29 23:34:30.126, 29, 2338, 59.32
2026/07/29 23:34:30.659, 29, 2338, 59.26
2026/07/29 23:34:31.191, 29, 2338, 59.58
2026/07/29 23:34:31.723, 29, 2338, 59.32
2026/07/29 23:34:32.256, 29, 2338, 59.32
2026/07/29 23:34:32.790, 29, 2338, 59.32
2026/07/29 23:34:33.321, 29, 2338, 59.32
2026/07/29 23:34:33.852, 29, 2338, 59.58
2026/07/29 23:34:34.388, 29, 2338, 59.32
2026/07/29 23:34:34.922, 29, 2338, 59.32
2026/07/29 23:34:35.454, 29, 2338, 59.64
2026/07/29 23:34:35.986, 29, 2338, 59.32
2026/07/29 23:34:36.520, 29, 2338, 59.32
2026/07/29 23:34:37.052, 29, 2338, 59.32
2026/07/29 23:34:37.584, 29, 2338, 59.32
2026/07/29 23:34:38.118, 29, 2338, 59.32
2026/07/29 23:34:38.651, 29, 2338, 59.64
2026/07/29 23:34:39.184, 29, 2338, 59.64
2026/07/29 23:34:39.717, 29, 2338, 59.32
2026/07/29 23:34:40.254, 29, 2338, 59.64
2026/07/29 23:34:40.787, 29, 2338, 59.97
2026/07/29 23:34:41.320, 29, 2338, 60.57
2026/07/29 23:34:41.853, 29, 2338, 59.32
2026/07/29 23:34:42.387, 29, 2338, 60.77
2026/07/29 23:34:42.920, 29, 2338, 59.97
2026/07/29 23:34:43.452, 29, 2338, 60.57
2026/07/29 23:34:43.984, 29, 2338, 59.64
2026/07/29 23:34:44.519, 29, 2338, 59.32
2026/07/29 23:34:45.053, 29, 2338, 59.32
2026/07/29 23:34:45.588, 29, 2338, 59.32
2026/07/29 23:34:46.121, 29, 2338, 61.76
2026/07/29 23:34:46.652, 29, 2338, 59.64
2026/07/29 23:34:47.186, 29, 2338, 59.58
2026/07/29 23:34:47.720, 29, 2338, 59.64
2026/07/29 23:34:48.253, 29, 2338, 59.05
2026/07/29 23:34:48.788, 29, 2338, 59.32
2026/07/29 23:34:49.320, 29, 2338, 60.24
2026/07/29 23:34:49.854, 29, 2338, 59.26
2026/07/29 23:34:50.387, 29, 2338, 59.32
2026/07/29 23:34:50.919, 29, 2338, 59.32
2026/07/29 23:34:51.454, 29, 2338, 59.26
2026/07/29 23:34:51.989, 29, 2338, 59.26
2026/07/29 23:34:52.522, 29, 2338, 59.64
2026/07/29 23:34:53.055, 29, 2338, 59.32
2026/07/29 23:34:53.588, 29, 2338, 59.32
2026/07/29 23:34:54.122, 29, 2338, 59.32
2026/07/29 23:34:54.656, 29, 2338, 59.32
2026/07/29 23:34:55.188, 29, 2338, 59.32
2026/07/29 23:34:55.722, 29, 2338, 59.32
2026/07/29 23:34:56.256, 29, 2338, 59.26
2026/07/29 23:34:56.788, 29, 2338, 59.32
2026/07/29 23:34:57.320, 29, 2338, 59.32
2026/07/29 23:34:57.853, 29, 2338, 59.32
2026/07/29 23:34:58.384, 29, 2338, 59.32
2026/07/29 23:34:58.919, 29, 2338, 59.32
2026/07/29 23:34:59.451, 29, 2338, 59.32
2026/07/29 23:34:59.983, 29, 2338, 59.32
2026/07/29 23:35:00.517, 29, 2338, 59.32
2026/07/29 23:35:01.050, 29, 2338, 59.32
2026/07/29 23:35:01.583, 29, 2338, 59.32
2026/07/29 23:35:02.117, 29, 2338, 59.32
2026/07/29 23:35:02.648, 29, 2338, 59.32
2026/07/29 23:35:03.182, 29, 2338, 60.24
2026/07/29 23:35:03.716, 29, 2338, 59.32
2026/07/29 23:35:04.249, 29, 2338, 59.26
2026/07/29 23:35:04.782, 29, 2338, 62.08
2026/07/29 23:35:05.313, 29, 2338, 61.16
2026/07/29 23:35:05.845, 29, 2338, 59.90
2026/07/29 23:35:06.377, 29, 2338, 59.64
2026/07/29 23:35:06.912, 29, 2338, 60.24
2026/07/29 23:35:07.444, 29, 2338, 60.24
2026/07/29 23:35:07.976, 29, 2338, 59.32
2026/07/29 23:35:08.509, 29, 2338, 60.24
2026/07/29 23:35:09.041, 29, 2338, 59.58
2026/07/29 23:35:09.574, 29, 2338, 59.32
2026/07/29 23:35:10.109, 29, 2338, 59.32
2026/07/29 23:35:10.640, 29, 2338, 59.58
2026/07/29 23:35:11.173, 29, 2338, 59.64
2026/07/29 23:35:11.705, 29, 2338, 59.32
2026/07/29 23:35:12.237, 29, 2338, 59.32
2026/07/29 23:35:12.769, 29, 2338, 59.32
2026/07/29 23:35:13.305, 29, 2338, 59.32
2026/07/29 23:35:13.838, 29, 2338, 59.32
2026/07/29 23:35:14.372, 29, 2338, 59.32
2026/07/29 23:35:14.904, 29, 2338, 59.26
2026/07/29 23:35:15.436, 29, 2338, 59.90
2026/07/29 23:35:15.966, 28, 2338, 59.32
2026/07/29 23:35:16.497, 28, 2338, 59.32
2026/07/29 23:35:17.029, 28, 2338, 59.26
2026/07/29 23:35:17.559, 28, 2338, 59.26
2026/07/29 23:35:18.093, 28, 2338, 59.32
2026/07/29 23:35:18.624, 28, 2338, 59.32
2026/07/29 23:35:19.157, 28, 2338, 59.32
2026/07/29 23:35:19.689, 28, 2338, 59.26
2026/07/29 23:35:20.220, 28, 2338, 59.26
2026/07/29 23:35:20.751, 28, 2338, 59.32
2026/07/29 23:35:21.283, 28, 2338, 59.32
2026/07/29 23:35:21.817, 28, 2338, 59.05
2026/07/29 23:35:22.349, 28, 2338, 59.05
2026/07/29 23:35:22.882, 28, 2338, 59.26
2026/07/29 23:35:23.415, 28, 2338, 59.26
2026/07/29 23:35:23.948, 28, 2338, 58.99
2026/07/29 23:35:24.481, 28, 2338, 59.32
2026/07/29 23:35:25.013, 28, 2338, 59.05
2026/07/29 23:35:25.546, 28, 2338, 59.32
2026/07/29 23:35:26.078, 28, 2338, 58.99
2026/07/29 23:35:26.612, 28, 2338, 59.26
2026/07/29 23:35:27.145, 28, 2338, 59.05
2026/07/29 23:35:27.677, 28, 2338, 59.05
2026/07/29 23:35:28.209, 28, 2338, 59.05
2026/07/29 23:35:28.741, 28, 2338, 59.64
2026/07/29 23:35:29.273, 28, 2338, 60.24
2026/07/29 23:35:29.809, 28, 2338, 59.64
2026/07/29 23:35:30.340, 28, 2338, 59.32
2026/07/29 23:35:30.872, 28, 2338, 59.26
2026/07/29 23:35:31.403, 28, 2338, 59.64
2026/07/29 23:35:31.937, 28, 2338, 59.32
2026/07/29 23:35:32.468, 28, 2338, 59.05
2026/07/29 23:35:33.005, 28, 2338, 59.05
2026/07/29 23:35:33.537, 28, 2338, 59.05
2026/07/29 23:35:34.069, 28, 2338, 59.05
2026/07/29 23:35:34.601, 28, 2338, 59.32
2026/07/29 23:35:35.134, 28, 2338, 59.32
2026/07/29 23:35:35.666, 28, 2338, 59.05
2026/07/29 23:35:36.199, 28, 2338, 59.05
2026/07/29 23:35:36.732, 28, 2338, 59.05
2026/07/29 23:35:37.265, 28, 2338, 59.05
2026/07/29 23:35:37.797, 27, 2338, 59.05
2026/07/29 23:35:38.333, 27, 2338, 58.99
2026/07/29 23:35:38.864, 27, 2338, 59.05
2026/07/29 23:35:39.397, 27, 2338, 59.05
2026/07/29 23:35:39.929, 27, 2338, 59.05
2026/07/29 23:35:40.462, 27, 2338, 59.05
2026/07/29 23:35:40.996, 27, 2338, 59.05
2026/07/29 23:35:41.528, 27, 2338, 59.05
2026/07/29 23:35:42.060, 27, 2338, 59.64
2026/07/29 23:35:42.594, 27, 2338, 59.05
2026/07/29 23:35:43.126, 27, 2338, 59.05
2026/07/29 23:35:43.659, 27, 2338, 59.05
2026/07/29 23:35:44.191, 27, 2338, 59.05
2026/07/29 23:35:44.723, 27, 2338, 59.05
2026/07/29 23:35:45.254, 27, 2338, 59.05
2026/07/29 23:35:45.788, 27, 2338, 59.05
2026/07/29 23:35:46.320, 27, 2338, 59.05
2026/07/29 23:35:46.855, 27, 2338, 59.05
2026/07/29 23:35:47.388, 27, 2338, 59.64
2026/07/29 23:35:47.919, 27, 2338, 59.97
2026/07/29 23:35:48.452, 27, 2338, 60.83
2026/07/29 23:35:48.988, 27, 2338, 59.64
2026/07/29 23:35:49.521, 27, 2338, 59.05
2026/07/29 23:35:50.053, 27, 2338, 59.26
2026/07/29 23:35:50.585, 27, 2338, 58.72
2026/07/29 23:35:51.118, 27, 2338, 58.72
2026/07/29 23:35:51.650, 27, 2338, 58.72
2026/07/29 23:35:52.181, 27, 2338, 58.66
2026/07/29 23:35:52.718, 27, 2338, 58.72
2026/07/29 23:35:53.251, 27, 2338, 58.72
2026/07/29 23:35:53.784, 27, 2338, 59.05
2026/07/29 23:35:54.316, 27, 2338, 59.64
2026/07/29 23:35:54.849, 27, 2338, 58.72
2026/07/29 23:35:55.380, 27, 2338, 59.32
2026/07/29 23:35:55.915, 27, 2338, 59.05
2026/07/29 23:35:56.448, 27, 2338, 58.72
2026/07/29 23:35:56.981, 27, 2338, 58.99
2026/07/29 23:35:57.517, 27, 2338, 58.72
2026/07/29 23:35:58.049, 27, 2338, 58.66
2026/07/29 23:35:58.581, 27, 2338, 58.66
2026/07/29 23:35:59.116, 27, 2338, 59.05
2026/07/29 23:35:59.650, 27, 2338, 58.72
2026/07/29 23:36:00.182, 27, 2338, 59.05
2026/07/29 23:36:00.715, 27, 2338, 58.72
2026/07/29 23:36:01.248, 27, 2338, 59.32
2026/07/29 23:36:01.780, 27, 2338, 58.72
2026/07/29 23:36:02.315, 27, 2338, 58.72
2026/07/29 23:36:02.847, 27, 2338, 58.72
2026/07/29 23:36:03.378, 27, 2338, 59.05
2026/07/29 23:36:03.910, 27, 2338, 58.72
2026/07/29 23:36:04.441, 27, 2338, 59.05
2026/07/29 23:36:04.975, 27, 2338, 58.72
2026/07/29 23:36:05.509, 27, 2338, 58.72
2026/07/29 23:36:06.041, 27, 2338, 58.72
2026/07/29 23:36:06.572, 27, 2338, 59.32
2026/07/29 23:36:07.106, 27, 2338, 58.72
2026/07/29 23:36:07.637, 27, 2338, 58.72
2026/07/29 23:36:08.169, 27, 2338, 58.99
2026/07/29 23:36:08.701, 27, 2338, 58.72
2026/07/29 23:36:09.232, 27, 2338, 58.66
2026/07/29 23:36:09.765, 27, 2338, 59.64
2026/07/29 23:36:10.301, 27, 2338, 59.05
2026/07/29 23:36:10.832, 27, 2338, 61.16
2026/07/29 23:36:11.364, 27, 2338, 59.05
2026/07/29 23:36:11.900, 27, 2338, 59.05
2026/07/29 23:36:12.431, 27, 2338, 59.64
2026/07/29 23:36:12.964, 27, 2338, 59.05
2026/07/29 23:36:13.497, 27, 2338, 60.24
2026/07/29 23:36:14.029, 28, 2338, 59.05
2026/07/29 23:36:14.562, 27, 2338, 59.32
2026/07/29 23:36:15.095, 28, 2338, 59.32
2026/07/29 23:36:15.627, 28, 2338, 59.05
2026/07/29 23:36:16.161, 28, 2338, 59.05
2026/07/29 23:36:16.695, 28, 2338, 59.05
2026/07/29 23:36:17.227, 28, 2338, 59.05
2026/07/29 23:36:17.760, 28, 2338, 59.26
2026/07/29 23:36:18.291, 28, 2338, 59.05
2026/07/29 23:36:18.822, 28, 2338, 59.05
2026/07/29 23:36:19.353, 28, 2338, 59.05
2026/07/29 23:36:19.888, 28, 2338, 58.99
2026/07/29 23:36:20.420, 28, 2338, 58.99
2026/07/29 23:36:20.952, 28, 2338, 59.05
2026/07/29 23:36:21.484, 28, 2338, 59.05
2026/07/29 23:36:22.020, 28, 2338, 59.05
2026/07/29 23:36:22.553, 28, 2338, 59.05
2026/07/29 23:36:23.086, 27, 2338, 59.05
2026/07/29 23:36:23.619, 27, 2338, 58.72
2026/07/29 23:36:24.151, 27, 2338, 58.72
2026/07/29 23:36:24.685, 27, 2338, 59.05
2026/07/29 23:36:25.218, 27, 2338, 59.05
2026/07/29 23:36:25.751, 27, 2338, 59.05
2026/07/29 23:36:26.284, 27, 2338, 59.05
2026/07/29 23:36:26.818, 27, 2338, 58.99
2026/07/29 23:36:27.351, 27, 2338, 59.05
2026/07/29 23:36:27.884, 27, 2338, 59.05
2026/07/29 23:36:28.418, 27, 2338, 59.05
2026/07/29 23:36:28.951, 27, 2338, 59.05
2026/07/29 23:36:29.484, 27, 2338, 59.05
2026/07/29 23:36:30.020, 27, 2338, 59.05
2026/07/29 23:36:30.553, 27, 2338, 59.05
2026/07/29 23:36:31.087, 27, 2338, 59.90
2026/07/29 23:36:31.622, 27, 2338, 62.95
2026/07/29 23:36:32.154, 27, 2338, 59.64
2026/07/29 23:36:32.686, 27, 2338, 59.05
2026/07/29 23:36:33.219, 27, 2338, 60.57
2026/07/29 23:36:33.751, 27, 2338, 59.05
2026/07/29 23:36:34.284, 27, 2338, 59.32
2026/07/29 23:36:34.818, 27, 2338, 59.64
2026/07/29 23:36:35.350, 27, 2338, 59.05
2026/07/29 23:36:35.884, 27, 2338, 59.05
2026/07/29 23:36:36.417, 27, 2338, 59.05
2026/07/29 23:36:36.949, 27, 2338, 59.05
2026/07/29 23:36:37.481, 27, 2338, 60.24
2026/07/29 23:36:38.017, 27, 2338, 59.64
2026/07/29 23:36:38.549, 27, 2338, 59.32
2026/07/29 23:36:39.080, 27, 2338, 59.05
2026/07/29 23:36:39.611, 27, 2338, 59.05
2026/07/29 23:36:40.144, 27, 2338, 58.99
2026/07/29 23:36:40.677, 27, 2338, 58.99
2026/07/29 23:36:41.212, 27, 2338, 59.32
2026/07/29 23:36:41.745, 27, 2338, 59.05
2026/07/29 23:36:42.276, 27, 2338, 59.05
2026/07/29 23:36:42.807, 28, 2338, 59.05
2026/07/29 23:36:43.338, 27, 2338, 59.05
2026/07/29 23:36:43.871, 28, 2338, 59.05
2026/07/29 23:36:44.404, 28, 2338, 59.05
2026/07/29 23:36:44.936, 28, 2338, 59.05
2026/07/29 23:36:45.469, 28, 2338, 59.05
2026/07/29 23:36:46.001, 28, 2338, 58.99
2026/07/29 23:36:46.532, 28, 2338, 58.99
2026/07/29 23:36:47.064, 28, 2338, 59.26
2026/07/29 23:36:47.595, 28, 2338, 59.05
2026/07/29 23:36:48.128, 28, 2338, 59.32
2026/07/29 23:36:48.660, 28, 2338, 59.05
2026/07/29 23:36:49.195, 28, 2338, 59.05
2026/07/29 23:36:49.727, 28, 2338, 59.05
2026/07/29 23:36:50.259, 28, 2338, 59.05
2026/07/29 23:36:50.791, 28, 2338, 58.99
2026/07/29 23:36:51.323, 28, 2338, 59.05
2026/07/29 23:36:51.856, 28, 2338, 59.05
2026/07/29 23:36:52.388, 28, 2338, 59.97
2026/07/29 23:36:52.921, 28, 2338, 58.99
2026/07/29 23:36:53.453, 28, 2338, 59.05
2026/07/29 23:36:53.985, 28, 2338, 59.05
2026/07/29 23:36:54.518, 28, 2338, 59.58
2026/07/29 23:36:55.050, 28, 2338, 58.66
2026/07/29 23:36:55.583, 28, 2338, 60.50
2026/07/29 23:36:56.116, 28, 2338, 59.32
2026/07/29 23:36:56.648, 27, 2338, 58.72
2026/07/29 23:36:57.180, 27, 2338, 59.58
2026/07/29 23:36:57.712, 27, 2338, 59.05
2026/07/29 23:36:58.246, 27, 2338, 58.72
2026/07/29 23:36:58.778, 27, 2338, 59.05
2026/07/29 23:36:59.311, 27, 2338, 58.99
2026/07/29 23:36:59.844, 27, 2338, 59.05
2026/07/29 23:37:00.376, 27, 2338, 58.72
2026/07/29 23:37:00.910, 27, 2338, 58.72
2026/07/29 23:37:01.441, 27, 2338, 59.05
2026/07/29 23:37:01.973, 27, 2338, 58.72
2026/07/29 23:37:02.505, 27, 2338, 59.05
2026/07/29 23:37:03.036, 27, 2338, 59.05
2026/07/29 23:37:03.567, 27, 2338, 58.66
2026/07/29 23:37:04.099, 27, 2338, 58.66
2026/07/29 23:37:04.633, 27, 2338, 58.72
2026/07/29 23:37:05.165, 27, 2338, 58.72
2026/07/29 23:37:05.697, 27, 2338, 58.66
2026/07/29 23:37:06.228, 27, 2338, 58.72
2026/07/29 23:37:06.761, 27, 2338, 58.72
2026/07/29 23:37:07.292, 27, 2338, 58.72
2026/07/29 23:37:07.826, 27, 2338, 58.66
2026/07/29 23:37:08.358, 27, 2338, 59.26
2026/07/29 23:37:08.894, 27, 2338, 58.72
2026/07/29 23:37:09.428, 27, 2338, 58.72
2026/07/29 23:37:09.961, 27, 2338, 58.72
2026/07/29 23:37:10.494, 27, 2338, 58.66
2026/07/29 23:37:11.026, 27, 2338, 58.72
2026/07/29 23:37:11.559, 27, 2338, 58.72
2026/07/29 23:37:12.093, 27, 2338, 58.72
2026/07/29 23:37:12.624, 27, 2338, 58.72
2026/07/29 23:37:13.156, 27, 2338, 58.66
2026/07/29 23:37:13.688, 27, 2338, 59.05
2026/07/29 23:37:14.221, 27, 2338, 59.05
2026/07/29 23:37:14.754, 27, 2338, 58.72
2026/07/29 23:37:15.286, 27, 2338, 58.72
2026/07/29 23:37:15.821, 27, 2338, 58.72
2026/07/29 23:37:16.353, 27, 2338, 59.32
2026/07/29 23:37:16.885, 27, 2338, 58.66
2026/07/29 23:37:17.416, 27, 2338, 59.26
2026/07/29 23:37:17.948, 27, 2338, 59.90
2026/07/29 23:37:18.479, 27, 2338, 58.72
2026/07/29 23:37:19.012, 27, 2338, 59.05
2026/07/29 23:37:19.545, 27, 2338, 59.05
2026/07/29 23:37:20.078, 27, 2338, 59.05
2026/07/29 23:37:20.611, 27, 2338, 59.64
2026/07/29 23:37:21.146, 27, 2338, 59.05
2026/07/29 23:37:21.680, 27, 2338, 59.05
2026/07/29 23:37:22.212, 27, 2338, 58.72
2026/07/29 23:37:22.745, 27, 2338, 59.05
2026/07/29 23:37:23.277, 27, 2338, 59.05
2026/07/29 23:37:23.809, 27, 2338, 59.05
2026/07/29 23:37:24.341, 27, 2338, 58.99
2026/07/29 23:37:24.873, 27, 2338, 59.05
2026/07/29 23:37:25.410, 27, 2338, 58.72
2026/07/29 23:37:25.941, 27, 2338, 59.32
2026/07/29 23:37:26.472, 27, 2338, 59.05
2026/07/29 23:37:27.004, 27, 2338, 59.05
2026/07/29 23:37:27.536, 28, 2338, 59.05
2026/07/29 23:37:28.069, 28, 2338, 59.05
2026/07/29 23:37:28.601, 27, 2338, 59.05
2026/07/29 23:37:29.133, 28, 2338, 59.05
2026/07/29 23:37:29.666, 28, 2338, 59.05
2026/07/29 23:37:30.199, 28, 2338, 59.05
2026/07/29 23:37:30.732, 28, 2338, 58.99
2026/07/29 23:37:31.264, 28, 2338, 59.32
2026/07/29 23:37:31.799, 28, 2338, 58.72
2026/07/29 23:37:32.331, 28, 2338, 59.05
2026/07/29 23:37:32.863, 28, 2338, 59.05
2026/07/29 23:37:33.399, 28, 2338, 59.05
2026/07/29 23:37:33.931, 28, 2338, 59.05
2026/07/29 23:37:34.464, 28, 2338, 59.05
2026/07/29 23:37:35.000, 28, 2338, 58.99
2026/07/29 23:37:35.532, 28, 2338, 58.99
2026/07/29 23:37:36.065, 28, 2338, 59.05
2026/07/29 23:37:36.598, 28, 2338, 59.97
2026/07/29 23:37:37.130, 28, 2338, 59.05
2026/07/29 23:37:37.662, 28, 2338, 61.76
2026/07/29 23:37:38.196, 28, 2338, 59.32
2026/07/29 23:37:38.727, 28, 2338, 60.83
2026/07/29 23:37:39.261, 28, 2338, 58.99
2026/07/29 23:37:39.794, 28, 2338, 60.24
2026/07/29 23:37:40.327, 28, 2338, 59.32
2026/07/29 23:37:40.859, 28, 2338, 59.97
2026/07/29 23:37:41.393, 28, 2338, 59.05
2026/07/29 23:37:41.927, 28, 2338, 59.32
2026/07/29 23:37:42.461, 28, 2338, 59.32
2026/07/29 23:37:42.993, 28, 2338, 59.05
2026/07/29 23:37:43.526, 28, 2338, 59.26
2026/07/29 23:37:44.059, 28, 2338, 59.32
2026/07/29 23:37:44.592, 28, 2338, 59.32
2026/07/29 23:37:45.123, 28, 2338, 59.05
2026/07/29 23:37:45.656, 28, 2338, 59.32
2026/07/29 23:37:46.190, 28, 2338, 59.05
2026/07/29 23:37:46.723, 28, 2338, 58.99
2026/07/29 23:37:47.256, 28, 2338, 58.99
2026/07/29 23:37:47.788, 28, 2338, 58.99
2026/07/29 23:37:48.320, 28, 2338, 59.05
2026/07/29 23:37:48.852, 28, 2338, 59.05
2026/07/29 23:37:49.384, 28, 2338, 59.05
2026/07/29 23:37:49.917, 28, 2338, 59.05
2026/07/29 23:37:50.448, 28, 2338, 59.05
2026/07/29 23:37:50.981, 28, 2338, 59.05
2026/07/29 23:37:51.514, 28, 2338, 59.05
2026/07/29 23:37:52.046, 28, 2338, 59.05
2026/07/29 23:37:52.578, 28, 2338, 58.99
2026/07/29 23:37:53.114, 28, 2338, 58.99
2026/07/29 23:37:53.647, 28, 2338, 58.99
2026/07/29 23:37:54.179, 28, 2338, 59.05
2026/07/29 23:37:54.713, 28, 2338, 59.05
2026/07/29 23:37:55.246, 28, 2338, 58.99
2026/07/29 23:37:55.779, 28, 2338, 59.32
2026/07/29 23:37:56.311, 28, 2338, 59.05
2026/07/29 23:37:56.844, 28, 2338, 59.32
2026/07/29 23:37:57.377, 28, 2338, 59.05
2026/07/29 23:37:57.913, 28, 2338, 59.64
2026/07/29 23:37:58.445, 28, 2338, 59.05
2026/07/29 23:37:58.976, 28, 2338, 61.76
2026/07/29 23:37:59.508, 28, 2338, 59.32
2026/07/29 23:38:00.040, 28, 2338, 60.50
2026/07/29 23:38:00.573, 28, 2338, 59.05
2026/07/29 23:38:01.106, 28, 2338, 59.90
2026/07/29 23:38:01.638, 28, 2338, 59.05
2026/07/29 23:38:02.172, 28, 2338, 59.05
2026/07/29 23:38:02.707, 28, 2338, 59.97
2026/07/29 23:38:03.241, 28, 2338, 58.99
2026/07/29 23:38:03.773, 28, 2338, 59.32
2026/07/29 23:38:04.304, 28, 2338, 59.05
2026/07/29 23:38:04.835, 28, 2338, 59.32
2026/07/29 23:38:05.367, 28, 2338, 58.72
2026/07/29 23:38:05.900, 28, 2338, 59.05
2026/07/29 23:38:06.432, 28, 2338, 59.05
2026/07/29 23:38:06.964, 28, 2338, 59.05
2026/07/29 23:38:07.496, 28, 2338, 59.05
2026/07/29 23:38:08.028, 28, 2338, 59.05
2026/07/29 23:38:08.560, 28, 2338, 59.05
2026/07/29 23:38:09.091, 28, 2338, 58.99
2026/07/29 23:38:09.625, 28, 2338, 59.05
2026/07/29 23:38:10.156, 28, 2338, 59.05
2026/07/29 23:38:10.687, 28, 2338, 59.05
2026/07/29 23:38:11.219, 28, 2338, 59.05
2026/07/29 23:38:11.751, 28, 2338, 59.32
2026/07/29 23:38:12.287, 28, 2338, 59.05
2026/07/29 23:38:12.820, 28, 2338, 59.05
2026/07/29 23:38:13.353, 28, 2338, 59.05
2026/07/29 23:38:13.888, 28, 2338, 59.05
2026/07/29 23:38:14.421, 28, 2338, 59.05
2026/07/29 23:38:14.953, 28, 2338, 58.99
2026/07/29 23:38:15.485, 28, 2338, 58.99
2026/07/29 23:38:16.016, 28, 2338, 59.05
2026/07/29 23:38:16.549, 28, 2338, 59.05
2026/07/29 23:38:17.082, 28, 2338, 59.05
2026/07/29 23:38:17.615, 28, 2338, 59.05
2026/07/29 23:38:18.149, 28, 2338, 59.05
2026/07/29 23:38:18.682, 28, 2338, 59.26
2026/07/29 23:38:19.216, 28, 2338, 59.05
2026/07/29 23:38:19.749, 28, 2338, 59.97
2026/07/29 23:38:20.284, 28, 2338, 59.97
2026/07/29 23:38:20.817, 28, 2338, 59.05
2026/07/29 23:38:21.349, 28, 2338, 59.97
2026/07/29 23:38:21.881, 28, 2338, 59.97
2026/07/29 23:38:22.415, 28, 2338, 58.99
2026/07/29 23:38:22.948, 28, 2338, 60.18
2026/07/29 23:38:23.482, 28, 2338, 59.05
2026/07/29 23:38:24.015, 28, 2338, 59.97
2026/07/29 23:38:24.548, 28, 2338, 59.05
2026/07/29 23:38:25.081, 28, 2338, 59.05
2026/07/29 23:38:25.613, 28, 2338, 59.32
2026/07/29 23:38:26.145, 28, 2338, 59.64
2026/07/29 23:38:26.676, 28, 2338, 59.05
2026/07/29 23:38:27.208, 28, 2338, 59.05
2026/07/29 23:38:27.741, 28, 2338, 59.05
2026/07/29 23:38:28.275, 28, 2338, 59.05
2026/07/29 23:38:28.806, 28, 2338, 59.26
2026/07/29 23:38:29.338, 28, 2338, 59.05
2026/07/29 23:38:29.871, 28, 2338, 59.05
2026/07/29 23:38:30.404, 28, 2338, 59.05
2026/07/29 23:38:30.936, 28, 2338, 59.64
2026/07/29 23:38:31.469, 28, 2338, 59.05
2026/07/29 23:38:32.001, 28, 2338, 59.05
2026/07/29 23:38:32.533, 28, 2338, 59.05
2026/07/29 23:38:33.067, 28, 2338, 59.32
2026/07/29 23:38:33.598, 28, 2338, 59.05
2026/07/29 23:38:34.131, 28, 2338, 59.05
2026/07/29 23:38:34.662, 28, 2338, 58.99
2026/07/29 23:38:35.195, 28, 2338, 58.99
2026/07/29 23:38:35.727, 28, 2338, 59.05
2026/07/29 23:38:36.259, 28, 2338, 59.05
2026/07/29 23:38:36.792, 28, 2338, 59.05
2026/07/29 23:38:37.324, 28, 2338, 59.05
2026/07/29 23:38:37.856, 28, 2338, 59.05
2026/07/29 23:38:38.388, 28, 2338, 58.99
2026/07/29 23:38:38.922, 28, 2338, 59.05
2026/07/29 23:38:39.453, 28, 2338, 58.99
2026/07/29 23:38:39.986, 28, 2338, 59.26
2026/07/29 23:38:40.519, 28, 2338, 58.99
2026/07/29 23:38:41.051, 28, 2338, 59.32
2026/07/29 23:38:41.583, 28, 2338, 60.24
2026/07/29 23:38:42.119, 28, 2338, 62.35
2026/07/29 23:38:42.654, 28, 2338, 59.05
2026/07/29 23:38:43.186, 28, 2338, 59.05
2026/07/29 23:38:43.720, 28, 2338, 59.05
2026/07/29 23:38:44.253, 28, 2338, 59.64
2026/07/29 23:38:44.785, 28, 2338, 60.18
2026/07/29 23:38:45.317, 28, 2338, 59.05
2026/07/29 23:38:45.849, 28, 2338, 59.97
2026/07/29 23:38:46.380, 28, 2338, 58.99
2026/07/29 23:38:46.913, 28, 2338, 59.58
2026/07/29 23:38:47.445, 28, 2338, 59.05
2026/07/29 23:38:47.978, 28, 2338, 59.05
2026/07/29 23:38:48.511, 28, 2338, 59.05
2026/07/29 23:38:49.046, 28, 2338, 59.32
2026/07/29 23:38:49.579, 28, 2338, 59.05
2026/07/29 23:38:50.112, 28, 2338, 59.05
2026/07/29 23:38:50.644, 28, 2338, 59.05
2026/07/29 23:38:51.177, 28, 2338, 58.99
2026/07/29 23:38:51.708, 28, 2338, 59.05
2026/07/29 23:38:52.241, 28, 2338, 59.32
2026/07/29 23:38:52.772, 28, 2338, 59.05
2026/07/29 23:38:53.306, 28, 2338, 59.05
2026/07/29 23:38:53.838, 28, 2338, 59.05
2026/07/29 23:38:54.371, 28, 2338, 59.05
2026/07/29 23:38:54.906, 28, 2338, 59.05
2026/07/29 23:38:55.437, 28, 2338, 59.05
2026/07/29 23:38:55.970, 28, 2338, 59.05
2026/07/29 23:38:56.502, 28, 2338, 59.05
2026/07/29 23:38:57.034, 28, 2338, 59.05
2026/07/29 23:38:57.568, 28, 2338, 59.05
2026/07/29 23:38:58.100, 28, 2338, 59.05
2026/07/29 23:38:58.633, 28, 2338, 59.05
2026/07/29 23:38:59.165, 28, 2338, 59.58
2026/07/29 23:38:59.697, 28, 2338, 58.99
2026/07/29 23:39:00.229, 28, 2338, 59.05
2026/07/29 23:39:00.762, 28, 2338, 59.05
2026/07/29 23:39:01.294, 28, 2338, 58.99
2026/07/29 23:39:01.828, 28, 2338, 59.05
2026/07/29 23:39:02.361, 28, 2338, 58.99
2026/07/29 23:39:02.895, 28, 2338, 59.97
2026/07/29 23:39:03.428, 28, 2338, 61.09
2026/07/29 23:39:03.960, 28, 2338, 60.24
2026/07/29 23:39:04.493, 28, 2338, 61.43
2026/07/29 23:39:05.027, 28, 2338, 59.05
2026/07/29 23:39:05.561, 28, 2338, 61.76
2026/07/29 23:39:06.094, 28, 2338, 59.05
2026/07/29 23:39:06.627, 28, 2338, 59.05
2026/07/29 23:39:07.159, 28, 2338, 59.32
2026/07/29 23:39:07.692, 28, 2338, 59.58
2026/07/29 23:39:08.224, 28, 2338, 59.05
2026/07/29 23:39:08.757, 28, 2338, 59.32
2026/07/29 23:39:09.290, 28, 2338, 59.05
2026/07/29 23:39:09.823, 28, 2338, 59.32
2026/07/29 23:39:10.354, 28, 2338, 58.99
2026/07/29 23:39:10.886, 28, 2338, 59.05
2026/07/29 23:39:11.419, 28, 2338, 59.05
2026/07/29 23:39:11.951, 28, 2338, 59.05
2026/07/29 23:39:12.484, 28, 2338, 59.05
2026/07/29 23:39:13.018, 28, 2338, 59.05
2026/07/29 23:39:13.549, 28, 2338, 59.05
2026/07/29 23:39:14.080, 28, 2338, 58.99
2026/07/29 23:39:14.616, 28, 2338, 59.05
2026/07/29 23:39:15.149, 28, 2338, 59.05
2026/07/29 23:39:15.681, 28, 2338, 59.05
2026/07/29 23:39:16.217, 28, 2338, 58.99
2026/07/29 23:39:16.750, 28, 2338, 59.64
2026/07/29 23:39:17.282, 28, 2338, 59.05
2026/07/29 23:39:17.815, 28, 2338, 59.05
2026/07/29 23:39:18.347, 28, 2338, 59.05
2026/07/29 23:39:18.879, 28, 2338, 59.05
2026/07/29 23:39:19.415, 28, 2338, 59.05
2026/07/29 23:39:19.946, 28, 2338, 59.97
2026/07/29 23:39:20.479, 28, 2338, 58.99
2026/07/29 23:39:21.011, 28, 2338, 58.99
2026/07/29 23:39:21.544, 28, 2338, 58.99
2026/07/29 23:39:22.076, 28, 2338, 59.26
2026/07/29 23:39:22.608, 28, 2338, 59.05
2026/07/29 23:39:23.140, 28, 2338, 59.05
2026/07/29 23:39:23.672, 28, 2338, 59.05
2026/07/29 23:39:24.204, 28, 2338, 59.05
2026/07/29 23:39:24.736, 28, 2338, 61.16
2026/07/29 23:39:25.269, 28, 2338, 59.97
2026/07/29 23:39:25.801, 28, 2338, 59.05
2026/07/29 23:39:26.333, 28, 2338, 59.64
2026/07/29 23:39:26.865, 28, 2338, 59.64
2026/07/29 23:39:27.401, 28, 2338, 59.26
2026/07/29 23:39:27.934, 28, 2338, 60.24
2026/07/29 23:39:28.466, 28, 2338, 59.05
2026/07/29 23:39:29.000, 28, 2338, 59.05
2026/07/29 23:39:29.534, 28, 2338, 58.99
2026/07/29 23:39:30.068, 28, 2338, 59.05
2026/07/29 23:39:30.601, 28, 2338, 59.32
2026/07/29 23:39:31.132, 28, 2338, 59.05
2026/07/29 23:39:31.664, 28, 2338, 59.32
2026/07/29 23:39:32.196, 28, 2338, 58.99
2026/07/29 23:39:32.729, 28, 2338, 59.05
2026/07/29 23:39:33.262, 28, 2338, 59.05
2026/07/29 23:39:33.795, 28, 2338, 59.26
2026/07/29 23:39:34.327, 28, 2338, 59.05
2026/07/29 23:39:34.861, 28, 2338, 59.05
2026/07/29 23:39:35.393, 28, 2338, 59.32
2026/07/29 23:39:35.925, 28, 2338, 59.05
2026/07/29 23:39:36.457, 28, 2338, 59.32
2026/07/29 23:39:36.988, 28, 2338, 59.05
2026/07/29 23:39:37.521, 28, 2338, 59.05
2026/07/29 23:39:38.052, 28, 2338, 59.32
2026/07/29 23:39:38.584, 28, 2338, 59.32
2026/07/29 23:39:39.119, 28, 2338, 59.32
2026/07/29 23:39:39.652, 28, 2338, 58.99
2026/07/29 23:39:40.184, 28, 2338, 59.26
2026/07/29 23:39:40.717, 28, 2338, 59.32
2026/07/29 23:39:41.248, 28, 2338, 59.05
2026/07/29 23:39:41.781, 28, 2338, 59.05
2026/07/29 23:39:42.315, 28, 2338, 59.32
2026/07/29 23:39:42.849, 28, 2338, 59.32
2026/07/29 23:39:43.380, 28, 2338, 59.32
2026/07/29 23:39:43.913, 28, 2338, 59.32
2026/07/29 23:39:44.445, 28, 2338, 59.32
2026/07/29 23:39:44.980, 28, 2338, 59.32
2026/07/29 23:39:45.517, 28, 2338, 59.32
2026/07/29 23:39:46.050, 28, 2338, 59.32
2026/07/29 23:39:46.582, 28, 2338, 59.32
2026/07/29 23:39:47.113, 29, 2338, 61.76
2026/07/29 23:39:47.645, 29, 2338, 59.32
2026/07/29 23:39:48.176, 29, 2338, 59.64
2026/07/29 23:39:48.706, 29, 2338, 62.35
2026/07/29 23:39:49.239, 29, 2338, 59.32
2026/07/29 23:39:49.770, 29, 2338, 59.32
2026/07/29 23:39:50.301, 29, 2338, 59.32
2026/07/29 23:39:50.833, 29, 2338, 59.32
2026/07/29 23:39:51.366, 29, 2338, 59.32
2026/07/29 23:39:51.898, 29, 2338, 59.90
2026/07/29 23:39:52.430, 29, 2338, 61.69
2026/07/29 23:39:52.962, 29, 2338, 59.32
2026/07/29 23:39:53.493, 29, 2338, 59.32
2026/07/29 23:39:54.027, 29, 2338, 59.97
2026/07/29 23:39:54.559, 29, 2338, 59.26
2026/07/29 23:39:55.092, 29, 2338, 59.32
2026/07/29 23:39:55.625, 29, 2338, 59.32
2026/07/29 23:39:56.157, 29, 2338, 59.32
2026/07/29 23:39:56.689, 29, 2338, 59.32
2026/07/29 23:39:57.222, 29, 2338, 59.32
2026/07/29 23:39:57.755, 29, 2338, 59.58
2026/07/29 23:39:58.288, 29, 2338, 59.32
2026/07/29 23:39:58.819, 29, 2338, 59.32
2026/07/29 23:39:59.354, 29, 2338, 59.64
2026/07/29 23:39:59.886, 29, 2338, 59.26
2026/07/29 23:40:00.419, 29, 2338, 59.26
2026/07/29 23:40:00.952, 29, 2338, 59.32
2026/07/29 23:40:01.487, 29, 2338, 59.32
2026/07/29 23:40:02.025, 29, 2338, 59.32
2026/07/29 23:40:02.558, 29, 2338, 59.64
2026/07/29 23:40:03.095, 29, 2338, 59.32
2026/07/29 23:40:03.627, 29, 2338, 59.32
2026/07/29 23:40:04.160, 29, 2338, 59.58
2026/07/29 23:40:04.692, 29, 2338, 59.64
2026/07/29 23:40:05.226, 29, 2338, 59.64
2026/07/29 23:40:05.758, 29, 2338, 59.64
2026/07/29 23:40:06.292, 29, 2338, 59.58
2026/07/29 23:40:06.826, 29, 2338, 61.76
2026/07/29 23:40:07.359, 29, 2338, 62.67
2026/07/29 23:40:07.896, 29, 2338, 61.76
2026/07/29 23:40:08.429, 29, 2338, 59.64
2026/07/29 23:40:08.960, 29, 2338, 59.64
2026/07/29 23:40:09.495, 29, 2338, 59.64
2026/07/29 23:40:10.029, 29, 2338, 59.97
2026/07/29 23:40:10.562, 29, 2338, 60.18
2026/07/29 23:40:11.096, 29, 2338, 59.64
2026/07/29 23:40:11.629, 29, 2338, 59.90
2026/07/29 23:40:12.161, 29, 2338, 59.64
2026/07/29 23:40:12.694, 29, 2338, 59.64
2026/07/29 23:40:13.227, 29, 2338, 59.64
2026/07/29 23:40:13.758, 29, 2338, 59.90
2026/07/29 23:40:14.292, 29, 2338, 59.64
2026/07/29 23:40:14.824, 29, 2338, 60.50
2026/07/29 23:40:15.359, 29, 2338, 59.64
2026/07/29 23:40:15.891, 29, 2338, 59.64
2026/07/29 23:40:16.425, 29, 2338, 59.26
2026/07/29 23:40:16.958, 29, 2338, 59.32
2026/07/29 23:40:17.490, 29, 2338, 59.26
2026/07/29 23:40:18.022, 29, 2338, 59.26
2026/07/29 23:40:18.556, 29, 2338, 59.26
2026/07/29 23:40:19.090, 29, 2338, 59.32
2026/07/29 23:40:19.624, 29, 2338, 59.32
2026/07/29 23:40:20.157, 29, 2338, 59.32
2026/07/29 23:40:20.690, 29, 2338, 59.32
2026/07/29 23:40:21.222, 29, 2338, 59.32
2026/07/29 23:40:21.756, 29, 2338, 59.64
2026/07/29 23:40:22.291, 29, 2338, 59.64
2026/07/29 23:40:22.822, 29, 2338, 59.32
2026/07/29 23:40:23.355, 29, 2338, 59.26
2026/07/29 23:40:23.888, 29, 2338, 59.32
2026/07/29 23:40:24.422, 29, 2338, 59.32
2026/07/29 23:40:24.954, 29, 2338, 59.32
2026/07/29 23:40:25.487, 29, 2338, 59.64
2026/07/29 23:40:26.021, 29, 2338, 59.32
2026/07/29 23:40:26.553, 29, 2338, 59.32
2026/07/29 23:40:27.086, 29, 2338, 59.64
2026/07/29 23:40:27.620, 29, 2338, 59.32
2026/07/29 23:40:28.154, 29, 2338, 60.57
2026/07/29 23:40:28.686, 29, 2338, 60.24
2026/07/29 23:40:29.220, 29, 2338, 62.28
2026/07/29 23:40:29.752, 29, 2338, 59.32
2026/07/29 23:40:30.284, 29, 2338, 59.97
2026/07/29 23:40:30.817, 29, 2338, 59.64
2026/07/29 23:40:31.348, 29, 2338, 59.58
2026/07/29 23:40:31.880, 29, 2338, 59.64
2026/07/29 23:40:32.418, 29, 2338, 59.32
2026/07/29 23:40:32.950, 29, 2338, 59.32
2026/07/29 23:40:33.481, 29, 2338, 59.26
2026/07/29 23:40:34.014, 29, 2338, 59.64
2026/07/29 23:40:34.547, 29, 2338, 59.32
2026/07/29 23:40:35.078, 29, 2338, 59.64
2026/07/29 23:40:35.611, 29, 2338, 59.32
2026/07/29 23:40:36.146, 29, 2338, 59.64
2026/07/29 23:40:36.679, 29, 2338, 59.32
2026/07/29 23:40:37.211, 29, 2338, 59.32
2026/07/29 23:40:37.745, 29, 2338, 59.64
2026/07/29 23:40:38.277, 29, 2338, 59.64
2026/07/29 23:40:38.810, 29, 2338, 59.64
2026/07/29 23:40:39.343, 29, 2338, 59.58
2026/07/29 23:40:39.876, 29, 2338, 59.64
2026/07/29 23:40:40.409, 29, 2338, 59.32
2026/07/29 23:40:40.942, 29, 2338, 59.32
2026/07/29 23:40:41.473, 29, 2338, 59.32
2026/07/29 23:40:42.005, 29, 2338, 59.64
2026/07/29 23:40:42.538, 29, 2338, 59.64
2026/07/29 23:40:43.070, 29, 2338, 59.64
2026/07/29 23:40:43.605, 29, 2338, 59.64
2026/07/29 23:40:44.138, 29, 2338, 59.64
2026/07/29 23:40:44.672, 29, 2338, 59.64
2026/07/29 23:40:45.209, 29, 2338, 59.64
2026/07/29 23:40:45.742, 29, 2338, 59.32
2026/07/29 23:40:46.273, 29, 2338, 59.64
2026/07/29 23:40:46.806, 29, 2338, 59.32
2026/07/29 23:40:47.341, 29, 2338, 59.64
2026/07/29 23:40:47.874, 29, 2338, 59.26
2026/07/29 23:40:48.407, 29, 2338, 59.32
2026/07/29 23:40:48.939, 29, 2338, 60.50
2026/07/29 23:40:49.471, 29, 2338, 63.21
2026/07/29 23:40:50.005, 29, 2338, 61.36
2026/07/29 23:40:50.536, 29, 2338, 59.32
2026/07/29 23:40:51.068, 29, 2338, 60.83
2026/07/29 23:40:51.601, 29, 2338, 59.90
2026/07/29 23:40:52.134, 29, 2338, 59.26
2026/07/29 23:40:52.667, 29, 2338, 62.67
2026/07/29 23:40:53.199, 29, 2338, 59.64
2026/07/29 23:40:53.734, 29, 2338, 59.64
2026/07/29 23:40:54.268, 29, 2338, 59.64
2026/07/29 23:40:54.801, 29, 2338, 59.97
2026/07/29 23:40:55.333, 28, 2338, 59.32
2026/07/29 23:40:55.865, 28, 2338, 59.58
2026/07/29 23:40:56.400, 28, 2338, 59.26
2026/07/29 23:40:56.933, 28, 2338, 59.64
2026/07/29 23:40:57.465, 28, 2338, 59.32
2026/07/29 23:40:57.998, 28, 2338, 59.32
2026/07/29 23:40:58.531, 28, 2338, 59.97
2026/07/29 23:40:59.065, 28, 2338, 59.32
2026/07/29 23:40:59.602, 28, 2338, 59.32
2026/07/29 23:41:00.134, 28, 2338, 59.32
2026/07/29 23:41:00.667, 28, 2338, 59.32
2026/07/29 23:41:01.201, 28, 2338, 59.32
2026/07/29 23:41:01.734, 28, 2338, 59.26
2026/07/29 23:41:02.266, 28, 2338, 59.26
2026/07/29 23:41:02.799, 28, 2338, 59.32
2026/07/29 23:41:03.331, 28, 2338, 59.32
2026/07/29 23:41:03.864, 28, 2338, 59.64
2026/07/29 23:41:04.399, 28, 2338, 59.32
2026/07/29 23:41:04.932, 28, 2338, 59.05
2026/07/29 23:41:05.464, 28, 2338, 59.05
2026/07/29 23:41:06.000, 28, 2338, 59.32
2026/07/29 23:41:06.533, 28, 2338, 59.05
2026/07/29 23:41:07.064, 28, 2338, 59.32
2026/07/29 23:41:07.601, 28, 2338, 59.26
2026/07/29 23:41:08.134, 28, 2338, 59.32
2026/07/29 23:41:08.669, 28, 2338, 59.32
2026/07/29 23:41:09.201, 28, 2338, 59.97
2026/07/29 23:41:09.734, 28, 2338, 59.32
2026/07/29 23:41:10.267, 28, 2338, 59.32
2026/07/29 23:41:10.801, 28, 2338, 59.32
2026/07/29 23:41:11.333, 28, 2338, 60.18
2026/07/29 23:41:11.866, 28, 2338, 60.57
2026/07/29 23:41:12.399, 28, 2338, 60.50
2026/07/29 23:41:12.933, 28, 2338, 60.24
2026/07/29 23:41:13.465, 28, 2338, 59.32
2026/07/29 23:41:13.996, 28, 2338, 59.26
2026/07/29 23:41:14.528, 28, 2338, 59.32
2026/07/29 23:41:15.061, 28, 2338, 59.32
2026/07/29 23:41:15.593, 28, 2338, 59.32
2026/07/29 23:41:16.127, 28, 2338, 59.32
2026/07/29 23:41:16.659, 28, 2338, 59.32
2026/07/29 23:41:17.192, 28, 2338, 59.32
2026/07/29 23:41:17.723, 28, 2338, 59.32
2026/07/29 23:41:18.258, 28, 2338, 59.26
2026/07/29 23:41:18.789, 28, 2338, 59.32
2026/07/29 23:41:19.324, 28, 2338, 59.32
2026/07/29 23:41:19.856, 28, 2338, 59.26
2026/07/29 23:41:20.390, 28, 2338, 59.26
2026/07/29 23:41:20.924, 28, 2338, 58.99
2026/07/29 23:41:21.456, 28, 2338, 59.26
2026/07/29 23:41:21.988, 28, 2338, 59.26
2026/07/29 23:41:22.522, 28, 2338, 59.26
2026/07/29 23:41:23.055, 28, 2338, 59.05
2026/07/29 23:41:23.588, 28, 2338, 58.99
2026/07/29 23:41:24.122, 28, 2338, 58.99
2026/07/29 23:41:24.653, 28, 2338, 59.05
2026/07/29 23:41:25.188, 28, 2338, 59.05
2026/07/29 23:41:25.723, 28, 2338, 59.05
2026/07/29 23:41:26.255, 28, 2338, 59.05
2026/07/29 23:41:26.788, 28, 2338, 58.99
2026/07/29 23:41:27.322, 28, 2338, 59.05
2026/07/29 23:41:27.855, 28, 2338, 59.05
2026/07/29 23:41:28.388, 28, 2338, 59.05
2026/07/29 23:41:28.920, 28, 2338, 58.99
2026/07/29 23:41:29.453, 28, 2338, 59.05
2026/07/29 23:41:29.984, 28, 2338, 59.32
2026/07/29 23:41:30.518, 28, 2338, 59.26
2026/07/29 23:41:31.049, 28, 2338, 62.02
2026/07/29 23:41:31.582, 28, 2338, 59.05
2026/07/29 23:41:32.116, 28, 2338, 61.43
2026/07/29 23:41:32.649, 28, 2338, 59.05
2026/07/29 23:41:33.182, 28, 2338, 64.72
2026/07/29 23:41:33.716, 28, 2338, 59.64
2026/07/29 23:41:34.249, 28, 2338, 59.32
2026/07/29 23:41:34.782, 28, 2338, 58.99
2026/07/29 23:41:35.315, 28, 2338, 59.32
2026/07/29 23:41:35.846, 28, 2338, 59.32
2026/07/29 23:41:36.377, 28, 2338, 59.05
2026/07/29 23:41:36.911, 28, 2338, 59.05
2026/07/29 23:41:37.442, 28, 2338, 59.05
2026/07/29 23:41:37.977, 28, 2338, 59.05
2026/07/29 23:41:38.513, 28, 2338, 59.05
2026/07/29 23:41:39.045, 28, 2338, 59.05
2026/07/29 23:41:39.577, 28, 2338, 58.99
2026/07/29 23:41:40.112, 28, 2338, 59.32
2026/07/29 23:41:40.645, 28, 2338, 59.05
2026/07/29 23:41:41.177, 28, 2338, 58.99
2026/07/29 23:41:41.711, 28, 2338, 59.05
2026/07/29 23:41:42.243, 28, 2338, 59.05
2026/07/29 23:41:42.777, 28, 2338, 59.05
2026/07/29 23:41:43.308, 28, 2338, 59.05
2026/07/29 23:41:43.841, 28, 2338, 59.05
2026/07/29 23:41:44.374, 28, 2338, 59.05
2026/07/29 23:41:44.909, 28, 2338, 59.05
2026/07/29 23:41:45.441, 28, 2338, 59.05
2026/07/29 23:41:45.976, 28, 2338, 58.99
2026/07/29 23:41:46.510, 28, 2338, 58.99
2026/07/29 23:41:47.043, 28, 2338, 59.05
2026/07/29 23:41:47.576, 28, 2338, 58.99
2026/07/29 23:41:48.112, 28, 2338, 58.99
2026/07/29 23:41:48.645, 28, 2338, 59.05
2026/07/29 23:41:49.180, 28, 2338, 59.32
2026/07/29 23:41:49.716, 28, 2338, 59.05
2026/07/29 23:41:50.248, 28, 2338, 58.99
2026/07/29 23:41:50.781, 28, 2338, 59.64
2026/07/29 23:41:51.313, 28, 2338, 59.05
2026/07/29 23:41:51.846, 28, 2338, 59.97
2026/07/29 23:41:52.379, 28, 2338, 59.05
2026/07/29 23:41:52.913, 28, 2338, 59.05
2026/07/29 23:41:53.445, 28, 2338, 59.32
2026/07/29 23:41:53.978, 28, 2338, 60.24
2026/07/29 23:41:54.514, 28, 2338, 59.05
2026/07/29 23:41:55.047, 28, 2338, 59.05
2026/07/29 23:41:55.581, 28, 2338, 59.32
2026/07/29 23:41:56.114, 28, 2338, 59.05
2026/07/29 23:41:56.647, 28, 2338, 59.26
2026/07/29 23:41:57.181, 28, 2338, 59.26
2026/07/29 23:41:57.714, 28, 2338, 59.97
2026/07/29 23:41:58.246, 28, 2338, 59.32
2026/07/29 23:41:58.777, 28, 2338, 59.90
2026/07/29 23:41:59.308, 28, 2338, 58.99
2026/07/29 23:41:59.841, 28, 2338, 59.32
2026/07/29 23:42:00.374, 28, 2338, 59.32
2026/07/29 23:42:00.905, 28, 2338, 59.05
2026/07/29 23:42:01.437, 28, 2338, 59.64
2026/07/29 23:42:01.969, 28, 2338, 59.05
2026/07/29 23:42:02.502, 28, 2338, 59.32
2026/07/29 23:42:03.034, 28, 2338, 59.05
2026/07/29 23:42:03.566, 28, 2338, 59.26
2026/07/29 23:42:04.099, 28, 2338, 59.32
2026/07/29 23:42:04.631, 28, 2338, 59.32
2026/07/29 23:42:05.163, 28, 2338, 59.26
2026/07/29 23:42:05.697, 28, 2338, 59.32
2026/07/29 23:42:06.229, 28, 2338, 59.32
2026/07/29 23:42:06.763, 28, 2338, 59.64
2026/07/29 23:42:07.296, 28, 2338, 58.99
2026/07/29 23:42:07.828, 28, 2338, 59.32
2026/07/29 23:42:08.359, 28, 2338, 59.32
2026/07/29 23:42:08.895, 28, 2338, 59.32
2026/07/29 23:42:09.428, 28, 2338, 59.32
2026/07/29 23:42:09.961, 28, 2338, 59.26
2026/07/29 23:42:10.493, 28, 2338, 59.32
2026/07/29 23:42:11.025, 28, 2338, 59.32
2026/07/29 23:42:11.558, 28, 2338, 59.32
2026/07/29 23:42:12.090, 28, 2338, 59.64
2026/07/29 23:42:12.623, 28, 2338, 60.57
2026/07/29 23:42:13.157, 28, 2338, 59.97
2026/07/29 23:42:13.691, 28, 2338, 61.16
2026/07/29 23:42:14.225, 28, 2338, 59.32
2026/07/29 23:42:14.759, 29, 2338, 60.57
2026/07/29 23:42:15.291, 28, 2338, 59.97
2026/07/29 23:42:15.824, 29, 2338, 60.18
2026/07/29 23:42:16.357, 29, 2338, 59.26
2026/07/29 23:42:16.889, 29, 2338, 59.64
2026/07/29 23:42:17.422, 29, 2338, 59.64
2026/07/29 23:42:17.953, 29, 2338, 59.26
2026/07/29 23:42:18.486, 29, 2338, 59.32
2026/07/29 23:42:19.018, 29, 2338, 59.97
2026/07/29 23:42:19.551, 29, 2338, 59.32
2026/07/29 23:42:20.082, 29, 2338, 59.32
2026/07/29 23:42:20.617, 29, 2338, 59.32
2026/07/29 23:42:21.148, 29, 2338, 59.26
2026/07/29 23:42:21.680, 29, 2338, 59.58
2026/07/29 23:42:22.213, 29, 2338, 59.26
2026/07/29 23:42:22.747, 29, 2338, 59.26
2026/07/29 23:42:23.279, 29, 2338, 59.32
2026/07/29 23:42:23.813, 29, 2338, 59.32
2026/07/29 23:42:24.345, 29, 2338, 59.64
2026/07/29 23:42:24.877, 29, 2338, 59.64
2026/07/29 23:42:25.409, 29, 2338, 59.32
2026/07/29 23:42:25.942, 29, 2338, 59.64
2026/07/29 23:42:26.474, 29, 2338, 59.32
2026/07/29 23:42:27.009, 29, 2338, 59.32
2026/07/29 23:42:27.542, 29, 2338, 59.64
2026/07/29 23:42:28.074, 29, 2338, 59.32
2026/07/29 23:42:28.607, 29, 2338, 59.32
2026/07/29 23:42:29.141, 29, 2338, 59.32
2026/07/29 23:42:29.673, 29, 2338, 59.32
2026/07/29 23:42:30.205, 29, 2338, 59.32
2026/07/29 23:42:30.736, 29, 2338, 59.26
2026/07/29 23:42:31.267, 29, 2338, 59.32
2026/07/29 23:42:31.799, 29, 2338, 59.32
2026/07/29 23:42:32.332, 29, 2338, 59.26
2026/07/29 23:42:32.864, 29, 2338, 59.64
2026/07/29 23:42:33.401, 29, 2338, 59.32
2026/07/29 23:42:33.938, 29, 2338, 62.95
2026/07/29 23:42:34.469, 29, 2338, 61.09
2026/07/29 23:42:35.001, 29, 2338, 69.20
2026/07/29 23:42:35.532, 29, 2338, 60.83
2026/07/29 23:42:36.065, 29, 2338, 60.50
2026/07/29 23:42:36.597, 29, 2338, 59.58
2026/07/29 23:42:37.130, 29, 2338, 60.24
2026/07/29 23:42:37.662, 29, 2338, 60.24
2026/07/29 23:42:38.194, 29, 2338, 59.64
2026/07/29 23:42:38.727, 29, 2338, 59.90
2026/07/29 23:42:39.260, 29, 2338, 59.64
2026/07/29 23:42:39.795, 29, 2338, 59.32
2026/07/29 23:42:40.328, 29, 2338, 59.32
2026/07/29 23:42:40.860, 29, 2338, 59.26
2026/07/29 23:42:41.393, 29, 2338, 59.32
2026/07/29 23:42:41.926, 29, 2338, 59.32
2026/07/29 23:42:42.459, 29, 2338, 59.26
2026/07/29 23:42:42.991, 29, 2338, 59.26
2026/07/29 23:42:43.523, 29, 2338, 59.26
2026/07/29 23:42:44.055, 29, 2338, 59.32
2026/07/29 23:42:44.587, 29, 2338, 59.26
2026/07/29 23:42:45.120, 29, 2338, 58.99
2026/07/29 23:42:45.653, 29, 2338, 59.32
2026/07/29 23:42:46.184, 29, 2338, 59.32
2026/07/29 23:42:46.718, 29, 2338, 59.32
2026/07/29 23:42:47.249, 29, 2338, 59.26
2026/07/29 23:42:47.781, 29, 2338, 59.32
2026/07/29 23:42:48.315, 29, 2338, 59.32
2026/07/29 23:42:48.846, 29, 2338, 59.32
2026/07/29 23:42:49.381, 29, 2338, 59.26
2026/07/29 23:42:49.912, 29, 2338, 59.32
2026/07/29 23:42:50.447, 29, 2338, 59.32
2026/07/29 23:42:50.980, 29, 2338, 59.32
2026/07/29 23:42:51.518, 29, 2338, 59.32
2026/07/29 23:42:52.050, 29, 2338, 59.32
2026/07/29 23:42:52.581, 29, 2338, 59.32
2026/07/29 23:42:53.112, 29, 2338, 59.32
2026/07/29 23:42:53.643, 29, 2338, 60.24
2026/07/29 23:42:54.175, 29, 2338, 59.32
2026/07/29 23:42:54.708, 29, 2338, 59.32
2026/07/29 23:42:55.241, 29, 2338, 66.50
2026/07/29 23:42:55.774, 29, 2338, 61.36
2026/07/29 23:42:56.304, 29, 2338, 59.97
2026/07/29 23:42:56.839, 29, 2338, 59.32
2026/07/29 23:42:57.373, 29, 2338, 59.32
2026/07/29 23:42:57.907, 29, 2338, 59.64
2026/07/29 23:42:58.439, 29, 2338, 59.32
2026/07/29 23:42:58.972, 29, 2338, 59.64
2026/07/29 23:42:59.504, 29, 2338, 59.64
2026/07/29 23:43:00.037, 29, 2338, 59.64
2026/07/29 23:43:00.569, 29, 2338, 59.64
2026/07/29 23:43:01.101, 29, 2338, 59.64
2026/07/29 23:43:01.633, 29, 2338, 60.24
2026/07/29 23:43:02.165, 29, 2338, 59.32
2026/07/29 23:43:02.697, 29, 2338, 59.26
2026/07/29 23:43:03.234, 29, 2338, 59.58
2026/07/29 23:43:03.766, 29, 2338, 59.32
2026/07/29 23:43:04.299, 29, 2338, 59.32
2026/07/29 23:43:04.832, 29, 2338, 59.32
2026/07/29 23:43:05.365, 29, 2338, 59.32
2026/07/29 23:43:05.897, 29, 2338, 59.26
2026/07/29 23:43:06.429, 29, 2338, 59.26
2026/07/29 23:43:06.963, 29, 2338, 59.26
2026/07/29 23:43:07.495, 29, 2338, 59.26
2026/07/29 23:43:08.028, 29, 2338, 59.26
2026/07/29 23:43:08.559, 29, 2338, 59.64
2026/07/29 23:43:09.091, 29, 2338, 59.32
2026/07/29 23:43:09.625, 29, 2338, 59.32
2026/07/29 23:43:10.157, 29, 2338, 59.32
2026/07/29 23:43:10.690, 29, 2338, 59.32
2026/07/29 23:43:11.222, 29, 2338, 59.32
2026/07/29 23:43:11.755, 29, 2338, 59.32
2026/07/29 23:43:12.288, 29, 2338, 59.32
2026/07/29 23:43:12.820, 29, 2338, 59.32
2026/07/29 23:43:13.352, 29, 2338, 59.32
2026/07/29 23:43:13.885, 29, 2338, 59.58
2026/07/29 23:43:14.417, 29, 2338, 59.26
2026/07/29 23:43:14.951, 29, 2338, 59.58
2026/07/29 23:43:15.482, 29, 2338, 59.26
2026/07/29 23:43:16.020, 29, 2338, 59.32
2026/07/29 23:43:16.552, 29, 2338, 59.32
2026/07/29 23:43:17.088, 29, 2338, 59.64
2026/07/29 23:43:17.621, 29, 2338, 59.97
2026/07/29 23:43:18.153, 29, 2338, 59.64
2026/07/29 23:43:18.688, 29, 2338, 59.64
2026/07/29 23:43:19.221, 29, 2338, 59.32
2026/07/29 23:43:19.754, 29, 2338, 59.90
2026/07/29 23:43:20.286, 29, 2338, 59.90
2026/07/29 23:43:20.818, 29, 2338, 59.97
2026/07/29 23:43:21.351, 29, 2338, 60.57
2026/07/29 23:43:21.885, 29, 2338, 59.97
2026/07/29 23:43:22.418, 29, 2338, 59.64
2026/07/29 23:43:22.949, 29, 2338, 59.64
2026/07/29 23:43:23.479, 29, 2338, 59.64
2026/07/29 23:43:24.010, 29, 2338, 59.58
2026/07/29 23:43:24.540, 29, 2338, 59.64
2026/07/29 23:43:25.071, 29, 2338, 59.64
2026/07/29 23:43:25.605, 29, 2338, 59.64
2026/07/29 23:43:26.137, 29, 2338, 59.64
2026/07/29 23:43:26.669, 29, 2338, 59.64
2026/07/29 23:43:27.201, 29, 2338, 59.64
2026/07/29 23:43:27.735, 29, 2338, 59.32
2026/07/29 23:43:28.267, 29, 2338, 59.64
2026/07/29 23:43:28.800, 29, 2338, 59.64
2026/07/29 23:43:29.332, 29, 2338, 59.64
2026/07/29 23:43:29.866, 29, 2338, 59.26
2026/07/29 23:43:30.397, 29, 2338, 59.64
2026/07/29 23:43:30.932, 29, 2338, 59.64
2026/07/29 23:43:31.463, 29, 2338, 60.57
2026/07/29 23:43:31.998, 29, 2338, 59.64
2026/07/29 23:43:32.532, 29, 2338, 59.64
2026/07/29 23:43:33.065, 29, 2338, 59.64
2026/07/29 23:43:33.597, 29, 2338, 59.58
2026/07/29 23:43:34.129, 29, 2338, 59.32
2026/07/29 23:43:34.661, 29, 2338, 59.58
2026/07/29 23:43:35.195, 29, 2338, 59.64
2026/07/29 23:43:35.729, 29, 2338, 59.64
2026/07/29 23:43:36.260, 29, 2338, 60.24
2026/07/29 23:43:36.793, 29, 2338, 59.64
2026/07/29 23:43:37.324, 29, 2338, 59.97
2026/07/29 23:43:37.857, 29, 2338, 61.09
2026/07/29 23:43:38.392, 29, 2338, 59.26
2026/07/29 23:43:38.924, 29, 2338, 59.32
2026/07/29 23:43:39.455, 29, 2338, 60.24
2026/07/29 23:43:39.988, 29, 2338, 59.58
2026/07/29 23:43:40.522, 29, 2338, 59.26
2026/07/29 23:43:41.054, 29, 2338, 59.64
2026/07/29 23:43:41.586, 29, 2338, 59.32
2026/07/29 23:43:42.121, 29, 2338, 59.32
2026/07/29 23:43:42.654, 29, 2338, 59.32
2026/07/29 23:43:43.188, 29, 2338, 59.64
2026/07/29 23:43:43.721, 29, 2338, 59.97
2026/07/29 23:43:44.254, 29, 2338, 59.26
2026/07/29 23:43:44.788, 29, 2338, 59.64
2026/07/29 23:43:45.324, 29, 2338, 59.32
2026/07/29 23:43:45.856, 29, 2338, 59.32
2026/07/29 23:43:46.389, 29, 2338, 59.32
2026/07/29 23:43:46.921, 29, 2338, 59.32
2026/07/29 23:43:47.454, 29, 2338, 59.32
2026/07/29 23:43:47.988, 29, 2338, 59.32
2026/07/29 23:43:48.521, 29, 2338, 59.05
2026/07/29 23:43:49.053, 29, 2338, 59.64
2026/07/29 23:43:49.584, 29, 2338, 59.26
2026/07/29 23:43:50.115, 29, 2338, 59.26
2026/07/29 23:43:50.647, 29, 2338, 59.26
2026/07/29 23:43:51.179, 29, 2338, 59.32
2026/07/29 23:43:51.711, 29, 2338, 59.32
2026/07/29 23:43:52.244, 29, 2338, 59.32
2026/07/29 23:43:52.775, 29, 2338, 59.32
2026/07/29 23:43:53.309, 29, 2338, 59.32
2026/07/29 23:43:53.842, 29, 2338, 59.32
2026/07/29 23:43:54.375, 29, 2338, 59.32
2026/07/29 23:43:54.910, 29, 2338, 59.32
2026/07/29 23:43:55.442, 29, 2338, 59.26
2026/07/29 23:43:55.974, 29, 2338, 59.32
2026/07/29 23:43:56.505, 29, 2338, 59.32
2026/07/29 23:43:57.038, 29, 2338, 59.32
2026/07/29 23:43:57.571, 29, 2338, 59.32
2026/07/29 23:43:58.104, 29, 2338, 60.24
2026/07/29 23:43:58.636, 29, 2338, 61.76
2026/07/29 23:43:59.169, 29, 2338, 59.32
2026/07/29 23:43:59.701, 29, 2338, 59.26
2026/07/29 23:44:00.233, 29, 2338, 59.32
2026/07/29 23:44:00.765, 29, 2338, 59.32
2026/07/29 23:44:01.297, 29, 2338, 59.32
2026/07/29 23:44:01.829, 29, 2338, 59.58
2026/07/29 23:44:02.360, 29, 2338, 59.32
2026/07/29 23:44:02.895, 29, 2338, 59.32
2026/07/29 23:44:03.426, 29, 2338, 59.64
2026/07/29 23:44:03.959, 29, 2338, 59.26
2026/07/29 23:44:04.495, 29, 2338, 59.32
2026/07/29 23:44:05.027, 29, 2338, 59.64
2026/07/29 23:44:05.559, 29, 2338, 59.26
2026/07/29 23:44:06.090, 29, 2338, 59.32
2026/07/29 23:44:06.623, 29, 2338, 59.32
2026/07/29 23:44:07.154, 29, 2338, 59.32
2026/07/29 23:44:07.688, 29, 2338, 59.32
2026/07/29 23:44:08.222, 29, 2338, 59.32
2026/07/29 23:44:08.755, 29, 2338, 59.32
2026/07/29 23:44:09.288, 29, 2338, 59.32
2026/07/29 23:44:09.822, 29, 2338, 59.32
2026/07/29 23:44:10.355, 29, 2338, 59.32
2026/07/29 23:44:10.888, 28, 2338, 59.32
2026/07/29 23:44:11.421, 28, 2338, 59.32
2026/07/29 23:44:11.954, 28, 2338, 59.26
2026/07/29 23:44:12.486, 28, 2338, 59.26
2026/07/29 23:44:13.018, 28, 2338, 59.32
2026/07/29 23:44:13.551, 28, 2338, 59.32
2026/07/29 23:44:14.083, 28, 2338, 59.32
2026/07/29 23:44:14.616, 28, 2338, 59.32
2026/07/29 23:44:15.149, 28, 2338, 59.32
2026/07/29 23:44:15.681, 28, 2338, 59.32
2026/07/29 23:44:16.216, 28, 2338, 59.32
2026/07/29 23:44:16.749, 28, 2338, 59.26
2026/07/29 23:44:17.281, 28, 2338, 59.32
2026/07/29 23:44:17.815, 28, 2338, 59.26
2026/07/29 23:44:18.348, 28, 2338, 59.32
2026/07/29 23:44:18.879, 28, 2338, 59.32
2026/07/29 23:44:19.411, 28, 2338, 61.43
2026/07/29 23:44:19.944, 28, 2338, 59.32
2026/07/29 23:44:20.477, 28, 2338, 59.32
2026/07/29 23:44:21.009, 28, 2338, 59.32
2026/07/29 23:44:21.542, 28, 2338, 59.32
2026/07/29 23:44:22.073, 28, 2338, 60.24
2026/07/29 23:44:22.604, 28, 2338, 60.18
2026/07/29 23:44:23.136, 28, 2338, 59.32
2026/07/29 23:44:23.669, 28, 2338, 59.32
2026/07/29 23:44:24.204, 28, 2338, 59.97
2026/07/29 23:44:24.736, 28, 2338, 59.97
2026/07/29 23:44:25.267, 28, 2338, 59.64
2026/07/29 23:44:25.803, 28, 2338, 59.32
2026/07/29 23:44:26.334, 28, 2338, 59.32
2026/07/29 23:44:26.867, 28, 2338, 60.24
2026/07/29 23:44:27.402, 28, 2338, 59.64
2026/07/29 23:44:27.933, 28, 2338, 59.32
2026/07/29 23:44:28.465, 28, 2338, 59.26
2026/07/29 23:44:28.998, 28, 2338, 59.32
2026/07/29 23:44:29.531, 28, 2338, 59.32
2026/07/29 23:44:30.062, 28, 2338, 59.32
2026/07/29 23:44:30.593, 28, 2338, 59.32
2026/07/29 23:44:31.125, 28, 2338, 59.32
2026/07/29 23:44:31.656, 28, 2338, 59.32
2026/07/29 23:44:32.188, 28, 2338, 59.32
2026/07/29 23:44:32.721, 28, 2338, 59.32
2026/07/29 23:44:33.254, 28, 2338, 59.64
2026/07/29 23:44:33.785, 28, 2338, 59.32
2026/07/29 23:44:34.316, 28, 2338, 59.26
2026/07/29 23:44:34.848, 28, 2338, 59.32
2026/07/29 23:44:35.381, 28, 2338, 59.32
2026/07/29 23:44:35.917, 28, 2338, 59.32
2026/07/29 23:44:36.450, 28, 2338, 59.32
2026/07/29 23:44:36.983, 28, 2338, 59.32
2026/07/29 23:44:37.516, 28, 2338, 59.32
2026/07/29 23:44:38.049, 28, 2338, 59.32
2026/07/29 23:44:38.583, 28, 2338, 59.26
2026/07/29 23:44:39.115, 28, 2338, 59.32
2026/07/29 23:44:39.647, 28, 2338, 59.32
2026/07/29 23:44:40.177, 28, 2338, 59.32
2026/07/29 23:44:40.709, 28, 2338, 59.26
2026/07/29 23:44:41.241, 28, 2338, 62.08
2026/07/29 23:44:41.772, 28, 2338, 59.32
2026/07/29 23:44:42.303, 28, 2338, 59.32
2026/07/29 23:44:42.835, 28, 2338, 61.16
2026/07/29 23:44:43.367, 28, 2338, 60.57
2026/07/29 23:44:43.899, 28, 2338, 60.24
2026/07/29 23:44:44.434, 28, 2338, 59.05
2026/07/29 23:44:44.965, 28, 2338, 59.05
2026/07/29 23:44:45.503, 28, 2338, 59.05
2026/07/29 23:44:46.036, 28, 2338, 59.05
2026/07/29 23:44:46.568, 28, 2338, 59.05
2026/07/29 23:44:47.102, 28, 2338, 59.05
2026/07/29 23:44:47.634, 28, 2338, 59.05
2026/07/29 23:44:48.166, 28, 2338, 59.05
2026/07/29 23:44:48.698, 28, 2338, 59.32
2026/07/29 23:44:49.230, 28, 2338, 59.32
2026/07/29 23:44:49.761, 28, 2338, 59.05
2026/07/29 23:44:50.295, 28, 2338, 59.05
2026/07/29 23:44:50.827, 28, 2338, 59.32
2026/07/29 23:44:51.358, 28, 2338, 59.05
2026/07/29 23:44:51.891, 28, 2338, 59.05
2026/07/29 23:44:52.429, 28, 2338, 59.05
2026/07/29 23:44:52.961, 28, 2338, 59.05
2026/07/29 23:44:53.497, 28, 2338, 59.32
2026/07/29 23:44:54.029, 28, 2338, 59.05
2026/07/29 23:44:54.561, 28, 2338, 59.26
2026/07/29 23:44:55.094, 28, 2338, 59.05
2026/07/29 23:44:55.625, 28, 2338, 59.32
2026/07/29 23:44:56.158, 28, 2338, 59.26
2026/07/29 23:44:56.695, 28, 2338, 59.05
2026/07/29 23:44:57.226, 28, 2338, 59.05
2026/07/29 23:44:57.758, 28, 2338, 59.32
2026/07/29 23:44:58.290, 28, 2338, 59.05
2026/07/29 23:44:58.822, 28, 2338, 59.05
2026/07/29 23:44:59.356, 28, 2338, 59.05
2026/07/29 23:44:59.888, 28, 2338, 59.32
2026/07/29 23:45:00.421, 28, 2338, 59.05
2026/07/29 23:45:00.953, 28, 2338, 59.26
2026/07/29 23:45:01.484, 28, 2338, 59.32
2026/07/29 23:45:02.016, 28, 2338, 59.32
2026/07/29 23:45:02.549, 28, 2338, 59.05
2026/07/29 23:45:03.083, 28, 2338, 59.32
2026/07/29 23:45:03.615, 28, 2338, 59.05
2026/07/29 23:45:04.146, 28, 2338, 61.43
2026/07/29 23:45:04.678, 28, 2338, 59.05
2026/07/29 23:45:05.208, 28, 2338, 60.57
2026/07/29 23:45:05.741, 28, 2338, 59.05
2026/07/29 23:45:06.273, 28, 2338, 59.32
2026/07/29 23:45:06.806, 28, 2338, 59.64
2026/07/29 23:45:07.337, 28, 2338, 61.09
2026/07/29 23:45:07.869, 28, 2338, 59.58
2026/07/29 23:45:08.400, 28, 2338, 59.32
2026/07/29 23:45:08.934, 28, 2338, 59.32
2026/07/29 23:45:09.466, 28, 2338, 59.32
2026/07/29 23:45:09.998, 28, 2338, 59.32
2026/07/29 23:45:10.532, 28, 2338, 59.32
2026/07/29 23:45:11.064, 28, 2338, 59.32
2026/07/29 23:45:11.596, 28, 2338, 59.32
2026/07/29 23:45:12.129, 28, 2338, 59.26
2026/07/29 23:45:12.662, 28, 2338, 59.26
2026/07/29 23:45:13.195, 28, 2338, 59.32
2026/07/29 23:45:13.730, 28, 2338, 59.32
2026/07/29 23:45:14.262, 28, 2338, 59.32
2026/07/29 23:45:14.795, 29, 2338, 59.32
2026/07/29 23:45:15.327, 29, 2338, 59.32
2026/07/29 23:45:15.858, 28, 2338, 59.32
2026/07/29 23:45:16.388, 29, 2338, 59.32
2026/07/29 23:45:16.921, 29, 2338, 59.26
2026/07/29 23:45:17.453, 29, 2338, 59.58
2026/07/29 23:45:17.988, 29, 2338, 59.32
2026/07/29 23:45:18.522, 29, 2338, 59.32
2026/07/29 23:45:19.055, 29, 2338, 59.32
2026/07/29 23:45:19.587, 29, 2338, 59.32
2026/07/29 23:45:20.119, 29, 2338, 59.32
2026/07/29 23:45:20.652, 29, 2338, 59.32
2026/07/29 23:45:21.185, 29, 2338, 59.32
2026/07/29 23:45:21.717, 29, 2338, 59.32
2026/07/29 23:45:22.248, 29, 2338, 59.32
2026/07/29 23:45:22.781, 29, 2338, 59.64
2026/07/29 23:45:23.313, 29, 2338, 59.32
2026/07/29 23:45:23.845, 29, 2338, 59.32
2026/07/29 23:45:24.379, 29, 2338, 59.32
2026/07/29 23:45:24.912, 29, 2338, 59.64
2026/07/29 23:45:25.445, 29, 2338, 61.76
2026/07/29 23:45:25.977, 29, 2338, 59.26
2026/07/29 23:45:26.511, 29, 2338, 60.77
2026/07/29 23:45:27.044, 29, 2338, 60.24
2026/07/29 23:45:27.578, 29, 2338, 61.16
2026/07/29 23:45:28.109, 29, 2338, 59.97
2026/07/29 23:45:28.640, 29, 2338, 60.83
2026/07/29 23:45:29.172, 29, 2338, 59.97
2026/07/29 23:45:29.704, 29, 2338, 59.64
2026/07/29 23:45:30.235, 29, 2338, 59.32
2026/07/29 23:45:30.766, 29, 2338, 59.64
2026/07/29 23:45:31.301, 29, 2338, 59.32
2026/07/29 23:45:31.834, 29, 2338, 59.58
2026/07/29 23:45:32.366, 29, 2338, 59.32
2026/07/29 23:45:32.898, 29, 2338, 59.58
2026/07/29 23:45:33.430, 29, 2338, 59.32
2026/07/29 23:45:33.963, 29, 2338, 59.26
2026/07/29 23:45:34.496, 29, 2338, 59.64
2026/07/29 23:45:35.029, 29, 2338, 60.24
2026/07/29 23:45:35.562, 29, 2338, 59.64
2026/07/29 23:45:36.095, 29, 2338, 59.32
2026/07/29 23:45:36.628, 29, 2338, 59.32
2026/07/29 23:45:37.159, 29, 2338, 59.32
2026/07/29 23:45:37.691, 29, 2338, 59.32
2026/07/29 23:45:38.223, 29, 2338, 59.64
2026/07/29 23:45:38.755, 29, 2338, 59.32
2026/07/29 23:45:39.288, 29, 2338, 59.64
2026/07/29 23:45:39.821, 29, 2338, 59.64
2026/07/29 23:45:40.353, 29, 2338, 60.24
2026/07/29 23:45:40.888, 29, 2338, 59.32
2026/07/29 23:45:41.421, 29, 2338, 59.64
2026/07/29 23:45:41.953, 29, 2338, 59.32
2026/07/29 23:45:42.486, 29, 2338, 59.64
2026/07/29 23:45:43.019, 29, 2338, 59.64
2026/07/29 23:45:43.553, 29, 2338, 59.58
2026/07/29 23:45:44.085, 29, 2338, 59.26
2026/07/29 23:45:44.616, 29, 2338, 59.58
2026/07/29 23:45:45.148, 29, 2338, 59.26
2026/07/29 23:45:45.680, 29, 2338, 59.64
2026/07/29 23:45:46.215, 29, 2338, 59.58
2026/07/29 23:45:46.748, 29, 2338, 59.64
2026/07/29 23:45:47.281, 29, 2338, 59.64
2026/07/29 23:45:47.817, 29, 2338, 59.32
2026/07/29 23:45:48.350, 29, 2338, 59.26
2026/07/29 23:45:48.883, 29, 2338, 60.57
2026/07/29 23:45:49.415, 29, 2338, 60.18
2026/07/29 23:45:49.950, 29, 2338, 59.32
2026/07/29 23:45:50.483, 29, 2338, 59.26
2026/07/29 23:45:51.016, 29, 2338, 60.77
2026/07/29 23:45:51.548, 29, 2338, 59.97
2026/07/29 23:45:52.081, 29, 2338, 59.32
2026/07/29 23:45:52.613, 29, 2338, 59.64
2026/07/29 23:45:53.145, 28, 2338, 59.26
2026/07/29 23:45:53.678, 28, 2338, 59.26
2026/07/29 23:45:54.212, 28, 2338, 59.58
2026/07/29 23:45:54.745, 28, 2338, 58.99
2026/07/29 23:45:55.277, 28, 2338, 59.05
2026/07/29 23:45:55.810, 28, 2338, 59.26
2026/07/29 23:45:56.342, 28, 2338, 58.99
2026/07/29 23:45:56.876, 28, 2338, 59.32
2026/07/29 23:45:57.409, 28, 2338, 59.05
2026/07/29 23:45:57.941, 28, 2338, 59.26
2026/07/29 23:45:58.472, 28, 2338, 59.26
2026/07/29 23:45:59.004, 28, 2338, 59.32
2026/07/29 23:45:59.536, 28, 2338, 59.05
2026/07/29 23:46:00.069, 28, 2338, 59.32
2026/07/29 23:46:00.602, 28, 2338, 58.99
2026/07/29 23:46:01.134, 28, 2338, 59.05
2026/07/29 23:46:01.667, 28, 2338, 59.26
2026/07/29 23:46:02.201, 28, 2338, 59.05
2026/07/29 23:46:02.733, 28, 2338, 59.26
2026/07/29 23:46:03.267, 28, 2338, 58.99
2026/07/29 23:46:03.804, 28, 2338, 59.05
2026/07/29 23:46:04.336, 28, 2338, 59.05
2026/07/29 23:46:04.871, 28, 2338, 59.05
2026/07/29 23:46:05.403, 28, 2338, 59.32
2026/07/29 23:46:05.937, 28, 2338, 59.05
2026/07/29 23:46:06.469, 28, 2338, 59.32
2026/07/29 23:46:07.001, 28, 2338, 59.05
2026/07/29 23:46:07.534, 28, 2338, 59.05
2026/07/29 23:46:08.068, 28, 2338, 59.05
2026/07/29 23:46:08.603, 28, 2338, 59.32
2026/07/29 23:46:09.136, 28, 2338, 59.05
2026/07/29 23:46:09.668, 28, 2338, 59.05
2026/07/29 23:46:10.200, 28, 2338, 59.05
2026/07/29 23:46:10.732, 28, 2338, 60.57
2026/07/29 23:46:11.265, 28, 2338, 60.24
2026/07/29 23:46:11.796, 28, 2338, 60.24
2026/07/29 23:46:12.328, 28, 2338, 59.64
2026/07/29 23:46:12.861, 28, 2338, 61.09
2026/07/29 23:46:13.398, 28, 2338, 60.24
2026/07/29 23:46:13.930, 28, 2338, 60.24
2026/07/29 23:46:14.462, 28, 2338, 59.64
2026/07/29 23:46:14.995, 28, 2338, 59.05
2026/07/29 23:46:15.527, 28, 2338, 59.05
2026/07/29 23:46:16.059, 28, 2338, 59.64
2026/07/29 23:46:16.592, 28, 2338, 59.32
2026/07/29 23:46:17.125, 28, 2338, 59.26
2026/07/29 23:46:17.657, 28, 2338, 59.26
2026/07/29 23:46:18.190, 28, 2338, 59.05
2026/07/29 23:46:18.723, 28, 2338, 59.32
2026/07/29 23:46:19.257, 28, 2338, 59.05
2026/07/29 23:46:19.789, 28, 2338, 59.32
2026/07/29 23:46:20.322, 28, 2338, 59.32
2026/07/29 23:46:20.853, 28, 2338, 59.32
2026/07/29 23:46:21.385, 28, 2338, 59.32
2026/07/29 23:46:21.920, 28, 2338, 59.05
2026/07/29 23:46:22.451, 28, 2338, 59.32
2026/07/29 23:46:22.984, 28, 2338, 59.32
2026/07/29 23:46:23.516, 28, 2338, 59.05
2026/07/29 23:46:24.049, 28, 2338, 59.64
2026/07/29 23:46:24.581, 28, 2338, 59.26
2026/07/29 23:46:25.116, 28, 2338, 59.32
2026/07/29 23:46:25.648, 28, 2338, 59.32
2026/07/29 23:46:26.180, 28, 2338, 59.32
2026/07/29 23:46:26.714, 28, 2338, 59.26
2026/07/29 23:46:27.246, 28, 2338, 59.26
2026/07/29 23:46:27.779, 28, 2338, 59.32
2026/07/29 23:46:28.313, 28, 2338, 59.32
2026/07/29 23:46:28.848, 28, 2338, 59.32
2026/07/29 23:46:29.381, 28, 2338, 59.32
2026/07/29 23:46:29.914, 28, 2338, 59.32
2026/07/29 23:46:30.446, 28, 2338, 59.32
2026/07/29 23:46:30.979, 28, 2338, 59.64
2026/07/29 23:46:31.514, 28, 2338, 59.32
2026/07/29 23:46:32.046, 28, 2338, 59.32
2026/07/29 23:46:32.578, 28, 2338, 59.32
2026/07/29 23:46:33.112, 28, 2338, 59.32
2026/07/29 23:46:33.644, 28, 2338, 59.64
2026/07/29 23:46:34.177, 28, 2338, 59.32
2026/07/29 23:46:34.710, 28, 2338, 59.26
2026/07/29 23:46:35.242, 28, 2338, 59.26
2026/07/29 23:46:35.774, 28, 2338, 60.50
2026/07/29 23:46:36.309, 28, 2338, 59.26
2026/07/29 23:46:36.841, 28, 2338, 59.64
2026/07/29 23:46:37.373, 28, 2338, 59.32
2026/07/29 23:46:37.905, 28, 2338, 59.97
2026/07/29 23:46:38.439, 28, 2338, 59.97
2026/07/29 23:46:38.972, 28, 2338, 59.32
2026/07/29 23:46:39.504, 28, 2338, 59.32
2026/07/29 23:46:40.037, 28, 2338, 59.32
2026/07/29 23:46:40.570, 28, 2338, 59.32
2026/07/29 23:46:41.103, 28, 2338, 59.32
2026/07/29 23:46:41.636, 28, 2338, 59.32
2026/07/29 23:46:42.169, 28, 2338, 59.26
2026/07/29 23:46:42.701, 28, 2338, 59.32
2026/07/29 23:46:43.234, 28, 2338, 59.32
2026/07/29 23:46:43.765, 28, 2338, 59.32
2026/07/29 23:46:44.299, 28, 2338, 59.32
2026/07/29 23:46:44.832, 28, 2338, 59.32
2026/07/29 23:46:45.364, 28, 2338, 59.32
2026/07/29 23:46:45.901, 28, 2338, 59.32
2026/07/29 23:46:46.434, 28, 2338, 59.32
2026/07/29 23:46:46.968, 28, 2338, 59.32
2026/07/29 23:46:47.502, 28, 2338, 59.32
2026/07/29 23:46:48.034, 28, 2338, 59.32
2026/07/29 23:46:48.567, 28, 2338, 59.32
2026/07/29 23:46:49.100, 28, 2338, 59.32
2026/07/29 23:46:49.632, 28, 2338, 59.32
2026/07/29 23:46:50.164, 28, 2338, 59.97
2026/07/29 23:46:50.697, 28, 2338, 59.64
2026/07/29 23:46:51.231, 28, 2338, 59.32
2026/07/29 23:46:51.763, 28, 2338, 59.32
2026/07/29 23:46:52.295, 28, 2338, 59.32
2026/07/29 23:46:52.827, 28, 2338, 59.26
2026/07/29 23:46:53.360, 28, 2338, 59.32
2026/07/29 23:46:53.891, 28, 2338, 59.32
2026/07/29 23:46:54.423, 28, 2338, 60.24
2026/07/29 23:46:54.956, 28, 2338, 59.32
2026/07/29 23:46:55.489, 28, 2338, 62.95
2026/07/29 23:46:56.024, 28, 2338, 59.32
2026/07/29 23:46:56.556, 28, 2338, 59.97
2026/07/29 23:46:57.087, 28, 2338, 59.32
2026/07/29 23:46:57.620, 28, 2338, 59.32
2026/07/29 23:46:58.152, 28, 2338, 59.97
2026/07/29 23:46:58.685, 28, 2338, 59.32
2026/07/29 23:46:59.218, 28, 2338, 59.64
2026/07/29 23:46:59.749, 28, 2338, 59.32
2026/07/29 23:47:00.282, 28, 2338, 59.32
2026/07/29 23:47:00.817, 28, 2338, 59.64
2026/07/29 23:47:01.350, 28, 2338, 59.05
2026/07/29 23:47:01.882, 28, 2338, 59.32
2026/07/29 23:47:02.417, 28, 2338, 59.05
2026/07/29 23:47:02.950, 28, 2338, 59.32
2026/07/29 23:47:03.481, 28, 2338, 59.64
2026/07/29 23:47:04.014, 28, 2338, 59.32
2026/07/29 23:47:04.545, 28, 2338, 59.32
2026/07/29 23:47:05.077, 28, 2338, 59.32
2026/07/29 23:47:05.611, 28, 2338, 59.32
2026/07/29 23:47:06.144, 28, 2338, 59.32
2026/07/29 23:47:06.676, 28, 2338, 58.99
2026/07/29 23:47:07.208, 28, 2338, 59.32
2026/07/29 23:47:07.740, 28, 2338, 59.05
2026/07/29 23:47:08.272, 28, 2338, 59.32
2026/07/29 23:47:08.805, 28, 2338, 59.05
2026/07/29 23:47:09.338, 28, 2338, 59.32
2026/07/29 23:47:09.871, 28, 2338, 59.32
2026/07/29 23:47:10.404, 28, 2338, 59.32
2026/07/29 23:47:10.936, 28, 2338, 59.32
2026/07/29 23:47:11.467, 28, 2338, 59.32
2026/07/29 23:47:12.000, 28, 2338, 59.05
2026/07/29 23:47:12.532, 28, 2338, 59.32
2026/07/29 23:47:13.064, 28, 2338, 59.32
2026/07/29 23:47:13.597, 29, 2338, 59.32
2026/07/29 23:47:14.129, 29, 2338, 59.05
2026/07/29 23:47:14.662, 29, 2338, 59.26
2026/07/29 23:47:15.196, 29, 2338, 59.26
2026/07/29 23:47:15.728, 29, 2338, 59.32
2026/07/29 23:47:16.260, 29, 2338, 59.32
2026/07/29 23:47:16.793, 29, 2338, 59.64
2026/07/29 23:47:17.326, 29, 2338, 62.67
2026/07/29 23:47:17.859, 29, 2338, 61.76
2026/07/29 23:47:18.392, 29, 2338, 59.32
2026/07/29 23:47:18.926, 29, 2338, 59.32
2026/07/29 23:47:19.458, 29, 2338, 59.32
2026/07/29 23:47:19.993, 29, 2338, 59.32
2026/07/29 23:47:20.526, 29, 2338, 59.32
2026/07/29 23:47:21.060, 29, 2338, 59.32
2026/07/29 23:47:21.593, 29, 2338, 59.26
2026/07/29 23:47:22.126, 29, 2338, 59.26
2026/07/29 23:47:22.661, 29, 2338, 59.32
2026/07/29 23:47:23.194, 29, 2338, 59.32
2026/07/29 23:47:23.725, 29, 2338, 59.97
2026/07/29 23:47:24.258, 29, 2338, 59.26
2026/07/29 23:47:24.791, 29, 2338, 59.32
2026/07/29 23:47:25.325, 29, 2338, 59.97
2026/07/29 23:47:25.858, 29, 2338, 59.32
2026/07/29 23:47:26.394, 29, 2338, 59.32
2026/07/29 23:47:26.927, 29, 2338, 59.64
2026/07/29 23:47:27.459, 29, 2338, 59.32
2026/07/29 23:47:27.994, 29, 2338, 59.32
2026/07/29 23:47:28.526, 29, 2338, 59.32
2026/07/29 23:47:29.058, 29, 2338, 59.32
2026/07/29 23:47:29.590, 29, 2338, 59.32
2026/07/29 23:47:30.122, 29, 2338, 59.32
2026/07/29 23:47:30.655, 29, 2338, 59.58
2026/07/29 23:47:31.186, 29, 2338, 59.32
2026/07/29 23:47:31.719, 29, 2338, 59.32
2026/07/29 23:47:32.250, 29, 2338, 59.32
2026/07/29 23:47:32.783, 29, 2338, 59.32
2026/07/29 23:47:33.317, 29, 2338, 59.32
2026/07/29 23:47:33.850, 29, 2338, 59.32
2026/07/29 23:47:34.382, 29, 2338, 59.32
2026/07/29 23:47:34.915, 29, 2338, 59.32
2026/07/29 23:47:35.447, 29, 2338, 59.32
2026/07/29 23:47:35.979, 29, 2338, 59.64
2026/07/29 23:47:36.512, 29, 2338, 59.32
2026/07/29 23:47:37.045, 29, 2338, 59.32
2026/07/29 23:47:37.576, 29, 2338, 59.32
2026/07/29 23:47:38.108, 29, 2338, 60.24
2026/07/29 23:47:38.641, 29, 2338, 60.57
2026/07/29 23:47:39.174, 29, 2338, 60.83
2026/07/29 23:47:39.709, 29, 2338, 59.97
2026/07/29 23:47:40.241, 29, 2338, 59.32
2026/07/29 23:47:40.774, 29, 2338, 60.57
2026/07/29 23:47:41.306, 29, 2338, 60.57
2026/07/29 23:47:41.839, 29, 2338, 59.32
2026/07/29 23:47:42.371, 29, 2338, 59.64
2026/07/29 23:47:42.902, 29, 2338, 60.24
2026/07/29 23:47:43.434, 29, 2338, 61.16
2026/07/29 23:47:43.966, 29, 2338, 59.64
2026/07/29 23:47:44.501, 29, 2338, 59.64
2026/07/29 23:47:45.033, 29, 2338, 59.64
2026/07/29 23:47:45.565, 29, 2338, 59.64
2026/07/29 23:47:46.097, 29, 2338, 59.64
2026/07/29 23:47:46.630, 29, 2338, 59.64
2026/07/29 23:47:47.164, 29, 2338, 59.64
2026/07/29 23:47:47.697, 29, 2338, 59.64
2026/07/29 23:47:48.230, 29, 2338, 59.32
2026/07/29 23:47:48.763, 29, 2338, 59.64
2026/07/29 23:47:49.296, 29, 2338, 59.26
2026/07/29 23:47:49.829, 29, 2338, 59.64
2026/07/29 23:47:50.361, 29, 2338, 59.32
2026/07/29 23:47:50.895, 29, 2338, 59.32
2026/07/29 23:47:51.429, 29, 2338, 59.64
2026/07/29 23:47:51.961, 29, 2338, 59.64
2026/07/29 23:47:52.494, 29, 2338, 59.97
