n,k,flip_rate,plan,observation_order,intervention_width,query_count,samples_per_query,total_samples,cutoff,fwer_upper,power_lower,feasible
8,3,1/20,boundary_s0,3,0,56,19,1064,2,1337/32768,244699273200091417605281/262144000000000000000000,1
8,3,1/20,boundary_s1,2,1,168,21,3528,2,609/16384,11994169162440651134064599/13107200000000000000000000,1
8,3,1/20,boundary_s2,1,2,168,21,3528,2,609/16384,11994169162440651134064599/13107200000000000000000000,1
8,3,1/20,boundary_s3,0,3,56,19,1064,2,1337/32768,244699273200091417605281/262144000000000000000000,1
8,3,1/20,containment_s4,0,4,70,20,1400,2,7385/262144,48471281563677682933571971/52428800000000000000000000,1
8,3,1/20,containment_s5,0,5,56,19,1064,2,1337/32768,244699273200091417605281/262144000000000000000000,1
8,3,1/20,containment_s6,0,6,28,18,504,2,301/8192,15431615625867732474407/16384000000000000000000,1
8,3,1/20,containment_s7,0,7,8,16,128,2,137/4096,62722024833956407861/65536000000000000000,1
8,3,1/20,full_clamp,0,8,1,9,9,1,5/128,11888494133/12800000000,1
8,3,3/20,boundary_s0,3,0,56,37,2072,8,90542711/2147483648,623704295907377219707614669661501119183243181/687194767360000000000000000000000000000000000,1
8,3,3/20,boundary_s1,2,1,168,42,7056,9,12539542911/274877906944,400844266087307031258167920438768609048657884454258003/439804651110400000000000000000000000000000000000000000,1
8,3,3/20,boundary_s2,1,2,168,42,7056,9,12539542911/274877906944,400844266087307031258167920438768609048657884454258003/439804651110400000000000000000000000000000000000000000,1
8,3,3/20,boundary_s3,0,3,56,37,2072,8,90542711/2147483648,623704295907377219707614669661501119183243181/687194767360000000000000000000000000000000000,1
8,3,3/20,containment_s4,0,4,70,40,2800,9,3268874035/68719476736,1282002710947398504736830772507689153724827569143217/1374389534720000000000000000000000000000000000000000,1
8,3,3/20,containment_s5,0,5,56,37,2072,8,90542711/2147483648,623704295907377219707614669661501119183243181/687194767360000000000000000000000000000000000,1
8,3,3/20,containment_s6,0,6,28,36,1008,8,71749153/2147483648,1580368633908757492947856944350258123231594191/1717986918400000000000000000000000000000000000,1
8,3,3/20,containment_s7,0,7,8,27,216,6,198797/4194304,604937146143339827731706306012131/671088640000000000000000000000000,1
8,3,3/20,full_clamp,0,8,1,17,17,4,1607/32768,59066943224413682347/65536000000000000000,1
8,3,1/4,boundary_s0,3,0,56,81,4536,25,795606541748617987073/18889465931478580854784,166004869209846013798394332727343992659359050135/182687704666362864775460604089535377456991567872,1
8,3,1/4,boundary_s1,2,1,168,92,15456,28,723038024856294349726839/19342813113834066795298816,693581709570700495868700283698485869360479729904408715/766247770432944429179173513575154591809369561091801088,1
8,3,1/4,boundary_s2,1,2,168,92,15456,28,723038024856294349726839/19342813113834066795298816,693581709570700495868700283698485869360479729904408715/766247770432944429179173513575154591809369561091801088,1
8,3,1/4,boundary_s3,0,3,56,81,4536,25,795606541748617987073/18889465931478580854784,166004869209846013798394332727343992659359050135/182687704666362864775460604089535377456991567872,1
8,3,1/4,containment_s4,0,4,70,84,5880,26,26569958449013842729265/604462909807314587353088,21387355994942152642842557298296244882302904342403/23384026197294446691258957323460528314494920687616,1
8,3,1/4,containment_s5,0,5,56,81,4536,25,795606541748617987073/18889465931478580854784,166004869209846013798394332727343992659359050135/182687704666362864775460604089535377456991567872,1
8,3,1/4,containment_s6,0,6,28,74,2072,23,3132571668073075445/73786976294838206464,10122698923905562375428628342808868556339685/11150372599265311570767859136324180752990208,1
8,3,1/4,containment_s7,0,7,8,60,480,19,3584203906519219/72057594037927936,603147657093955078649154388183487435/664613997892457936451903530140172288,1
8,3,1/4,full_clamp,0,8,1,42,42,14,1496659417/34359738368,555786283484642355386633/604462909807314587353088,1
8,4,1/20,boundary_s0,4,0,70,20,1400,2,7385/262144,48471281563677682933571971/52428800000000000000000000,1
8,4,1/20,boundary_s1,3,1,280,22,6160,2,4445/131072,1898293659606070888764462041/2097152000000000000000000000,1
8,4,1/20,boundary_s2,2,2,420,26,10920,3,38745/1048576,32254486455957996678753081103857/33554432000000000000000000000000,1
8,4,1/20,boundary_s3,1,3,280,22,6160,2,4445/131072,1898293659606070888764462041/2097152000000000000000000000,1
8,4,1/20,boundary_s4,0,4,70,20,1400,2,7385/262144,48471281563677682933571971/52428800000000000000000000,1
8,4,1/20,containment_s5,0,5,56,19,1064,2,1337/32768,244699273200091417605281/262144000000000000000000,1
8,4,1/20,containment_s6,0,6,28,18,504,2,301/8192,15431615625867732474407/16384000000000000000000,1
8,4,1/20,containment_s7,0,7,8,16,128,2,137/4096,62722024833956407861/65536000000000000000,1
8,4,1/20,full_clamp,0,8,1,9,9,1,5/128,11888494133/12800000000,1
8,4,3/20,boundary_s0,4,0,70,40,2800,9,3268874035/68719476736,1282002710947398504736830772507689153724827569143217/1374389534720000000000000000000000000000000000000000,1
8,4,3/20,boundary_s1,3,1,280,46,12880,10,96310222155/2199023255552,162818074041962138069723067264690875586475469639111576008807/175921860444160000000000000000000000000000000000000000000000,1
8,4,3/20,boundary_s2,2,2,420,47,19740,10,727705871655/17592186044416,644131666883319102096288455803971621076354685713039799143453/703687441776640000000000000000000000000000000000000000000000,1
8,4,3/20,boundary_s3,1,3,280,46,12880,10,96310222155/2199023255552,162818074041962138069723067264690875586475469639111576008807/175921860444160000000000000000000000000000000000000000000000,1
8,4,3/20,boundary_s4,0,4,70,40,2800,9,3268874035/68719476736,1282002710947398504736830772507689153724827569143217/1374389534720000000000000000000000000000000000000000,1
8,4,3/20,containment_s5,0,5,56,37,2072,8,90542711/2147483648,623704295907377219707614669661501119183243181/687194767360000000000000000000000000000000000,1
8,4,3/20,containment_s6,0,6,28,36,1008,8,71749153/2147483648,1580368633908757492947856944350258123231594191/1717986918400000000000000000000000000000000000,1
8,4,3/20,containment_s7,0,7,8,27,216,6,198797/4194304,604937146143339827731706306012131/671088640000000000000000000000000,1
8,4,3/20,full_clamp,0,8,1,17,17,4,1607/32768,59066943224413682347/65536000000000000000,1
8,4,1/4,boundary_s0,4,0,70,84,5880,26,26569958449013842729265/604462909807314587353088,21387355994942152642842557298296244882302904342403/23384026197294446691258957323460528314494920687616,1
8,4,1/4,boundary_s1,3,1,280,96,26880,29,183325131937585250480639905/4951760157141521099596496896,2826669237463320709079161387627835545442740208230104850283/3138550867693340381917894711603833208051177722232017256448,1
8,4,1/4,boundary_s2,2,2,420,99,41580,30,115363514836481687360571315/2475880078570760549798248448,11385264630986629380185580568943779265724764007803310621059/12554203470773361527671578846415332832204710888928069025792,1
8,4,1/4,boundary_s3,1,3,280,96,26880,29,183325131937585250480639905/4951760157141521099596496896,2826669237463320709079161387627835545442740208230104850283/3138550867693340381917894711603833208051177722232017256448,1
8,4,1/4,boundary_s4,0,4,70,84,5880,26,26569958449013842729265/604462909807314587353088,21387355994942152642842557298296244882302904342403/23384026197294446691258957323460528314494920687616,1
8,4,1/4,containment_s5,0,5,56,81,4536,25,795606541748617987073/18889465931478580854784,166004869209846013798394332727343992659359050135/182687704666362864775460604089535377456991567872,1
8,4,1/4,containment_s6,0,6,28,74,2072,23,3132571668073075445/73786976294838206464,10122698923905562375428628342808868556339685/11150372599265311570767859136324180752990208,1
8,4,1/4,containment_s7,0,7,8,60,480,19,3584203906519219/72057594037927936,603147657093955078649154388183487435/664613997892457936451903530140172288,1
8,4,1/4,full_clamp,0,8,1,42,42,14,1496659417/34359738368,555786283484642355386633/604462909807314587353088,1
8,5,1/20,boundary_s0,5,0,56,19,1064,2,1337/32768,244699273200091417605281/262144000000000000000000,1
8,5,1/20,boundary_s1,4,1,280,22,6160,2,4445/131072,1898293659606070888764462041/2097152000000000000000000000,1
8,5,1/20,boundary_s2,3,2,560,26,14560,3,12915/262144,32254486455957996678753081103857/33554432000000000000000000000000,1
8,5,1/20,boundary_s3,2,3,560,26,14560,3,12915/262144,32254486455957996678753081103857/33554432000000000000000000000000,1
8,5,1/20,boundary_s4,1,4,280,22,6160,2,4445/131072,1898293659606070888764462041/2097152000000000000000000000,1
8,5,1/20,boundary_s5,0,5,56,19,1064,2,1337/32768,244699273200091417605281/262144000000000000000000,1
8,5,1/20,containment_s6,0,6,28,18,504,2,301/8192,15431615625867732474407/16384000000000000000000,1
8,5,1/20,containment_s7,0,7,8,16,128,2,137/4096,62722024833956407861/65536000000000000000,1
8,5,1/20,full_clamp,0,8,1,9,9,1,5/128,11888494133/12800000000,1
8,5,3/20,boundary_s0,5,0,56,37,2072,8,90542711/2147483648,623704295907377219707614669661501119183243181/687194767360000000000000000000000000000000000,1
8,5,3/20,boundary_s1,4,1,280,46,12880,10,96310222155/2199023255552,162818074041962138069723067264690875586475469639111576008807/175921860444160000000000000000000000000000000000000000000000,1
8,5,3/20,boundary_s2,3,2,560,48,26880,10,303904911485/8796093022208,127284343431166785096227807024764137712154493337155587860774751/140737488355328000000000000000000000000000000000000000000000000,1
8,5,3/20,boundary_s3,2,3,560,48,26880,10,303904911485/8796093022208,127284343431166785096227807024764137712154493337155587860774751/140737488355328000000000000000000000000000000000000000000000000,1
8,5,3/20,boundary_s4,1,4,280,46,12880,10,96310222155/2199023255552,162818074041962138069723067264690875586475469639111576008807/175921860444160000000000000000000000000000000000000000000000,1
8,5,3/20,boundary_s5,0,5,56,37,2072,8,90542711/2147483648,623704295907377219707614669661501119183243181/687194767360000000000000000000000000000000000,1
8,5,3/20,containment_s6,0,6,28,36,1008,8,71749153/2147483648,1580368633908757492947856944350258123231594191/1717986918400000000000000000000000000000000000,1
8,5,3/20,containment_s7,0,7,8,27,216,6,198797/4194304,604937146143339827731706306012131/671088640000000000000000000000000,1
8,5,3/20,full_clamp,0,8,1,17,17,4,1607/32768,59066943224413682347/65536000000000000000,1
8,5,1/4,boundary_s0,5,0,56,81,4536,25,795606541748617987073/18889465931478580854784,166004869209846013798394332727343992659359050135/182687704666362864775460604089535377456991567872,1
8,5,1/4,boundary_s1,4,1,280,96,26880,29,183325131937585250480639905/4951760157141521099596496896,2826669237463320709079161387627835545442740208230104850283/3138550867693340381917894711603833208051177722232017256448,1
8,5,1/4,boundary_s2,3,2,560,103,57680,31,91457679838700210826514675/2475880078570760549798248448,181320098004673936577135226704527061308577191396796573436719/200867255532373784442745261542645325315275374222849104412672,1
8,5,1/4,boundary_s3,2,3,560,103,57680,31,91457679838700210826514675/2475880078570760549798248448,181320098004673936577135226704527061308577191396796573436719/200867255532373784442745261542645325315275374222849104412672,1
8,5,1/4,boundary_s4,1,4,280,96,26880,29,183325131937585250480639905/4951760157141521099596496896,2826669237463320709079161387627835545442740208230104850283/3138550867693340381917894711603833208051177722232017256448,1
8,5,1/4,boundary_s5,0,5,56,81,4536,25,795606541748617987073/18889465931478580854784,166004869209846013798394332727343992659359050135/182687704666362864775460604089535377456991567872,1
8,5,1/4,containment_s6,0,6,28,74,2072,23,3132571668073075445/73786976294838206464,10122698923905562375428628342808868556339685/11150372599265311570767859136324180752990208,1
8,5,1/4,containment_s7,0,7,8,60,480,19,3584203906519219/72057594037927936,603147657093955078649154388183487435/664613997892457936451903530140172288,1
8,5,1/4,full_clamp,0,8,1,42,42,14,1496659417/34359738368,555786283484642355386633/604462909807314587353088,1
8,6,1/20,boundary_s0,6,0,28,18,504,2,301/8192,15431615625867732474407/16384000000000000000000,1
8,6,1/20,boundary_s1,5,1,168,21,3528,2,609/16384,11994169162440651134064599/13107200000000000000000000,1
8,6,1/20,boundary_s2,4,2,420,26,10920,3,38745/1048576,32254486455957996678753081103857/33554432000000000000000000000000,1
8,6,1/20,boundary_s3,3,3,560,26,14560,3,12915/262144,32254486455957996678753081103857/33554432000000000000000000000000,1
8,6,1/20,boundary_s4,2,4,420,26,10920,3,38745/1048576,32254486455957996678753081103857/33554432000000000000000000000000,1
8,6,1/20,boundary_s5,1,5,168,21,3528,2,609/16384,11994169162440651134064599/13107200000000000000000000,1
8,6,1/20,boundary_s6,0,6,28,18,504,2,301/8192,15431615625867732474407/16384000000000000000000,1
8,6,1/20,containment_s7,0,7,8,16,128,2,137/4096,62722024833956407861/65536000000000000000,1
8,6,1/20,full_clamp,0,8,1,9,9,1,5/128,11888494133/12800000000,1
8,6,3/20,boundary_s0,6,0,28,36,1008,8,71749153/2147483648,1580368633908757492947856944350258123231594191/1717986918400000000000000000000000000000000000,1
8,6,3/20,boundary_s1,5,1,168,42,7056,9,12539542911/274877906944,400844266087307031258167920438768609048657884454258003/439804651110400000000000000000000000000000000000000000,1
8,6,3/20,boundary_s2,4,2,420,47,19740,10,727705871655/17592186044416,644131666883319102096288455803971621076354685713039799143453/703687441776640000000000000000000000000000000000000000000000,1
8,6,3/20,boundary_s3,3,3,560,48,26880,10,303904911485/8796093022208,127284343431166785096227807024764137712154493337155587860774751/140737488355328000000000000000000000000000000000000000000000000,1
8,6,3/20,boundary_s4,2,4,420,47,19740,10,727705871655/17592186044416,644131666883319102096288455803971621076354685713039799143453/703687441776640000000000000000000000000000000000000000000000,1
8,6,3/20,boundary_s5,1,5,168,42,7056,9,12539542911/274877906944,400844266087307031258167920438768609048657884454258003/439804651110400000000000000000000000000000000000000000,1
8,6,3/20,boundary_s6,0,6,28,36,1008,8,71749153/2147483648,1580368633908757492947856944350258123231594191/1717986918400000000000000000000000000000000000,1
8,6,3/20,containment_s7,0,7,8,27,216,6,198797/4194304,604937146143339827731706306012131/671088640000000000000000000000000,1
8,6,3/20,full_clamp,0,8,1,17,17,4,1607/32768,59066943224413682347/65536000000000000000,1
8,6,1/4,boundary_s0,6,0,28,74,2072,23,3132571668073075445/73786976294838206464,10122698923905562375428628342808868556339685/11150372599265311570767859136324180752990208,1
8,6,1/4,boundary_s1,5,1,168,92,15456,28,723038024856294349726839/19342813113834066795298816,693581709570700495868700283698485869360479729904408715/766247770432944429179173513575154591809369561091801088,1
8,6,1/4,boundary_s2,4,2,420,99,41580,30,115363514836481687360571315/2475880078570760549798248448,11385264630986629380185580568943779265724764007803310621059/12554203470773361527671578846415332832204710888928069025792,1
8,6,1/4,boundary_s3,3,3,560,103,57680,31,91457679838700210826514675/2475880078570760549798248448,181320098004673936577135226704527061308577191396796573436719/200867255532373784442745261542645325315275374222849104412672,1
8,6,1/4,boundary_s4,2,4,420,99,41580,30,115363514836481687360571315/2475880078570760549798248448,11385264630986629380185580568943779265724764007803310621059/12554203470773361527671578846415332832204710888928069025792,1
8,6,1/4,boundary_s5,1,5,168,92,15456,28,723038024856294349726839/19342813113834066795298816,693581709570700495868700283698485869360479729904408715/766247770432944429179173513575154591809369561091801088,1
8,6,1/4,boundary_s6,0,6,28,74,2072,23,3132571668073075445/73786976294838206464,10122698923905562375428628342808868556339685/11150372599265311570767859136324180752990208,1
8,6,1/4,containment_s7,0,7,8,60,480,19,3584203906519219/72057594037927936,603147657093955078649154388183487435/664613997892457936451903530140172288,1
8,6,1/4,full_clamp,0,8,1,42,42,14,1496659417/34359738368,555786283484642355386633/604462909807314587353088,1
12,3,1/20,boundary_s0,3,0,220,21,4620,2,1595/32768,11994169162440651134064599/13107200000000000000000000,1
12,3,1/20,boundary_s1,2,1,660,27,17820,3,68145/2097152,3208689719779354665604173407543/3355443200000000000000000000000,1
12,3,1/20,boundary_s2,1,2,660,27,17820,3,68145/2097152,3208689719779354665604173407543/3355443200000000000000000000000,1
12,3,1/20,boundary_s3,0,3,220,21,4620,2,1595/32768,11994169162440651134064599/13107200000000000000000000,1
12,3,1/20,containment_s4,0,4,495,26,12870,3,182655/4194304,32254486455957996678753081103857/33554432000000000000000000000000,1
12,3,1/20,containment_s5,0,5,792,27,21384,3,40887/1048576,3208689719779354665604173407543/3355443200000000000000000000000,1
12,3,1/20,containment_s6,0,6,924,27,24948,3,95403/2097152,3208689719779354665604173407543/3355443200000000000000000000000,1
12,3,1/20,containment_s7,0,7,792,27,21384,3,40887/1048576,3208689719779354665604173407543/3355443200000000000000000000000,1
12,3,1/20,containment_s8,0,8,495,26,12870,3,182655/4194304,32254486455957996678753081103857/33554432000000000000000000000000,1
12,3,1/20,containment_s9,0,9,220,21,4620,2,1595/32768,11994169162440651134064599/13107200000000000000000000,1
12,3,1/20,containment_s10,0,10,66,19,1254,2,6303/131072,244699273200091417605281/262144000000000000000000,1
12,3,1/20,containment_s11,0,11,12,17,204,2,231/8192,62242620822486673273/65536000000000000000,1
12,3,1/20,full_clamp,0,12,1,9,9,1,5/128,11888494133/12800000000,1
12,3,3/20,boundary_s0,3,0,220,46,10120,10,151344634815/4398046511104,162818074041962138069723067264690875586475469639111576008807/175921860444160000000000000000000000000000000000000000000000,1
12,3,3/20,boundary_s1,2,1,660,48,31680,10,1432694582715/35184372088832,127284343431166785096227807024764137712154493337155587860774751/140737488355328000000000000000000000000000000000000000000000000,1
12,3,3/20,boundary_s2,1,2,660,48,31680,10,1432694582715/35184372088832,127284343431166785096227807024764137712154493337155587860774751/140737488355328000000000000000000000000000000000000000000000000,1
12,3,3/20,boundary_s3,0,3,220,46,10120,10,151344634815/4398046511104,162818074041962138069723067264690875586475469639111576008807/175921860444160000000000000000000000000000000000000000000000,1
12,3,3/20,containment_s4,0,4,495,47,23265,10,3430613394945/70368744177664,644131666883319102096288455803971621076354685713039799143453/703687441776640000000000000000000000000000000000000000000000,1
12,3,3/20,containment_s5,0,5,792,48,38016,10,859616749629/17592186044416,127284343431166785096227807024764137712154493337155587860774751/140737488355328000000000000000000000000000000000000000000000000,1
12,3,3/20,containment_s6,0,6,924,52,48048,11,9333832529637/281474976710656,2070167326889957226279082778058028867125573691699126832800894604663/2251799813685248000000000000000000000000000000000000000000000000000,1
12,3,3/20,containment_s7,0,7,792,48,38016,10,859616749629/17592186044416,127284343431166785096227807024764137712154493337155587860774751/140737488355328000000000000000000000000000000000000000000000000,1
12,3,3/20,containment_s8,0,8,495,47,23265,10,3430613394945/70368744177664,644131666883319102096288455803971621076354685713039799143453/703687441776640000000000000000000000000000000000000000000000,1
12,3,3/20,containment_s9,0,9,220,46,10120,10,151344634815/4398046511104,162818074041962138069723067264690875586475469639111576008807/175921860444160000000000000000000000000000000000000000000000,1
12,3,3/20,containment_s10,0,10,66,37,2442,8,426844209/8589934592,623704295907377219707614669661501119183243181/687194767360000000000000000000000000000000000,1
12,3,3/20,containment_s11,0,11,12,31,372,7,20931/524288,3079611059988922302020436617127481433/3355443200000000000000000000000000000,1
12,3,3/20,full_clamp,0,12,1,17,17,4,1607/32768,59066943224413682347/65536000000000000000,1
12,3,1/4,boundary_s0,3,0,220,92,20240,28,1893671017480770915951245/38685626227668133590597632,693581709570700495868700283698485869360479729904408715/766247770432944429179173513575154591809369561091801088,1
12,3,1/4,boundary_s1,2,1,660,103,67980,31,431157633525300993896426325/9903520314283042199192993792,181320098004673936577135226704527061308577191396796573436719/200867255532373784442745261542645325315275374222849104412672,1
12,3,1/4,boundary_s2,1,2,660,103,67980,31,431157633525300993896426325/9903520314283042199192993792,181320098004673936577135226704527061308577191396796573436719/200867255532373784442745261542645325315275374222849104412672,1
12,3,1/4,boundary_s3,0,3,220,92,20240,28,1893671017480770915951245/38685626227668133590597632,693581709570700495868700283698485869360479729904408715/766247770432944429179173513575154591809369561091801088,1
12,3,1/4,containment_s4,0,4,495,102,50490,31,7300537916435069176591778475/158456325028528675187087900672,733346038122319600530143481197623137902501126271742108188671/803469022129495137770981046170581301261101496891396417650688,1
12,3,1/4,containment_s5,0,5,792,106,83952,32,222561301125991213321064454105/5070602400912917605986812821504,2990633654832528521686628474206531750210422871965569470416737471/3291009114642412084309938365114701009965471731267159726697218048,1
12,3,1/4,containment_s6,0,6,924,109,100716,33,1744999097344738184817948227763/40564819207303340847894502572032,48147257393876279582136144398742613137978970123293960573659832053/52656145834278593348959013841835216159447547700274555627155488768,1
12,3,1/4,containment_s7,0,7,792,106,83952,32,222561301125991213321064454105/5070602400912917605986812821504,2990633654832528521686628474206531750210422871965569470416737471/3291009114642412084309938365114701009965471731267159726697218048,1
12,3,1/4,containment_s8,0,8,495,102,50490,31,7300537916435069176591778475/158456325028528675187087900672,733346038122319600530143481197623137902501126271742108188671/803469022129495137770981046170581301261101496891396417650688,1
12,3,1/4,containment_s9,0,9,220,92,20240,28,1893671017480770915951245/38685626227668133590597632,693581709570700495868700283698485869360479729904408715/766247770432944429179173513575154591809369561091801088,1
12,3,1/4,containment_s10,0,10,66,81,5346,25,3750716553957770510487/75557863725914323419136,166004869209846013798394332727343992659359050135/182687704666362864775460604089535377456991567872,1
12,3,1/4,containment_s11,0,11,12,64,768,20,102101739975697647/2305843009213693952,153249914540861994160588859030349088805/170141183460469231731687303715884105728,1
12,3,1/4,full_clamp,0,12,1,42,42,14,1496659417/34359738368,555786283484642355386633/604462909807314587353088,1
12,4,1/20,boundary_s0,4,0,495,26,12870,3,182655/4194304,32254486455957996678753081103857/33554432000000000000000000000000,1
12,4,1/20,boundary_s1,3,1,1980,29,57420,3,1012275/33554432,1268688482128343454037710953889999917/1342177280000000000000000000000000000,1
12,4,1/20,boundary_s2,2,2,2970,29,86130,3,3036825/67108864,1268688482128343454037710953889999917/1342177280000000000000000000000000000,1
12,4,1/20,boundary_s3,1,3,1980,29,57420,3,1012275/33554432,1268688482128343454037710953889999917/1342177280000000000000000000000000000,1
12,4,1/20,boundary_s4,0,4,495,26,12870,3,182655/4194304,32254486455957996678753081103857/33554432000000000000000000000000,1
12,4,1/20,containment_s5,0,5,792,27,21384,3,40887/1048576,3208689719779354665604173407543/3355443200000000000000000000000,1
12,4,1/20,containment_s6,0,6,924,27,24948,3,95403/2097152,3208689719779354665604173407543/3355443200000000000000000000000,1
12,4,1/20,containment_s7,0,7,792,27,21384,3,40887/1048576,3208689719779354665604173407543/3355443200000000000000000000000,1
12,4,1/20,containment_s8,0,8,495,26,12870,3,182655/4194304,32254486455957996678753081103857/33554432000000000000000000000000,1
12,4,1/20,containment_s9,0,9,220,21,4620,2,1595/32768,11994169162440651134064599/13107200000000000000000000,1
12,4,1/20,containment_s10,0,10,66,19,1254,2,6303/131072,244699273200091417605281/262144000000000000000000,1
12,4,1/20,containment_s11,0,11,12,17,204,2,231/8192,62242620822486673273/65536000000000000000,1
12,4,1/20,full_clamp,0,12,1,9,9,1,5/128,11888494133/12800000000,1
12,4,3/20,boundary_s0,4,0,495,47,23265,10,3430613394945/70368744177664,644131666883319102096288455803971621076354685713039799143453/703687441776640000000000000000000000000000000000000000000000,1
12,4,3/20,boundary_s1,3,1,1980,53,104940,11,12526108262415/281474976710656,409526392435257307874911816617053889260761432164213328980479568289/450359962737049600000000000000000000000000000000000000000000000000,1
12,4,3/20,boundary_s2,2,2,2970,57,169290,12,87794310992355/2251799813685248,16631906216175891154576053704672046732176453094531486606346374441948223/18014398509481984000000000000000000000000000000000000000000000000000000,1
12,4,3/20,boundary_s3,1,3,1980,53,104940,11,12526108262415/281474976710656,409526392435257307874911816617053889260761432164213328980479568289/450359962737049600000000000000000000000000000000000000000000000000,1
12,4,3/20,boundary_s4,0,4,495,47,23265,10,3430613394945/70368744177664,644131666883319102096288455803971621076354685713039799143453/703687441776640000000000000000000000000000000000000000000000,1
12,4,3/20,containment_s5,0,5,792,48,38016,10,859616749629/17592186044416,127284343431166785096227807024764137712154493337155587860774751/140737488355328000000000000000000000000000000000000000000000000,1
12,4,3/20,containment_s6,0,6,924,52,48048,11,9333832529637/281474976710656,2070167326889957226279082778058028867125573691699126832800894604663/2251799813685248000000000000000000000000000000000000000000000000000,1
12,4,3/20,containment_s7,0,7,792,48,38016,10,859616749629/17592186044416,127284343431166785096227807024764137712154493337155587860774751/140737488355328000000000000000000000000000000000000000000000000,1
12,4,3/20,containment_s8,0,8,495,47,23265,10,3430613394945/70368744177664,644131666883319102096288455803971621076354685713039799143453/703687441776640000000000000000000000000000000000000000000000,1
12,4,3/20,containment_s9,0,9,220,46,10120,10,151344634815/4398046511104,162818074041962138069723067264690875586475469639111576008807/175921860444160000000000000000000000000000000000000000000000,1
12,4,3/20,containment_s10,0,10,66,37,2442,8,426844209/8589934592,623704295907377219707614669661501119183243181/687194767360000000000000000000000000000000000,1
12,4,3/20,containment_s11,0,11,12,31,372,7,20931/524288,3079611059988922302020436617127481433/3355443200000000000000000000000000000,1
12,4,3/20,full_clamp,0,12,1,17,17,4,1607/32768,59066943224413682347/65536000000000000000,1
12,4,1/4,boundary_s0,4,0,495,102,50490,31,7300537916435069176591778475/158456325028528675187087900672,733346038122319600530143481197623137902501126271742108188671/803469022129495137770981046170581301261101496891396417650688,1
12,4,1/4,boundary_s1,3,1,1980,114,225720,34,25183164645981715199053266601155/649037107316853453566312041152512,24290910506908250998718361492762733559808205263669647648401410640231/26959946667150639794667015087019630673637144422540572481103610249216,1
12,4,1/4,boundary_s2,2,2,2970,117,347490,35,1018049001767106760445386050116865/20769187434139310514121985316880384,3129948012249826664285581441482924306216353214621439694459842987341989/3450873173395281893717377931138512726225554486085193277581262111899648,1
12,4,1/4,boundary_s3,1,3,1980,114,225720,34,25183164645981715199053266601155/649037107316853453566312041152512,24290910506908250998718361492762733559808205263669647648401410640231/26959946667150639794667015087019630673637144422540572481103610249216,1
12,4,1/4,boundary_s4,0,4,495,102,50490,31,7300537916435069176591778475/158456325028528675187087900672,733346038122319600530143481197623137902501126271742108188671/803469022129495137770981046170581301261101496891396417650688,1
12,4,1/4,containment_s5,0,5,792,106,83952,32,222561301125991213321064454105/5070602400912917605986812821504,2990633654832528521686628474206531750210422871965569470416737471/3291009114642412084309938365114701009965471731267159726697218048,1
12,4,1/4,containment_s6,0,6,924,109,100716,33,1744999097344738184817948227763/40564819207303340847894502572032,48147257393876279582136144398742613137978970123293960573659832053/52656145834278593348959013841835216159447547700274555627155488768,1
12,4,1/4,containment_s7,0,7,792,106,83952,32,222561301125991213321064454105/5070602400912917605986812821504,2990633654832528521686628474206531750210422871965569470416737471/3291009114642412084309938365114701009965471731267159726697218048,1
12,4,1/4,containment_s8,0,8,495,102,50490,31,7300537916435069176591778475/158456325028528675187087900672,733346038122319600530143481197623137902501126271742108188671/803469022129495137770981046170581301261101496891396417650688,1
12,4,1/4,containment_s9,0,9,220,92,20240,28,1893671017480770915951245/38685626227668133590597632,693581709570700495868700283698485869360479729904408715/766247770432944429179173513575154591809369561091801088,1
12,4,1/4,containment_s10,0,10,66,81,5346,25,3750716553957770510487/75557863725914323419136,166004869209846013798394332727343992659359050135/182687704666362864775460604089535377456991567872,1
12,4,1/4,containment_s11,0,11,12,64,768,20,102101739975697647/2305843009213693952,153249914540861994160588859030349088805/170141183460469231731687303715884105728,1
12,4,1/4,full_clamp,0,12,1,42,42,14,1496659417/34359738368,555786283484642355386633/604462909807314587353088,1
12,5,1/20,boundary_s0,5,0,792,27,21384,3,40887/1048576,3208689719779354665604173407543/3355443200000000000000000000000,1
12,5,1/20,boundary_s1,4,1,3960,30,118800,3,1120185/33554432,252122214228255473989500026077047454273/268435456000000000000000000000000000000,1
12,5,1/20,boundary_s2,3,2,7920,31,245520,3,19305/524288,62604245754968714059280546389873597107/67108864000000000000000000000000000000,1
12,5,1/20,boundary_s3,2,3,7920,31,245520,3,19305/524288,62604245754968714059280546389873597107/67108864000000000000000000000000000000,1
12,5,1/20,boundary_s4,1,4,3960,30,118800,3,1120185/33554432,252122214228255473989500026077047454273/268435456000000000000000000000000000000,1
12,5,1/20,boundary_s5,0,5,792,27,21384,3,40887/1048576,3208689719779354665604173407543/3355443200000000000000000000000,1
12,5,1/20,containment_s6,0,6,924,27,24948,3,95403/2097152,3208689719779354665604173407543/3355443200000000000000000000000,1
12,5,1/20,containment_s7,0,7,792,27,21384,3,40887/1048576,3208689719779354665604173407543/3355443200000000000000000000000,1
12,5,1/20,containment_s8,0,8,495,26,12870,3,182655/4194304,32254486455957996678753081103857/33554432000000000000000000000000,1
12,5,1/20,containment_s9,0,9,220,21,4620,2,1595/32768,11994169162440651134064599/13107200000000000000000000,1
12,5,1/20,containment_s10,0,10,66,19,1254,2,6303/131072,244699273200091417605281/262144000000000000000000,1
12,5,1/20,containment_s11,0,11,12,17,204,2,231/8192,62242620822486673273/65536000000000000000,1
12,5,1/20,full_clamp,0,12,1,9,9,1,5/128,11888494133/12800000000,1
12,5,3/20,boundary_s0,5,0,792,48,38016,10,859616749629/17592186044416,127284343431166785096227807024764137712154493337155587860774751/140737488355328000000000000000000000000000000000000000000000000,1
12,5,3/20,boundary_s1,4,1,3960,58,229680,12,146591579227005/4503599627370496,65866455761346270594918473823800447770672138918336439726370825195523018621/72057594037927936000000000000000000000000000000000000000000000000000000000,1
12,5,3/20,boundary_s2,3,2,7920,59,467280,12,182823553273185/4503599627370496,130315709922887558783188381993623192316718461585418863161333794487859826681/144115188075855872000000000000000000000000000000000000000000000000000000000,1
12,5,3/20,boundary_s3,2,3,7920,59,467280,12,182823553273185/4503599627370496,130315709922887558783188381993623192316718461585418863161333794487859826681/144115188075855872000000000000000000000000000000000000000000000000000000000,1
12,5,3/20,boundary_s4,1,4,3960,58,229680,12,146591579227005/4503599627370496,65866455761346270594918473823800447770672138918336439726370825195523018621/72057594037927936000000000000000000000000000000000000000000000000000000000,1
12,5,3/20,boundary_s5,0,5,792,48,38016,10,859616749629/17592186044416,127284343431166785096227807024764137712154493337155587860774751/140737488355328000000000000000000000000000000000000000000000000,1
12,5,3/20,containment_s6,0,6,924,52,48048,11,9333832529637/281474976710656,2070167326889957226279082778058028867125573691699126832800894604663/2251799813685248000000000000000000000000000000000000000000000000000,1
12,5,3/20,containment_s7,0,7,792,48,38016,10,859616749629/17592186044416,127284343431166785096227807024764137712154493337155587860774751/140737488355328000000000000000000000000000000000000000000000000,1
12,5,3/20,containment_s8,0,8,495,47,23265,10,3430613394945/70368744177664,644131666883319102096288455803971621076354685713039799143453/703687441776640000000000000000000000000000000000000000000000,1
12,5,3/20,containment_s9,0,9,220,46,10120,10,151344634815/4398046511104,162818074041962138069723067264690875586475469639111576008807/175921860444160000000000000000000000000000000000000000000000,1
12,5,3/20,containment_s10,0,10,66,37,2442,8,426844209/8589934592,623704295907377219707614669661501119183243181/687194767360000000000000000000000000000000000,1
12,5,3/20,containment_s11,0,11,12,31,372,7,20931/524288,3079611059988922302020436617127481433/3355443200000000000000000000000000000,1
12,5,3/20,full_clamp,0,12,1,17,17,4,1607/32768,59066943224413682347/65536000000000000000,1
12,5,1/4,boundary_s0,5,0,792,106,83952,32,222561301125991213321064454105/5070602400912917605986812821504,2990633654832528521686628474206531750210422871965569470416737471/3291009114642412084309938365114701009965471731267159726697218048,1
12,5,1/4,boundary_s1,4,1,3960,121,479160,36,1614487152891571149115096003589175/41538374868278621028243970633760768,399055439880886198440058722372538268673802310368560665469534821436249025/441711766194596082395824375185729628956870974218904739530401550323154944,1
12,5,1/4,boundary_s2,3,2,7920,128,1013760,38,414601659330299722067452449663712635/10633823966279326983230456482242756608,52445555550515825008882443267310377938604575734242036562942186432451529611573/57896044618658097711785492504343953926634992332820282019728792003956564819968,1
12,5,1/4,boundary_s3,2,3,7920,128,1013760,38,414601659330299722067452449663712635/10633823966279326983230456482242756608,52445555550515825008882443267310377938604575734242036562942186432451529611573/57896044618658097711785492504343953926634992332820282019728792003956564819968,1
12,5,1/4,boundary_s4,1,4,3960,121,479160,36,1614487152891571149115096003589175/41538374868278621028243970633760768,399055439880886198440058722372538268673802310368560665469534821436249025/441711766194596082395824375185729628956870974218904739530401550323154944,1
12,5,1/4,boundary_s5,0,5,792,106,83952,32,222561301125991213321064454105/5070602400912917605986812821504,2990633654832528521686628474206531750210422871965569470416737471/3291009114642412084309938365114701009965471731267159726697218048,1
12,5,1/4,containment_s6,0,6,924,109,100716,33,1744999097344738184817948227763/40564819207303340847894502572032,48147257393876279582136144398742613137978970123293960573659832053/52656145834278593348959013841835216159447547700274555627155488768,1
12,5,1/4,containment_s7,0,7,792,106,83952,32,222561301125991213321064454105/5070602400912917605986812821504,2990633654832528521686628474206531750210422871965569470416737471/3291009114642412084309938365114701009965471731267159726697218048,1
12,5,1/4,containment_s8,0,8,495,102,50490,31,7300537916435069176591778475/158456325028528675187087900672,733346038122319600530143481197623137902501126271742108188671/803469022129495137770981046170581301261101496891396417650688,1
12,5,1/4,containment_s9,0,9,220,92,20240,28,1893671017480770915951245/38685626227668133590597632,693581709570700495868700283698485869360479729904408715/766247770432944429179173513575154591809369561091801088,1
12,5,1/4,containment_s10,0,10,66,81,5346,25,3750716553957770510487/75557863725914323419136,166004869209846013798394332727343992659359050135/182687704666362864775460604089535377456991567872,1
12,5,1/4,containment_s11,0,11,12,64,768,20,102101739975697647/2305843009213693952,153249914540861994160588859030349088805/170141183460469231731687303715884105728,1
12,5,1/4,full_clamp,0,12,1,42,42,14,1496659417/34359738368,555786283484642355386633/604462909807314587353088,1
12,6,1/20,boundary_s0,6,0,924,27,24948,3,95403/2097152,3208689719779354665604173407543/3355443200000000000000000000000,1
12,6,1/20,boundary_s1,5,1,5544,30,166320,3,1568259/33554432,252122214228255473989500026077047454273/268435456000000000000000000000000000000,1
12,6,1/20,boundary_s2,4,2,13860,32,443520,3,19019385/536870912,39779751231255353039039393099566226352061/42949672960000000000000000000000000000000,1
12,6,1/20,boundary_s3,3,3,18480,32,591360,3,6339795/134217728,39779751231255353039039393099566226352061/42949672960000000000000000000000000000000,1
12,6,1/20,boundary_s4,2,4,13860,32,443520,3,19019385/536870912,39779751231255353039039393099566226352061/42949672960000000000000000000000000000000,1
12,6,1/20,boundary_s5,1,5,5544,30,166320,3,1568259/33554432,252122214228255473989500026077047454273/268435456000000000000000000000000000000,1
12,6,1/20,boundary_s6,0,6,924,27,24948,3,95403/2097152,3208689719779354665604173407543/3355443200000000000000000000000,1
12,6,1/20,containment_s7,0,7,792,27,21384,3,40887/1048576,3208689719779354665604173407543/3355443200000000000000000000000,1
12,6,1/20,containment_s8,0,8,495,26,12870,3,182655/4194304,32254486455957996678753081103857/33554432000000000000000000000000,1
12,6,1/20,containment_s9,0,9,220,21,4620,2,1595/32768,11994169162440651134064599/13107200000000000000000000,1
12,6,1/20,containment_s10,0,10,66,19,1254,2,6303/131072,244699273200091417605281/262144000000000000000000,1
12,6,1/20,containment_s11,0,11,12,17,204,2,231/8192,62242620822486673273/65536000000000000000,1
12,6,1/20,full_clamp,0,12,1,9,9,1,5/128,11888494133/12800000000,1
12,6,3/20,boundary_s0,6,0,924,52,48048,11,9333832529637/281474976710656,2070167326889957226279082778058028867125573691699126832800894604663/2251799813685248000000000000000000000000000000000000000000000000000,1
12,6,3/20,boundary_s1,5,1,5544,58,321552,12,205228210917807/4503599627370496,65866455761346270594918473823800447770672138918336439726370825195523018621/72057594037927936000000000000000000000000000000000000000000000000000000000,1
12,6,3/20,boundary_s2,4,2,13860,63,873180,13,753021599552145/18014398509481984,4236442098593202981007770476839304386816006884517203226173014661443339822602039/4611686018427387904000000000000000000000000000000000000000000000000000000000000,1
12,6,3/20,boundary_s3,3,3,18480,64,1182720,13,20037879888171915/576460752303423488,83895169667720589350768618672996241053326495781540495793182302109838943225471365209/92233720368547758080000000000000000000000000000000000000000000000000000000000000000,1
12,6,3/20,boundary_s4,2,4,13860,63,873180,13,753021599552145/18014398509481984,4236442098593202981007770476839304386816006884517203226173014661443339822602039/4611686018427387904000000000000000000000000000000000000000000000000000000000000,1
12,6,3/20,boundary_s5,1,5,5544,58,321552,12,205228210917807/4503599627370496,65866455761346270594918473823800447770672138918336439726370825195523018621/72057594037927936000000000000000000000000000000000000000000000000000000000,1
12,6,3/20,boundary_s6,0,6,924,52,48048,11,9333832529637/281474976710656,2070167326889957226279082778058028867125573691699126832800894604663/2251799813685248000000000000000000000000000000000000000000000000000,1
12,6,3/20,containment_s7,0,7,792,48,38016,10,859616749629/17592186044416,127284343431166785096227807024764137712154493337155587860774751/140737488355328000000000000000000000000000000000000000000000000,1
12,6,3/20,containment_s8,0,8,495,47,23265,10,3430613394945/70368744177664,644131666883319102096288455803971621076354685713039799143453/703687441776640000000000000000000000000000000000000000000000,1
12,6,3/20,containment_s9,0,9,220,46,10120,10,151344634815/4398046511104,162818074041962138069723067264690875586475469639111576008807/175921860444160000000000000000000000000000000000000000000000,1
12,6,3/20,containment_s10,0,10,66,37,2442,8,426844209/8589934592,623704295907377219707614669661501119183243181/687194767360000000000000000000000000000000000,1
12,6,3/20,containment_s11,0,11,12,31,372,7,20931/524288,3079611059988922302020436617127481433/3355443200000000000000000000000000000,1
12,6,3/20,full_clamp,0,12,1,17,17,4,1607/32768,59066943224413682347/65536000000000000000,1
12,6,1/4,boundary_s0,6,0,924,109,100716,33,1744999097344738184817948227763/40564819207303340847894502572032,48147257393876279582136144398742613137978970123293960573659832053/52656145834278593348959013841835216159447547700274555627155488768,1
12,6,1/4,boundary_s1,5,1,5544,124,687456,37,30487131656717555193668399269405395/664613997892457936451903530140172288,102811522244201396168422632067383323045960993096398943510469894822416983423/113078212145816597093331040047546785012958969400039613319782796882727665664,1
12,6,1/4,boundary_s2,4,2,13860,132,1829520,39,1725613232976792099132768668545725195/42535295865117307932921825928971026432,418042438392760072130168188454083257765191754897714298777054007071689663596959/463168356949264781694283940034751631413079938662562256157830336031652518559744,1
12,6,1/4,boundary_s3,3,3,18480,135,2494800,40,3886659180548380517940775023916249395/85070591730234615865843651857942052864,26923640205707758532494957986482195824585869426682022389906045429039372097419051/29642774844752946028434172162224104410437116074403984394101141506025761187823616,1
12,6,1/4,boundary_s4,2,4,13860,132,1829520,39,1725613232976792099132768668545725195/42535295865117307932921825928971026432,418042438392760072130168188454083257765191754897714298777054007071689663596959/463168356949264781694283940034751631413079938662562256157830336031652518559744,1
12,6,1/4,boundary_s5,1,5,5544,124,687456,37,30487131656717555193668399269405395/664613997892457936451903530140172288,102811522244201396168422632067383323045960993096398943510469894822416983423/113078212145816597093331040047546785012958969400039613319782796882727665664,1
12,6,1/4,boundary_s6,0,6,924,109,100716,33,1744999097344738184817948227763/40564819207303340847894502572032,48147257393876279582136144398742613137978970123293960573659832053/52656145834278593348959013841835216159447547700274555627155488768,1
12,6,1/4,containment_s7,0,7,792,106,83952,32,222561301125991213321064454105/5070602400912917605986812821504,2990633654832528521686628474206531750210422871965569470416737471/3291009114642412084309938365114701009965471731267159726697218048,1
12,6,1/4,containment_s8,0,8,495,102,50490,31,7300537916435069176591778475/158456325028528675187087900672,733346038122319600530143481197623137902501126271742108188671/803469022129495137770981046170581301261101496891396417650688,1
12,6,1/4,containment_s9,0,9,220,92,20240,28,1893671017480770915951245/38685626227668133590597632,693581709570700495868700283698485869360479729904408715/766247770432944429179173513575154591809369561091801088,1
12,6,1/4,containment_s10,0,10,66,81,5346,25,3750716553957770510487/75557863725914323419136,166004869209846013798394332727343992659359050135/182687704666362864775460604089535377456991567872,1
12,6,1/4,containment_s11,0,11,12,64,768,20,102101739975697647/2305843009213693952,153249914540861994160588859030349088805/170141183460469231731687303715884105728,1
12,6,1/4,full_clamp,0,12,1,42,42,14,1496659417/34359738368,555786283484642355386633/604462909807314587353088,1
16,3,1/20,boundary_s0,3,0,560,26,14560,3,12915/262144,32254486455957996678753081103857/33554432000000000000000000000000,1
16,3,1/20,boundary_s1,2,1,1680,28,47040,3,386715/8388608,51052457885008465110830371239305843/53687091200000000000000000000000000,1
16,3,1/20,boundary_s2,1,2,1680,28,47040,3,386715/8388608,51052457885008465110830371239305843/53687091200000000000000000000000000,1
16,3,1/20,boundary_s3,0,3,560,26,14560,3,12915/262144,32254486455957996678753081103857/33554432000000000000000000000000,1
16,3,1/20,containment_s4,0,4,1820,28,50960,3,1675765/33554432,51052457885008465110830371239305843/53687091200000000000000000000000000,1
16,3,1/20,containment_s5,0,5,4368,30,131040,3,617799/16777216,252122214228255473989500026077047454273/268435456000000000000000000000000000000,1
16,3,1/20,containment_s6,0,6,8008,31,248248,3,39039/1048576,62604245754968714059280546389873597107/67108864000000000000000000000000000000,1
16,3,1/20,containment_s7,0,7,11440,32,366080,3,3924635/134217728,39779751231255353039039393099566226352061/42949672960000000000000000000000000000000,1
16,3,1/20,containment_s8,0,8,12870,32,411840,3,35321715/1073741824,39779751231255353039039393099566226352061/42949672960000000000000000000000000000000,1
16,3,1/20,containment_s9,0,9,11440,32,366080,3,3924635/134217728,39779751231255353039039393099566226352061/42949672960000000000000000000000000000000,1
16,3,1/20,containment_s10,0,10,8008,31,248248,3,39039/1048576,62604245754968714059280546389873597107/67108864000000000000000000000000000000,1
16,3,1/20,containment_s11,0,11,4368,30,131040,3,617799/16777216,252122214228255473989500026077047454273/268435456000000000000000000000000000000,1
16,3,1/20,containment_s12,0,12,1820,28,50960,3,1675765/33554432,51052457885008465110830371239305843/53687091200000000000000000000000000,1
16,3,1/20,containment_s13,0,13,560,26,14560,3,12915/262144,32254486455957996678753081103857/33554432000000000000000000000000,1
16,3,1/20,containment_s14,0,14,120,20,2400,2,3165/65536,48471281563677682933571971/52428800000000000000000000,1
16,3,1/20,containment_s15,0,15,16,17,272,2,77/2048,62242620822486673273/65536000000000000000,1
16,3,1/20,full_clamp,0,16,1,9,9,1,5/128,11888494133/12800000000,1
16,3,3/20,boundary_s0,3,0,560,48,26880,10,303904911485/8796093022208,127284343431166785096227807024764137712154493337155587860774751/140737488355328000000000000000000000000000000000000000000000000,1
16,3,3/20,boundary_s1,2,1,1680,53,89040,11,2657053267785/70368744177664,409526392435257307874911816617053889260761432164213328980479568289/450359962737049600000000000000000000000000000000000000000000000000,1
16,3,3/20,boundary_s2,1,2,1680,53,89040,11,2657053267785/70368744177664,409526392435257307874911816617053889260761432164213328980479568289/450359962737049600000000000000000000000000000000000000000000000000,1
16,3,3/20,boundary_s3,0,3,560,48,26880,10,303904911485/8796093022208,127284343431166785096227807024764137712154493337155587860774751/140737488355328000000000000000000000000000000000000000000000000,1
16,3,3/20,containment_s4,0,4,1820,53,96460,11,11513897493735/281474976710656,409526392435257307874911816617053889260761432164213328980479568289/450359962737049600000000000000000000000000000000000000000000000000,1
16,3,3/20,containment_s5,0,5,4368,58,253344,12,80847477028227/2251799813685248,65866455761346270594918473823800447770672138918336439726370825195523018621/72057594037927936000000000000000000000000000000000000000000000000000000000,1
16,3,3/20,containment_s6,0,6,8008,59,472472,12,369709852174663/9007199254740992,130315709922887558783188381993623192316718461585418863161333794487859826681/144115188075855872000000000000000000000000000000000000000000000000000000000,1
16,3,3/20,containment_s7,0,7,11440,63,720720,13,155385409431395/4503599627370496,4236442098593202981007770476839304386816006884517203226173014661443339822602039/4611686018427387904000000000000000000000000000000000000000000000000000000000000,1
16,3,3/20,containment_s8,0,8,12870,63,810810,13,1398468684882555/36028797018963968,4236442098593202981007770476839304386816006884517203226173014661443339822602039/4611686018427387904000000000000000000000000000000000000000000000000000000000000,1
16,3,3/20,containment_s9,0,9,11440,63,720720,13,155385409431395/4503599627370496,4236442098593202981007770476839304386816006884517203226173014661443339822602039/4611686018427387904000000000000000000000000000000000000000000000000000000000000,1
16,3,3/20,containment_s10,0,10,8008,59,472472,12,369709852174663/9007199254740992,130315709922887558783188381993623192316718461585418863161333794487859826681/144115188075855872000000000000000000000000000000000000000000000000000000000,1
16,3,3/20,containment_s11,0,11,4368,58,253344,12,80847477028227/2251799813685248,65866455761346270594918473823800447770672138918336439726370825195523018621/72057594037927936000000000000000000000000000000000000000000000000000000000,1
16,3,3/20,containment_s12,0,12,1820,53,96460,11,11513897493735/281474976710656,409526392435257307874911816617053889260761432164213328980479568289/450359962737049600000000000000000000000000000000000000000000000000,1
16,3,3/20,containment_s13,0,13,560,48,26880,10,303904911485/8796093022208,127284343431166785096227807024764137712154493337155587860774751/140737488355328000000000000000000000000000000000000000000000000,1
16,3,3/20,containment_s14,0,14,120,42,5040,9,8956816365/274877906944,400844266087307031258167920438768609048657884454258003/439804651110400000000000000000000000000000000000000000,1
16,3,3/20,containment_s15,0,15,16,32,512,7,4514873/134217728,7766676588385517814484949135630046419297/8589934592000000000000000000000000000000,1
16,3,3/20,full_clamp,0,16,1,17,17,4,1607/32768,59066943224413682347/65536000000000000000,1
16,3,1/4,boundary_s0,3,0,560,103,57680,31,91457679838700210826514675/2475880078570760549798248448,181320098004673936577135226704527061308577191396796573436719/200867255532373784442745261542645325315275374222849104412672,1
16,3,1/4,boundary_s1,2,1,1680,113,189840,34,7559385602982554663459116849695/162259276829213363391578010288128,12275521286551308892135186904205783456399612947110917708759606316823/13479973333575319897333507543509815336818572211270286240551805124608,1
16,3,1/4,boundary_s2,1,2,1680,113,189840,34,7559385602982554663459116849695/162259276829213363391578010288128,12275521286551308892135186904205783456399612947110917708759606316823/13479973333575319897333507543509815336818572211270286240551805124608,1
16,3,1/4,boundary_s3,0,3,560,103,57680,31,91457679838700210826514675/2475880078570760549798248448,181320098004673936577135226704527061308577191396796573436719/200867255532373784442745261542645325315275374222849104412672,1
16,3,1/4,containment_s4,0,4,1820,114,207480,34,23148161442266021041554012734395/649037107316853453566312041152512,24290910506908250998718361492762733559808205263669647648401410640231/26959946667150639794667015087019630673637144422540572481103610249216,1
16,3,1/4,containment_s5,0,5,4368,121,528528,36,890414126746260451936204462585545/20769187434139310514121985316880384,399055439880886198440058722372538268673802310368560665469534821436249025/441711766194596082395824375185729628956870974218904739530401550323154944,1
16,3,1/4,containment_s6,0,6,8008,128,1025024,38,838416688867939437958626064875507773/21267647932558653966460912964485513216,52445555550515825008882443267310377938604575734242036562942186432451529611573/57896044618658097711785492504343953926634992332820282019728792003956564819968,1
16,3,1/4,containment_s7,0,7,11440,131,1498640,39,505289777978446054107545951589650695/10633823966279326983230456482242756608,52767575878899828827905759168325927142954183176377236578530182341801128964573/57896044618658097711785492504343953926634992332820282019728792003956564819968,1
16,3,1/4,containment_s8,0,8,12870,132,1698840,39,3204710289814042469817998955870632505/85070591730234615865843651857942052864,418042438392760072130168188454083257765191754897714298777054007071689663596959/463168356949264781694283940034751631413079938662562256157830336031652518559744,1
16,3,1/4,containment_s9,0,9,11440,131,1498640,39,505289777978446054107545951589650695/10633823966279326983230456482242756608,52767575878899828827905759168325927142954183176377236578530182341801128964573/57896044618658097711785492504343953926634992332820282019728792003956564819968,1
16,3,1/4,containment_s10,0,10,8008,128,1025024,38,838416688867939437958626064875507773/21267647932558653966460912964485513216,52445555550515825008882443267310377938604575734242036562942186432451529611573/57896044618658097711785492504343953926634992332820282019728792003956564819968,1
16,3,1/4,containment_s11,0,11,4368,121,528528,36,890414126746260451936204462585545/20769187434139310514121985316880384,399055439880886198440058722372538268673802310368560665469534821436249025/441711766194596082395824375185729628956870974218904739530401550323154944,1
16,3,1/4,containment_s12,0,12,1820,114,207480,34,23148161442266021041554012734395/649037107316853453566312041152512,24290910506908250998718361492762733559808205263669647648401410640231/26959946667150639794667015087019630673637144422540572481103610249216,1
16,3,1/4,containment_s13,0,13,560,103,57680,31,91457679838700210826514675/2475880078570760549798248448,181320098004673936577135226704527061308577191396796573436719/200867255532373784442745261542645325315275374222849104412672,1
16,3,1/4,containment_s14,0,14,120,88,10560,27,108519569033089030280565/2417851639229258349412352,5446510832991688397422361903652536914254988382732299/5986310706507378352962293074805895248510699696029696,1
16,3,1/4,containment_s15,0,15,16,67,1072,21,28272565277946109/576460752303423488,154385594503413623042228187418084641185/170141183460469231731687303715884105728,1
16,3,1/4,full_clamp,0,16,1,42,42,14,1496659417/34359738368,555786283484642355386633/604462909807314587353088,1
16,4,1/20,boundary_s0,4,0,1820,28,50960,3,1675765/33554432,51052457885008465110830371239305843/53687091200000000000000000000000000,1
16,4,1/20,boundary_s1,3,1,7280,31,225680,3,17745/524288,62604245754968714059280546389873597107/67108864000000000000000000000000000000,1
16,4,1/20,boundary_s2,2,2,10920,32,349440,3,7492485/268435456,39779751231255353039039393099566226352061/42949672960000000000000000000000000000000,1
16,4,1/20,boundary_s3,1,3,7280,31,225680,3,17745/524288,62604245754968714059280546389873597107/67108864000000000000000000000000000000,1
16,4,1/20,boundary_s4,0,4,1820,28,50960,3,1675765/33554432,51052457885008465110830371239305843/53687091200000000000000000000000000,1
16,4,1/20,containment_s5,0,5,4368,30,131040,3,617799/16777216,252122214228255473989500026077047454273/268435456000000000000000000000000000000,1
16,4,1/20,containment_s6,0,6,8008,31,248248,3,39039/1048576,62604245754968714059280546389873597107/67108864000000000000000000000000000000,1
16,4,1/20,containment_s7,0,7,11440,32,366080,3,3924635/134217728,39779751231255353039039393099566226352061/42949672960000000000000000000000000000000,1
16,4,1/20,containment_s8,0,8,12870,32,411840,3,35321715/1073741824,39779751231255353039039393099566226352061/42949672960000000000000000000000000000000,1
16,4,1/20,containment_s9,0,9,11440,32,366080,3,3924635/134217728,39779751231255353039039393099566226352061/42949672960000000000000000000000000000000,1
16,4,1/20,containment_s10,0,10,8008,31,248248,3,39039/1048576,62604245754968714059280546389873597107/67108864000000000000000000000000000000,1
16,4,1/20,containment_s11,0,11,4368,30,131040,3,617799/16777216,252122214228255473989500026077047454273/268435456000000000000000000000000000000,1
16,4,1/20,containment_s12,0,12,1820,28,50960,3,1675765/33554432,51052457885008465110830371239305843/53687091200000000000000000000000000,1
16,4,1/20,containment_s13,0,13,560,26,14560,3,12915/262144,32254486455957996678753081103857/33554432000000000000000000000000,1
16,4,1/20,containment_s14,0,14,120,20,2400,2,3165/65536,48471281563677682933571971/52428800000000000000000000,1
16,4,1/20,containment_s15,0,15,16,17,272,2,77/2048,62242620822486673273/65536000000000000000,1
16,4,1/20,full_clamp,0,16,1,9,9,1,5/128,11888494133/12800000000,1
16,4,3/20,boundary_s0,4,0,1820,53,96460,11,11513897493735/281474976710656,409526392435257307874911816617053889260761432164213328980479568289/450359962737049600000000000000000000000000000000000000000000000000,1
16,4,3/20,boundary_s1,3,1,7280,59,429520,12,168049932806665/4503599627370496,130315709922887558783188381993623192316718461585418863161333794487859826681/144115188075855872000000000000000000000000000000000000000000000000000000000,1
16,4,3/20,boundary_s2,2,2,10920,63,687960,13,296644872550845/9007199254740992,4236442098593202981007770476839304386816006884517203226173014661443339822602039/4611686018427387904000000000000000000000000000000000000000000000000000000000000,1
16,4,3/20,boundary_s3,1,3,7280,59,429520,12,168049932806665/4503599627370496,130315709922887558783188381993623192316718461585418863161333794487859826681/144115188075855872000000000000000000000000000000000000000000000000000000000,1
16,4,3/20,boundary_s4,0,4,1820,53,96460,11,11513897493735/281474976710656,409526392435257307874911816617053889260761432164213328980479568289/450359962737049600000000000000000000000000000000000000000000000000,1
16,4,3/20,containment_s5,0,5,4368,58,253344,12,80847477028227/2251799813685248,65866455761346270594918473823800447770672138918336439726370825195523018621/72057594037927936000000000000000000000000000000000000000000000000000000000,1
16,4,3/20,containment_s6,0,6,8008,59,472472,12,369709852174663/9007199254740992,130315709922887558783188381993623192316718461585418863161333794487859826681/144115188075855872000000000000000000000000000000000000000000000000000000000,1
16,4,3/20,containment_s7,0,7,11440,63,720720,13,155385409431395/4503599627370496,4236442098593202981007770476839304386816006884517203226173014661443339822602039/4611686018427387904000000000000000000000000000000000000000000000000000000000000,1
16,4,3/20,containment_s8,0,8,12870,63,810810,13,1398468684882555/36028797018963968,4236442098593202981007770476839304386816006884517203226173014661443339822602039/4611686018427387904000000000000000000000000000000000000000000000000000000000000,1
16,4,3/20,containment_s9,0,9,11440,63,720720,13,155385409431395/4503599627370496,4236442098593202981007770476839304386816006884517203226173014661443339822602039/4611686018427387904000000000000000000000000000000000000000000000000000000000000,1
16,4,3/20,containment_s10,0,10,8008,59,472472,12,369709852174663/9007199254740992,130315709922887558783188381993623192316718461585418863161333794487859826681/144115188075855872000000000000000000000000000000000000000000000000000000000,1
16,4,3/20,containment_s11,0,11,4368,58,253344,12,80847477028227/2251799813685248,65866455761346270594918473823800447770672138918336439726370825195523018621/72057594037927936000000000000000000000000000000000000000000000000000000000,1
16,4,3/20,containment_s12,0,12,1820,53,96460,11,11513897493735/281474976710656,409526392435257307874911816617053889260761432164213328980479568289/450359962737049600000000000000000000000000000000000000000000000000,1
16,4,3/20,containment_s13,0,13,560,48,26880,10,303904911485/8796093022208,127284343431166785096227807024764137712154493337155587860774751/140737488355328000000000000000000000000000000000000000000000000,1
16,4,3/20,containment_s14,0,14,120,42,5040,9,8956816365/274877906944,400844266087307031258167920438768609048657884454258003/439804651110400000000000000000000000000000000000000000,1
16,4,3/20,containment_s15,0,15,16,32,512,7,4514873/134217728,7766676588385517814484949135630046419297/8589934592000000000000000000000000000000,1
16,4,3/20,full_clamp,0,16,1,17,17,4,1607/32768,59066943224413682347/65536000000000000000,1
16,4,1/4,boundary_s0,4,0,1820,114,207480,34,23148161442266021041554012734395/649037107316853453566312041152512,24290910506908250998718361492762733559808205263669647648401410640231/26959946667150639794667015087019630673637144422540572481103610249216,1
16,4,1/4,boundary_s1,3,1,7280,128,931840,38,381098494939972471799375484034321715/10633823966279326983230456482242756608,52445555550515825008882443267310377938604575734242036562942186432451529611573/57896044618658097711785492504343953926634992332820282019728792003956564819968,1
16,4,1/4,boundary_s2,2,2,10920,131,1430520,39,964644121595215194205314998489333145/21267647932558653966460912964485513216,52767575878899828827905759168325927142954183176377236578530182341801128964573/57896044618658097711785492504343953926634992332820282019728792003956564819968,1
16,4,1/4,boundary_s3,1,3,7280,128,931840,38,381098494939972471799375484034321715/10633823966279326983230456482242756608,52445555550515825008882443267310377938604575734242036562942186432451529611573/57896044618658097711785492504343953926634992332820282019728792003956564819968,1
16,4,1/4,boundary_s4,0,4,1820,114,207480,34,23148161442266021041554012734395/649037107316853453566312041152512,24290910506908250998718361492762733559808205263669647648401410640231/26959946667150639794667015087019630673637144422540572481103610249216,1
16,4,1/4,containment_s5,0,5,4368,121,528528,36,890414126746260451936204462585545/20769187434139310514121985316880384,399055439880886198440058722372538268673802310368560665469534821436249025/441711766194596082395824375185729628956870974218904739530401550323154944,1
16,4,1/4,containment_s6,0,6,8008,128,1025024,38,838416688867939437958626064875507773/21267647932558653966460912964485513216,52445555550515825008882443267310377938604575734242036562942186432451529611573/57896044618658097711785492504343953926634992332820282019728792003956564819968,1
16,4,1/4,containment_s7,0,7,11440,131,1498640,39,505289777978446054107545951589650695/10633823966279326983230456482242756608,52767575878899828827905759168325927142954183176377236578530182341801128964573/57896044618658097711785492504343953926634992332820282019728792003956564819968,1
16,4,1/4,containment_s8,0,8,12870,132,1698840,39,3204710289814042469817998955870632505/85070591730234615865843651857942052864,418042438392760072130168188454083257765191754897714298777054007071689663596959/463168356949264781694283940034751631413079938662562256157830336031652518559744,1
16,4,1/4,containment_s9,0,9,11440,131,1498640,39,505289777978446054107545951589650695/10633823966279326983230456482242756608,52767575878899828827905759168325927142954183176377236578530182341801128964573/57896044618658097711785492504343953926634992332820282019728792003956564819968,1
16,4,1/4,containment_s10,0,10,8008,128,1025024,38,838416688867939437958626064875507773/21267647932558653966460912964485513216,52445555550515825008882443267310377938604575734242036562942186432451529611573/57896044618658097711785492504343953926634992332820282019728792003956564819968,1
16,4,1/4,containment_s11,0,11,4368,121,528528,36,890414126746260451936204462585545/20769187434139310514121985316880384,399055439880886198440058722372538268673802310368560665469534821436249025/441711766194596082395824375185729628956870974218904739530401550323154944,1
16,4,1/4,containment_s12,0,12,1820,114,207480,34,23148161442266021041554012734395/649037107316853453566312041152512,24290910506908250998718361492762733559808205263669647648401410640231/26959946667150639794667015087019630673637144422540572481103610249216,1
16,4,1/4,containment_s13,0,13,560,103,57680,31,91457679838700210826514675/2475880078570760549798248448,181320098004673936577135226704527061308577191396796573436719/200867255532373784442745261542645325315275374222849104412672,1
16,4,1/4,containment_s14,0,14,120,88,10560,27,108519569033089030280565/2417851639229258349412352,5446510832991688397422361903652536914254988382732299/5986310706507378352962293074805895248510699696029696,1
16,4,1/4,containment_s15,0,15,16,67,1072,21,28272565277946109/576460752303423488,154385594503413623042228187418084641185/170141183460469231731687303715884105728,1
16,4,1/4,full_clamp,0,16,1,42,42,14,1496659417/34359738368,555786283484642355386633/604462909807314587353088,1
16,5,1/20,boundary_s0,5,0,4368,30,131040,3,617799/16777216,252122214228255473989500026077047454273/268435456000000000000000000000000000000,1
16,5,1/20,boundary_s1,4,1,21840,33,720720,3,4107285/134217728,39478931645789540337295780674236373347661/42949672960000000000000000000000000000000,1
16,5,1/20,boundary_s2,3,2,43680,34,1485120,3,2245425/67108864,9561663862055118667962330490665693397877/10485760000000000000000000000000000000000,1
16,5,1/20,boundary_s3,2,3,43680,34,1485120,3,2245425/67108864,9561663862055118667962330490665693397877/10485760000000000000000000000000000000000,1
16,5,1/20,boundary_s4,1,4,21840,33,720720,3,4107285/134217728,39478931645789540337295780674236373347661/42949672960000000000000000000000000000000,1
16,5,1/20,boundary_s5,0,5,4368,30,131040,3,617799/16777216,252122214228255473989500026077047454273/268435456000000000000000000000000000000,1
16,5,1/20,containment_s6,0,6,8008,31,248248,3,39039/1048576,62604245754968714059280546389873597107/67108864000000000000000000000000000000,1
16,5,1/20,containment_s7,0,7,11440,32,366080,3,3924635/134217728,39779751231255353039039393099566226352061/42949672960000000000000000000000000000000,1
16,5,1/20,containment_s8,0,8,12870,32,411840,3,35321715/1073741824,39779751231255353039039393099566226352061/42949672960000000000000000000000000000000,1
16,5,1/20,containment_s9,0,9,11440,32,366080,3,3924635/134217728,39779751231255353039039393099566226352061/42949672960000000000000000000000000000000,1
16,5,1/20,containment_s10,0,10,8008,31,248248,3,39039/1048576,62604245754968714059280546389873597107/67108864000000000000000000000000000000,1
16,5,1/20,containment_s11,0,11,4368,30,131040,3,617799/16777216,252122214228255473989500026077047454273/268435456000000000000000000000000000000,1
16,5,1/20,containment_s12,0,12,1820,28,50960,3,1675765/33554432,51052457885008465110830371239305843/53687091200000000000000000000000000,1
16,5,1/20,containment_s13,0,13,560,26,14560,3,12915/262144,32254486455957996678753081103857/33554432000000000000000000000000,1
16,5,1/20,containment_s14,0,14,120,20,2400,2,3165/65536,48471281563677682933571971/52428800000000000000000000,1
16,5,1/20,containment_s15,0,15,16,17,272,2,77/2048,62242620822486673273/65536000000000000000,1
16,5,1/20,full_clamp,0,16,1,9,9,1,5/128,11888494133/12800000000,1
16,5,3/20,boundary_s0,5,0,4368,58,253344,12,80847477028227/2251799813685248,65866455761346270594918473823800447770672138918336439726370825195523018621/72057594037927936000000000000000000000000000000000000000000000000000000000,1
16,5,3/20,boundary_s1,4,1,21840,64,1397760,13,23681130776930445/576460752303423488,83895169667720589350768618672996241053326495781540495793182302109838943225471365209/92233720368547758080000000000000000000000000000000000000000000000000000000000000000,1
16,5,3/20,boundary_s2,3,2,43680,68,2970240,14,6985669194330645/144115188075855872,170258461021832893387666469149610627211230343364420351986470526918744709197802224255781/184467440737095516160000000000000000000000000000000000000000000000000000000000000000000,1
16,5,3/20,boundary_s3,2,3,43680,68,2970240,14,6985669194330645/144115188075855872,170258461021832893387666469149610627211230343364420351986470526918744709197802224255781/184467440737095516160000000000000000000000000000000000000000000000000000000000000000000,1
16,5,3/20,boundary_s4,1,4,21840,64,1397760,13,23681130776930445/576460752303423488,83895169667720589350768618672996241053326495781540495793182302109838943225471365209/92233720368547758080000000000000000000000000000000000000000000000000000000000000000,1
16,5,3/20,boundary_s5,0,5,4368,58,253344,12,80847477028227/2251799813685248,65866455761346270594918473823800447770672138918336439726370825195523018621/72057594037927936000000000000000000000000000000000000000000000000000000000,1
16,5,3/20,containment_s6,0,6,8008,59,472472,12,369709852174663/9007199254740992,130315709922887558783188381993623192316718461585418863161333794487859826681/144115188075855872000000000000000000000000000000000000000000000000000000000,1
16,5,3/20,containment_s7,0,7,11440,63,720720,13,155385409431395/4503599627370496,4236442098593202981007770476839304386816006884517203226173014661443339822602039/4611686018427387904000000000000000000000000000000000000000000000000000000000000,1
16,5,3/20,containment_s8,0,8,12870,63,810810,13,1398468684882555/36028797018963968,4236442098593202981007770476839304386816006884517203226173014661443339822602039/4611686018427387904000000000000000000000000000000000000000000000000000000000000,1
16,5,3/20,containment_s9,0,9,11440,63,720720,13,155385409431395/4503599627370496,4236442098593202981007770476839304386816006884517203226173014661443339822602039/4611686018427387904000000000000000000000000000000000000000000000000000000000000,1
16,5,3/20,containment_s10,0,10,8008,59,472472,12,369709852174663/9007199254740992,130315709922887558783188381993623192316718461585418863161333794487859826681/144115188075855872000000000000000000000000000000000000000000000000000000000,1
16,5,3/20,containment_s11,0,11,4368,58,253344,12,80847477028227/2251799813685248,65866455761346270594918473823800447770672138918336439726370825195523018621/72057594037927936000000000000000000000000000000000000000000000000000000000,1
16,5,3/20,containment_s12,0,12,1820,53,96460,11,11513897493735/281474976710656,409526392435257307874911816617053889260761432164213328980479568289/450359962737049600000000000000000000000000000000000000000000000000,1
16,5,3/20,containment_s13,0,13,560,48,26880,10,303904911485/8796093022208,127284343431166785096227807024764137712154493337155587860774751/140737488355328000000000000000000000000000000000000000000000000,1
16,5,3/20,containment_s14,0,14,120,42,5040,9,8956816365/274877906944,400844266087307031258167920438768609048657884454258003/439804651110400000000000000000000000000000000000000000,1
16,5,3/20,containment_s15,0,15,16,32,512,7,4514873/134217728,7766676588385517814484949135630046419297/8589934592000000000000000000000000000000,1
16,5,3/20,full_clamp,0,16,1,17,17,4,1607/32768,59066943224413682347/65536000000000000000,1
16,5,1/4,boundary_s0,5,0,4368,121,528528,36,890414126746260451936204462585545/20769187434139310514121985316880384,399055439880886198440058722372538268673802310368560665469534821436249025/441711766194596082395824375185729628956870974218904739530401550323154944,1
16,5,1/4,boundary_s1,4,1,21840,138,3013920,41,124115023843434890557377421380196259745/2722258935367507707706996859454145691648,13866177484475827650960591933733003731006211772411575515587442253516896595902813137/15177100720513508366558296147058741458143803430094840009779784451085189728165691392,1
16,5,1/4,boundary_s2,3,2,43680,143,6246240,42,1663396088299391506093293753861828261165/43556142965880123323311949751266331066368,7010207839271535363926407865490732147682117932256490870167190602073732209275833130379/7770675568902916283677847627294075626569627356208558085007249638955617140820833992704,1
16,5,1/4,boundary_s3,2,3,43680,143,6246240,42,1663396088299391506093293753861828261165/43556142965880123323311949751266331066368,7010207839271535363926407865490732147682117932256490870167190602073732209275833130379/7770675568902916283677847627294075626569627356208558085007249638955617140820833992704,1
16,5,1/4,boundary_s4,1,4,21840,138,3013920,41,124115023843434890557377421380196259745/2722258935367507707706996859454145691648,13866177484475827650960591933733003731006211772411575515587442253516896595902813137/15177100720513508366558296147058741458143803430094840009779784451085189728165691392,1
16,5,1/4,boundary_s5,0,5,4368,121,528528,36,890414126746260451936204462585545/20769187434139310514121985316880384,399055439880886198440058722372538268673802310368560665469534821436249025/441711766194596082395824375185729628956870974218904739530401550323154944,1
16,5,1/4,containment_s6,0,6,8008,128,1025024,38,838416688867939437958626064875507773/21267647932558653966460912964485513216,52445555550515825008882443267310377938604575734242036562942186432451529611573/57896044618658097711785492504343953926634992332820282019728792003956564819968,1
16,5,1/4,containment_s7,0,7,11440,131,1498640,39,505289777978446054107545951589650695/10633823966279326983230456482242756608,52767575878899828827905759168325927142954183176377236578530182341801128964573/57896044618658097711785492504343953926634992332820282019728792003956564819968,1
16,5,1/4,containment_s8,0,8,12870,132,1698840,39,3204710289814042469817998955870632505/85070591730234615865843651857942052864,418042438392760072130168188454083257765191754897714298777054007071689663596959/463168356949264781694283940034751631413079938662562256157830336031652518559744,1
16,5,1/4,containment_s9,0,9,11440,131,1498640,39,505289777978446054107545951589650695/10633823966279326983230456482242756608,52767575878899828827905759168325927142954183176377236578530182341801128964573/57896044618658097711785492504343953926634992332820282019728792003956564819968,1
16,5,1/4,containment_s10,0,10,8008,128,1025024,38,838416688867939437958626064875507773/21267647932558653966460912964485513216,52445555550515825008882443267310377938604575734242036562942186432451529611573/57896044618658097711785492504343953926634992332820282019728792003956564819968,1
16,5,1/4,containment_s11,0,11,4368,121,528528,36,890414126746260451936204462585545/20769187434139310514121985316880384,399055439880886198440058722372538268673802310368560665469534821436249025/441711766194596082395824375185729628956870974218904739530401550323154944,1
16,5,1/4,containment_s12,0,12,1820,114,207480,34,23148161442266021041554012734395/649037107316853453566312041152512,24290910506908250998718361492762733559808205263669647648401410640231/26959946667150639794667015087019630673637144422540572481103610249216,1
16,5,1/4,containment_s13,0,13,560,103,57680,31,91457679838700210826514675/2475880078570760549798248448,181320098004673936577135226704527061308577191396796573436719/200867255532373784442745261542645325315275374222849104412672,1
16,5,1/4,containment_s14,0,14,120,88,10560,27,108519569033089030280565/2417851639229258349412352,5446510832991688397422361903652536914254988382732299/5986310706507378352962293074805895248510699696029696,1
16,5,1/4,containment_s15,0,15,16,67,1072,21,28272565277946109/576460752303423488,154385594503413623042228187418084641185/170141183460469231731687303715884105728,1
16,5,1/4,full_clamp,0,16,1,42,42,14,1496659417/34359738368,555786283484642355386633/604462909807314587353088,1
16,6,1/20,boundary_s0,6,0,8008,31,248248,3,39039/1048576,62604245754968714059280546389873597107/67108864000000000000000000000000000000,1
16,6,1/20,boundary_s1,5,1,48048,34,1633632,3,4939935/134217728,9561663862055118667962330490665693397877/10485760000000000000000000000000000000000,1
16,6,1/20,boundary_s2,4,2,120120,39,4684680,4,1383947565/34359738368,1051397717613797965628019678617826494429871652289/1099511627776000000000000000000000000000000000000,1
16,6,1/20,boundary_s3,3,3,160160,40,6406400,4,510965455/17179869184,5233519985823191481263725818124006294494379556177851/5497558138880000000000000000000000000000000000000000,1
16,6,1/20,boundary_s4,2,4,120120,39,4684680,4,1383947565/34359738368,1051397717613797965628019678617826494429871652289/1099511627776000000000000000000000000000000000000,1
16,6,1/20,boundary_s5,1,5,48048,34,1633632,3,4939935/134217728,9561663862055118667962330490665693397877/10485760000000000000000000000000000000000,1
16,6,1/20,boundary_s6,0,6,8008,31,248248,3,39039/1048576,62604245754968714059280546389873597107/67108864000000000000000000000000000000,1
16,6,1/20,containment_s7,0,7,11440,32,366080,3,3924635/134217728,39779751231255353039039393099566226352061/42949672960000000000000000000000000000000,1
16,6,1/20,containment_s8,0,8,12870,32,411840,3,35321715/1073741824,39779751231255353039039393099566226352061/42949672960000000000000000000000000000000,1
16,6,1/20,containment_s9,0,9,11440,32,366080,3,3924635/134217728,39779751231255353039039393099566226352061/42949672960000000000000000000000000000000,1
16,6,1/20,containment_s10,0,10,8008,31,248248,3,39039/1048576,62604245754968714059280546389873597107/67108864000000000000000000000000000000,1
16,6,1/20,containment_s11,0,11,4368,30,131040,3,617799/16777216,252122214228255473989500026077047454273/268435456000000000000000000000000000000,1
16,6,1/20,containment_s12,0,12,1820,28,50960,3,1675765/33554432,51052457885008465110830371239305843/53687091200000000000000000000000000,1
16,6,1/20,containment_s13,0,13,560,26,14560,3,12915/262144,32254486455957996678753081103857/33554432000000000000000000000000,1
16,6,1/20,containment_s14,0,14,120,20,2400,2,3165/65536,48471281563677682933571971/52428800000000000000000000,1
16,6,1/20,containment_s15,0,15,16,17,272,2,77/2048,62242620822486673273/65536000000000000000,1
16,6,1/20,full_clamp,0,16,1,9,9,1,5/128,11888494133/12800000000,1
16,6,3/20,boundary_s0,6,0,8008,59,472472,12,369709852174663/9007199254740992,130315709922887558783188381993623192316718461585418863161333794487859826681/144115188075855872000000000000000000000000000000000000000000000000000000000,1
16,6,3/20,boundary_s1,5,1,48048,69,3315312,14,19172177513061573/576460752303423488,16872157334566972126630415361544883608213803017148257425704695313253570348171882789507/18446744073709551616000000000000000000000000000000000000000000000000000000000000000000,1
16,6,3/20,boundary_s2,4,2,120120,73,8768760,15,1813960865865653505/36893488147419103232,273631723825687546742726834856115659939883424393052508499147884947113081498219204052479756743/295147905179352825856000000000000000000000000000000000000000000000000000000000000000000000000,1
16,6,3/20,boundary_s3,3,3,160160,74,11851840,15,188597698422908775/4611686018427387904,27135953152483607051000324220533821284751038487147039420408187781514442403110251850674867310407/29514790517935282585600000000000000000000000000000000000000000000000000000000000000000000000000,1
16,6,3/20,boundary_s4,2,4,120120,73,8768760,15,1813960865865653505/36893488147419103232,273631723825687546742726834856115659939883424393052508499147884947113081498219204052479756743/295147905179352825856000000000000000000000000000000000000000000000000000000000000000000000000,1
16,6,3/20,boundary_s5,1,5,48048,69,3315312,14,19172177513061573/576460752303423488,16872157334566972126630415361544883608213803017148257425704695313253570348171882789507/18446744073709551616000000000000000000000000000000000000000000000000000000000000000000,1
16,6,3/20,boundary_s6,0,6,8008,59,472472,12,369709852174663/9007199254740992,130315709922887558783188381993623192316718461585418863161333794487859826681/144115188075855872000000000000000000000000000000000000000000000000000000000,1
16,6,3/20,containment_s7,0,7,11440,63,720720,13,155385409431395/4503599627370496,4236442098593202981007770476839304386816006884517203226173014661443339822602039/4611686018427387904000000000000000000000000000000000000000000000000000000000000,1
16,6,3/20,containment_s8,0,8,12870,63,810810,13,1398468684882555/36028797018963968,4236442098593202981007770476839304386816006884517203226173014661443339822602039/4611686018427387904000000000000000000000000000000000000000000000000000000000000,1
16,6,3/20,containment_s9,0,9,11440,63,720720,13,155385409431395/4503599627370496,4236442098593202981007770476839304386816006884517203226173014661443339822602039/4611686018427387904000000000000000000000000000000000000000000000000000000000000,1
16,6,3/20,containment_s10,0,10,8008,59,472472,12,369709852174663/9007199254740992,130315709922887558783188381993623192316718461585418863161333794487859826681/144115188075855872000000000000000000000000000000000000000000000000000000000,1
16,6,3/20,containment_s11,0,11,4368,58,253344,12,80847477028227/2251799813685248,65866455761346270594918473823800447770672138918336439726370825195523018621/72057594037927936000000000000000000000000000000000000000000000000000000000,1
16,6,3/20,containment_s12,0,12,1820,53,96460,11,11513897493735/281474976710656,409526392435257307874911816617053889260761432164213328980479568289/450359962737049600000000000000000000000000000000000000000000000000,1
16,6,3/20,containment_s13,0,13,560,48,26880,10,303904911485/8796093022208,127284343431166785096227807024764137712154493337155587860774751/140737488355328000000000000000000000000000000000000000000000000,1
16,6,3/20,containment_s14,0,14,120,42,5040,9,8956816365/274877906944,400844266087307031258167920438768609048657884454258003/439804651110400000000000000000000000000000000000000000,1
16,6,3/20,containment_s15,0,15,16,32,512,7,4514873/134217728,7766676588385517814484949135630046419297/8589934592000000000000000000000000000000,1
16,6,3/20,full_clamp,0,16,1,17,17,4,1607/32768,59066943224413682347/65536000000000000000,1
16,6,1/4,boundary_s0,6,0,8008,128,1025024,38,838416688867939437958626064875507773/21267647932558653966460912964485513216,52445555550515825008882443267310377938604575734242036562942186432451529611573/57896044618658097711785492504343953926634992332820282019728792003956564819968,1
16,6,1/4,boundary_s1,5,1,48048,143,6870864,42,3659471394258661313405246258496022174563/87112285931760246646623899502532662132736,7010207839271535363926407865490732147682117932256490870167190602073732209275833130379/7770675568902916283677847627294075626569627356208558085007249638955617140820833992704,1
16,6,1/4,boundary_s2,4,2,120120,153,18378360,45,1995311190690782757765713235219747518210715/44601490397061246283071436545296723011960832,1854212598051775357347887287286405175986530872848894519572413138033634668681171566963436061/2037035976334486086268445688409378161051468393665936250636140449354381299763336706183397376,1
16,6,1/4,boundary_s3,3,3,160160,154,24664640,45,934130889657618959693902299325231086581185/22300745198530623141535718272648361505980416,14699905568265476847920868133104772675803547714097123565108627409621205792165066271071574863/16296287810675888690147565507275025288411747149327490005089123594835050398106693649467179008,1
16,6,1/4,boundary_s4,2,4,120120,153,18378360,45,1995311190690782757765713235219747518210715/44601490397061246283071436545296723011960832,1854212598051775357347887287286405175986530872848894519572413138033634668681171566963436061/2037035976334486086268445688409378161051468393665936250636140449354381299763336706183397376,1
16,6,1/4,boundary_s5,1,5,48048,143,6870864,42,3659471394258661313405246258496022174563/87112285931760246646623899502532662132736,7010207839271535363926407865490732147682117932256490870167190602073732209275833130379/7770675568902916283677847627294075626569627356208558085007249638955617140820833992704,1
16,6,1/4,boundary_s6,0,6,8008,128,1025024,38,838416688867939437958626064875507773/21267647932558653966460912964485513216,52445555550515825008882443267310377938604575734242036562942186432451529611573/57896044618658097711785492504343953926634992332820282019728792003956564819968,1
16,6,1/4,containment_s7,0,7,11440,131,1498640,39,505289777978446054107545951589650695/10633823966279326983230456482242756608,52767575878899828827905759168325927142954183176377236578530182341801128964573/57896044618658097711785492504343953926634992332820282019728792003956564819968,1
16,6,1/4,containment_s8,0,8,12870,132,1698840,39,3204710289814042469817998955870632505/85070591730234615865843651857942052864,418042438392760072130168188454083257765191754897714298777054007071689663596959/463168356949264781694283940034751631413079938662562256157830336031652518559744,1
16,6,1/4,containment_s9,0,9,11440,131,1498640,39,505289777978446054107545951589650695/10633823966279326983230456482242756608,52767575878899828827905759168325927142954183176377236578530182341801128964573/57896044618658097711785492504343953926634992332820282019728792003956564819968,1
16,6,1/4,containment_s10,0,10,8008,128,1025024,38,838416688867939437958626064875507773/21267647932558653966460912964485513216,52445555550515825008882443267310377938604575734242036562942186432451529611573/57896044618658097711785492504343953926634992332820282019728792003956564819968,1
16,6,1/4,containment_s11,0,11,4368,121,528528,36,890414126746260451936204462585545/20769187434139310514121985316880384,399055439880886198440058722372538268673802310368560665469534821436249025/441711766194596082395824375185729628956870974218904739530401550323154944,1
16,6,1/4,containment_s12,0,12,1820,114,207480,34,23148161442266021041554012734395/649037107316853453566312041152512,24290910506908250998718361492762733559808205263669647648401410640231/26959946667150639794667015087019630673637144422540572481103610249216,1
16,6,1/4,containment_s13,0,13,560,103,57680,31,91457679838700210826514675/2475880078570760549798248448,181320098004673936577135226704527061308577191396796573436719/200867255532373784442745261542645325315275374222849104412672,1
16,6,1/4,containment_s14,0,14,120,88,10560,27,108519569033089030280565/2417851639229258349412352,5446510832991688397422361903652536914254988382732299/5986310706507378352962293074805895248510699696029696,1
16,6,1/4,containment_s15,0,15,16,67,1072,21,28272565277946109/576460752303423488,154385594503413623042228187418084641185/170141183460469231731687303715884105728,1
16,6,1/4,full_clamp,0,16,1,42,42,14,1496659417/34359738368,555786283484642355386633/604462909807314587353088,1
20,3,1/20,boundary_s0,3,0,1140,28,31920,3,1049655/33554432,51052457885008465110830371239305843/53687091200000000000000000000000000,1
20,3,1/20,boundary_s1,2,1,3420,30,102600,3,1934865/67108864,252122214228255473989500026077047454273/268435456000000000000000000000000000000,1
20,3,1/20,boundary_s2,1,2,3420,30,102600,3,1934865/67108864,252122214228255473989500026077047454273/268435456000000000000000000000000000000,1
20,3,1/20,boundary_s3,0,3,1140,28,31920,3,1049655/33554432,51052457885008465110830371239305843/53687091200000000000000000000000000,1
20,3,1/20,containment_s4,0,4,4845,30,145350,3,10964235/268435456,252122214228255473989500026077047454273/268435456000000000000000000000000000000,1
20,3,1/20,containment_s5,0,5,15504,32,496128,3,5318841/134217728,39779751231255353039039393099566226352061/42949672960000000000000000000000000000000,1
20,3,1/20,containment_s6,0,6,38760,34,1317840,3,7970025/268435456,9561663862055118667962330490665693397877/10485760000000000000000000000000000000000,1
20,3,1/20,containment_s7,0,7,77520,35,2713200,3,4345965/134217728,970925900540556805608775689019674193784367/1073741824000000000000000000000000000000000,1
20,3,1/20,containment_s8,0,8,125970,39,4912830,4,5805390435/137438953472,1051397717613797965628019678617826494429871652289/1099511627776000000000000000000000000000000000000,1
20,3,1/20,containment_s9,0,9,167960,40,6718400,4,2143400545/68719476736,5233519985823191481263725818124006294494379556177851/5497558138880000000000000000000000000000000000000000,1
20,3,1/20,containment_s10,0,10,184756,40,7390240,4,4715481199/137438953472,5233519985823191481263725818124006294494379556177851/5497558138880000000000000000000000000000000000000000,1
20,3,1/20,containment_s11,0,11,167960,40,6718400,4,2143400545/68719476736,5233519985823191481263725818124006294494379556177851/5497558138880000000000000000000000000000000000000000,1
20,3,1/20,containment_s12,0,12,125970,39,4912830,4,5805390435/137438953472,1051397717613797965628019678617826494429871652289/1099511627776000000000000000000000000000000000000,1
20,3,1/20,containment_s13,0,13,77520,35,2713200,3,4345965/134217728,970925900540556805608775689019674193784367/1073741824000000000000000000000000000000000,1
20,3,1/20,containment_s14,0,14,38760,34,1317840,3,7970025/268435456,9561663862055118667962330490665693397877/10485760000000000000000000000000000000000,1
20,3,1/20,containment_s15,0,15,15504,32,496128,3,5318841/134217728,39779751231255353039039393099566226352061/42949672960000000000000000000000000000000,1
20,3,1/20,containment_s16,0,16,4845,30,145350,3,10964235/268435456,252122214228255473989500026077047454273/268435456000000000000000000000000000000,1
20,3,1/20,containment_s17,0,17,1140,28,31920,3,1049655/33554432,51052457885008465110830371239305843/53687091200000000000000000000000000,1
20,3,1/20,containment_s18,0,18,190,21,3990,2,2755/65536,11994169162440651134064599/13107200000000000000000000,1
20,3,1/20,containment_s19,0,19,20,17,340,2,385/8192,62242620822486673273/65536000000000000000,1
20,3,1/20,full_clamp,0,20,1,9,9,1,5/128,11888494133/12800000000,1
20,3,3/20,boundary_s0,3,0,1140,52,59280,11,11515767406695/281474976710656,2070167326889957226279082778058028867125573691699126832800894604663/2251799813685248000000000000000000000000000000000000000000000000000,1
20,3,3/20,boundary_s1,2,1,3420,57,194940,12,50548239662265/1125899906842624,16631906216175891154576053704672046732176453094531486606346374441948223/18014398509481984000000000000000000000000000000000000000000000000000000,1
20,3,3/20,boundary_s2,1,2,3420,57,194940,12,50548239662265/1125899906842624,16631906216175891154576053704672046732176453094531486606346374441948223/18014398509481984000000000000000000000000000000000000000000000000000000,1
20,3,3/20,boundary_s3,0,3,1140,52,59280,11,11515767406695/281474976710656,2070167326889957226279082778058028867125573691699126832800894604663/2251799813685248000000000000000000000000000000000000000000000000000,1
20,3,3/20,containment_s4,0,4,4845,58,281010,12,1434820608797655/36028797018963968,65866455761346270594918473823800447770672138918336439726370825195523018621/72057594037927936000000000000000000000000000000000000000000000000000000000,1
20,3,3/20,containment_s5,0,5,15504,63,976752,13,210585261173457/4503599627370496,4236442098593202981007770476839304386816006884517203226173014661443339822602039/4611686018427387904000000000000000000000000000000000000000000000000000000000000,1
20,3,3/20,containment_s6,0,6,38760,68,2635680,14,24795287360096685/576460752303423488,170258461021832893387666469149610627211230343364420351986470526918744709197802224255781/184467440737095516160000000000000000000000000000000000000000000000000000000000000000000,1
20,3,3/20,containment_s7,0,7,77520,70,5426400,14,38456407792468785/1152921504606846976,167082692214633902267796884414025573480569283332093373042700765130808195542760311600179021/184467440737095516160000000000000000000000000000000000000000000000000000000000000000000000,1
20,3,3/20,containment_s8,0,8,125970,74,9321780,15,2373391815218163675/73786976294838206464,27135953152483607051000324220533821284751038487147039420408187781514442403110251850674867310407/29514790517935282585600000000000000000000000000000000000000000000000000000000000000000000000000,1
20,3,3/20,containment_s9,0,9,167960,74,12429040,15,791130605072721225/18446744073709551616,27135953152483607051000324220533821284751038487147039420408187781514442403110251850674867310407/29514790517935282585600000000000000000000000000000000000000000000000000000000000000000000000000,1
20,3,3/20,containment_s10,0,10,184756,74,13671944,15,1740487331159986695/36893488147419103232,27135953152483607051000324220533821284751038487147039420408187781514442403110251850674867310407/29514790517935282585600000000000000000000000000000000000000000000000000000000000000000000000000,1
20,3,3/20,containment_s11,0,11,167960,74,12429040,15,791130605072721225/18446744073709551616,27135953152483607051000324220533821284751038487147039420408187781514442403110251850674867310407/29514790517935282585600000000000000000000000000000000000000000000000000000000000000000000000000,1
20,3,3/20,containment_s12,0,12,125970,74,9321780,15,2373391815218163675/73786976294838206464,27135953152483607051000324220533821284751038487147039420408187781514442403110251850674867310407/29514790517935282585600000000000000000000000000000000000000000000000000000000000000000000000000,1
20,3,3/20,containment_s13,0,13,77520,70,5426400,14,38456407792468785/1152921504606846976,167082692214633902267796884414025573480569283332093373042700765130808195542760311600179021/184467440737095516160000000000000000000000000000000000000000000000000000000000000000000000,1
20,3,3/20,containment_s14,0,14,38760,68,2635680,14,24795287360096685/576460752303423488,170258461021832893387666469149610627211230343364420351986470526918744709197802224255781/184467440737095516160000000000000000000000000000000000000000000000000000000000000000000,1
20,3,3/20,containment_s15,0,15,15504,63,976752,13,210585261173457/4503599627370496,4236442098593202981007770476839304386816006884517203226173014661443339822602039/4611686018427387904000000000000000000000000000000000000000000000000000000000000,1
20,3,3/20,containment_s16,0,16,4845,58,281010,12,1434820608797655/36028797018963968,65866455761346270594918473823800447770672138918336439726370825195523018621/72057594037927936000000000000000000000000000000000000000000000000000000000,1
20,3,3/20,containment_s17,0,17,1140,52,59280,11,11515767406695/281474976710656,2070167326889957226279082778058028867125573691699126832800894604663/2251799813685248000000000000000000000000000000000000000000000000000,1
20,3,3/20,containment_s18,0,18,190,45,8550,10,103236839055/2199023255552,82230848575466555629330445714997131485225153216977841373/87960930222080000000000000000000000000000000000000000000,1
20,3,3/20,containment_s19,0,19,20,32,640,7,22574365/536870912,7766676588385517814484949135630046419297/8589934592000000000000000000000000000000,1
20,3,3/20,full_clamp,0,20,1,17,17,4,1607/32768,59066943224413682347/65536000000000000000,1
20,3,1/4,boundary_s0,3,0,1140,110,125400,33,6098300028686657049774357301185/162259276829213363391578010288128,762309760893838043611928311596852169820999871681023168966892055853/842498333348457493583344221469363458551160763204392890034487820288,1
20,3,1/4,boundary_s1,2,1,3420,120,410400,36,7896907210761279214270235114009625/166153499473114484112975882535043072,806231143508067365747539604255662678934471265069207585991258405820640095/883423532389192164791648750371459257913741948437809479060803100646309888,1
20,3,1/4,boundary_s2,1,2,3420,120,410400,36,7896907210761279214270235114009625/166153499473114484112975882535043072,806231143508067365747539604255662678934471265069207585991258405820640095/883423532389192164791648750371459257913741948437809479060803100646309888,1
20,3,1/4,boundary_s3,0,3,1140,110,125400,33,6098300028686657049774357301185/162259276829213363391578010288128,762309760893838043611928311596852169820999871681023168966892055853/842498333348457493583344221469363458551160763204392890034487820288,1
20,3,1/4,containment_s4,0,4,4845,121,586245,36,15802404557090226701944727550281925/332306998946228968225951765070086144,399055439880886198440058722372538268673802310368560665469534821436249025/441711766194596082395824375185729628956870974218904739530401550323154944,1
20,3,1/4,containment_s5,0,5,15504,132,2046528,39,482574090261042292657908467480752587/10633823966279326983230456482242756608,418042438392760072130168188454083257765191754897714298777054007071689663596959/463168356949264781694283940034751631413079938662562256157830336031652518559744,1
20,3,1/4,containment_s6,0,6,38760,142,5503920,42,2098492567415481918642887185819785658755/43556142965880123323311949751266331066368,1769105125948288772139509061679662325115399890263736853349729971883885233920935342961/1942668892225729070919461906823518906642406839052139521251812409738904285205208498176,1
20,3,1/4,containment_s7,0,7,77520,149,11550480,44,135192460087095114030408257240215739383065/2787593149816327892691964784081045188247552,14529971782153612848029733405183293507259518443635446322191460522158600411960067792042377/15914343565113172548972231940698266883214596825515126958094847260581103904401068017057792,1
20,3,1/4,containment_s8,0,8,125970,153,19273410,45,8369941747962634165692537337350369459507285/178405961588244985132285746181186892047843328,1854212598051775357347887287286405175986530872848894519572413138033634668681171566963436061/2037035976334486086268445688409378161051468393665936250636140449354381299763336706183397376,1
20,3,1/4,containment_s9,0,9,167960,154,25865840,45,3918497108563778233521174580286358973580815/89202980794122492566142873090593446023921664,14699905568265476847920868133104772675803547714097123565108627409621205792165066271071574863/16296287810675888690147565507275025288411747149327490005089123594835050398106693649467179008,1
20,3,1/4,containment_s10,0,10,184756,154,28452424,45,8620693638840312113746584076629989741877793/178405961588244985132285746181186892047843328,14699905568265476847920868133104772675803547714097123565108627409621205792165066271071574863/16296287810675888690147565507275025288411747149327490005089123594835050398106693649467179008,1
20,3,1/4,containment_s11,0,11,167960,154,25865840,45,3918497108563778233521174580286358973580815/89202980794122492566142873090593446023921664,14699905568265476847920868133104772675803547714097123565108627409621205792165066271071574863/16296287810675888690147565507275025288411747149327490005089123594835050398106693649467179008,1
20,3,1/4,containment_s12,0,12,125970,153,19273410,45,8369941747962634165692537337350369459507285/178405961588244985132285746181186892047843328,1854212598051775357347887287286405175986530872848894519572413138033634668681171566963436061/2037035976334486086268445688409378161051468393665936250636140449354381299763336706183397376,1
20,3,1/4,containment_s13,0,13,77520,149,11550480,44,135192460087095114030408257240215739383065/2787593149816327892691964784081045188247552,14529971782153612848029733405183293507259518443635446322191460522158600411960067792042377/15914343565113172548972231940698266883214596825515126958094847260581103904401068017057792,1
20,3,1/4,containment_s14,0,14,38760,142,5503920,42,2098492567415481918642887185819785658755/43556142965880123323311949751266331066368,1769105125948288772139509061679662325115399890263736853349729971883885233920935342961/1942668892225729070919461906823518906642406839052139521251812409738904285205208498176,1
20,3,1/4,containment_s15,0,15,15504,132,2046528,39,482574090261042292657908467480752587/10633823966279326983230456482242756608,418042438392760072130168188454083257765191754897714298777054007071689663596959/463168356949264781694283940034751631413079938662562256157830336031652518559744,1
20,3,1/4,containment_s16,0,16,4845,121,586245,36,15802404557090226701944727550281925/332306998946228968225951765070086144,399055439880886198440058722372538268673802310368560665469534821436249025/441711766194596082395824375185729628956870974218904739530401550323154944,1
20,3,1/4,containment_s17,0,17,1140,110,125400,33,6098300028686657049774357301185/162259276829213363391578010288128,762309760893838043611928311596852169820999871681023168966892055853/842498333348457493583344221469363458551160763204392890034487820288,1
20,3,1/4,containment_s18,0,18,190,92,17480,28,3270886302921331582097605/77371252455336267181195264,693581709570700495868700283698485869360479729904408715/766247770432944429179173513575154591809369561091801088,1
20,3,1/4,containment_s19,0,19,20,71,1420,22,2686443516619128265/73786976294838206464,314051269744238495290113698866532350813375/348449143727040986586495598010130648530944,1
20,3,1/4,full_clamp,0,20,1,42,42,14,1496659417/34359738368,555786283484642355386633/604462909807314587353088,1
20,4,1/20,boundary_s0,4,0,4845,30,145350,3,10964235/268435456,252122214228255473989500026077047454273/268435456000000000000000000000000000000,1
20,4,1/20,boundary_s1,3,1,19380,32,620160,3,26594205/536870912,39779751231255353039039393099566226352061/42949672960000000000000000000000000000000,1
20,4,1/20,boundary_s2,2,2,29070,33,959310,3,43735815/1073741824,39478931645789540337295780674236373347661/42949672960000000000000000000000000000000,1
20,4,1/20,boundary_s3,1,3,19380,32,620160,3,26594205/536870912,39779751231255353039039393099566226352061/42949672960000000000000000000000000000000,1
20,4,1/20,boundary_s4,0,4,4845,30,145350,3,10964235/268435456,252122214228255473989500026077047454273/268435456000000000000000000000000000000,1
20,4,1/20,containment_s5,0,5,15504,32,496128,3,5318841/134217728,39779751231255353039039393099566226352061/42949672960000000000000000000000000000000,1
20,4,1/20,containment_s6,0,6,38760,34,1317840,3,7970025/268435456,9561663862055118667962330490665693397877/10485760000000000000000000000000000000000,1
20,4,1/20,containment_s7,0,7,77520,35,2713200,3,4345965/134217728,970925900540556805608775689019674193784367/1073741824000000000000000000000000000000000,1
20,4,1/20,containment_s8,0,8,125970,39,4912830,4,5805390435/137438953472,1051397717613797965628019678617826494429871652289/1099511627776000000000000000000000000000000000000,1
20,4,1/20,containment_s9,0,9,167960,40,6718400,4,2143400545/68719476736,5233519985823191481263725818124006294494379556177851/5497558138880000000000000000000000000000000000000000,1
20,4,1/20,containment_s10,0,10,184756,40,7390240,4,4715481199/137438953472,5233519985823191481263725818124006294494379556177851/5497558138880000000000000000000000000000000000000000,1
20,4,1/20,containment_s11,0,11,167960,40,6718400,4,2143400545/68719476736,5233519985823191481263725818124006294494379556177851/5497558138880000000000000000000000000000000000000000,1
20,4,1/20,containment_s12,0,12,125970,39,4912830,4,5805390435/137438953472,1051397717613797965628019678617826494429871652289/1099511627776000000000000000000000000000000000000,1
20,4,1/20,containment_s13,0,13,77520,35,2713200,3,4345965/134217728,970925900540556805608775689019674193784367/1073741824000000000000000000000000000000000,1
20,4,1/20,containment_s14,0,14,38760,34,1317840,3,7970025/268435456,9561663862055118667962330490665693397877/10485760000000000000000000000000000000000,1
20,4,1/20,containment_s15,0,15,15504,32,496128,3,5318841/134217728,39779751231255353039039393099566226352061/42949672960000000000000000000000000000000,1
20,4,1/20,containment_s16,0,16,4845,30,145350,3,10964235/268435456,252122214228255473989500026077047454273/268435456000000000000000000000000000000,1
20,4,1/20,containment_s17,0,17,1140,28,31920,3,1049655/33554432,51052457885008465110830371239305843/53687091200000000000000000000000000,1
20,4,1/20,containment_s18,0,18,190,21,3990,2,2755/65536,11994169162440651134064599/13107200000000000000000000,1
20,4,1/20,containment_s19,0,19,20,17,340,2,385/8192,62242620822486673273/65536000000000000000,1
20,4,1/20,full_clamp,0,20,1,9,9,1,5/128,11888494133/12800000000,1
20,4,3/20,boundary_s0,4,0,4845,58,281010,12,1434820608797655/36028797018963968,65866455761346270594918473823800447770672138918336439726370825195523018621/72057594037927936000000000000000000000000000000000000000000000000000000000,1
20,4,3/20,boundary_s1,3,1,19380,64,1240320,13,84055002647786085/2305843009213693952,83895169667720589350768618672996241053326495781540495793182302109838943225471365209/92233720368547758080000000000000000000000000000000000000000000000000000000000000000,1
20,4,3/20,boundary_s2,2,2,29070,68,1976760,14,74385862080290055/2305843009213693952,170258461021832893387666469149610627211230343364420351986470526918744709197802224255781/184467440737095516160000000000000000000000000000000000000000000000000000000000000000000,1
20,4,3/20,boundary_s3,1,3,19380,64,1240320,13,84055002647786085/2305843009213693952,83895169667720589350768618672996241053326495781540495793182302109838943225471365209/92233720368547758080000000000000000000000000000000000000000000000000000000000000000,1
20,4,3/20,boundary_s4,0,4,4845,58,281010,12,1434820608797655/36028797018963968,65866455761346270594918473823800447770672138918336439726370825195523018621/72057594037927936000000000000000000000000000000000000000000000000000000000,1
20,4,3/20,containment_s5,0,5,15504,63,976752,13,210585261173457/4503599627370496,4236442098593202981007770476839304386816006884517203226173014661443339822602039/4611686018427387904000000000000000000000000000000000000000000000000000000000000,1
20,4,3/20,containment_s6,0,6,38760,68,2635680,14,24795287360096685/576460752303423488,170258461021832893387666469149610627211230343364420351986470526918744709197802224255781/184467440737095516160000000000000000000000000000000000000000000000000000000000000000000,1
20,4,3/20,containment_s7,0,7,77520,70,5426400,14,38456407792468785/1152921504606846976,167082692214633902267796884414025573480569283332093373042700765130808195542760311600179021/184467440737095516160000000000000000000000000000000000000000000000000000000000000000000000,1
20,4,3/20,containment_s8,0,8,125970,74,9321780,15,2373391815218163675/73786976294838206464,27135953152483607051000324220533821284751038487147039420408187781514442403110251850674867310407/29514790517935282585600000000000000000000000000000000000000000000000000000000000000000000000000,1
20,4,3/20,containment_s9,0,9,167960,74,12429040,15,791130605072721225/18446744073709551616,27135953152483607051000324220533821284751038487147039420408187781514442403110251850674867310407/29514790517935282585600000000000000000000000000000000000000000000000000000000000000000000000000,1
20,4,3/20,containment_s10,0,10,184756,74,13671944,15,1740487331159986695/36893488147419103232,27135953152483607051000324220533821284751038487147039420408187781514442403110251850674867310407/29514790517935282585600000000000000000000000000000000000000000000000000000000000000000000000000,1
20,4,3/20,containment_s11,0,11,167960,74,12429040,15,791130605072721225/18446744073709551616,27135953152483607051000324220533821284751038487147039420408187781514442403110251850674867310407/29514790517935282585600000000000000000000000000000000000000000000000000000000000000000000000000,1
20,4,3/20,containment_s12,0,12,125970,74,9321780,15,2373391815218163675/73786976294838206464,27135953152483607051000324220533821284751038487147039420408187781514442403110251850674867310407/29514790517935282585600000000000000000000000000000000000000000000000000000000000000000000000000,1
20,4,3/20,containment_s13,0,13,77520,70,5426400,14,38456407792468785/1152921504606846976,167082692214633902267796884414025573480569283332093373042700765130808195542760311600179021/184467440737095516160000000000000000000000000000000000000000000000000000000000000000000000,1
20,4,3/20,containment_s14,0,14,38760,68,2635680,14,24795287360096685/576460752303423488,170258461021832893387666469149610627211230343364420351986470526918744709197802224255781/184467440737095516160000000000000000000000000000000000000000000000000000000000000000000,1
20,4,3/20,containment_s15,0,15,15504,63,976752,13,210585261173457/4503599627370496,4236442098593202981007770476839304386816006884517203226173014661443339822602039/4611686018427387904000000000000000000000000000000000000000000000000000000000000,1
20,4,3/20,containment_s16,0,16,4845,58,281010,12,1434820608797655/36028797018963968,65866455761346270594918473823800447770672138918336439726370825195523018621/72057594037927936000000000000000000000000000000000000000000000000000000000,1
20,4,3/20,containment_s17,0,17,1140,52,59280,11,11515767406695/281474976710656,2070167326889957226279082778058028867125573691699126832800894604663/2251799813685248000000000000000000000000000000000000000000000000000,1
20,4,3/20,containment_s18,0,18,190,45,8550,10,103236839055/2199023255552,82230848575466555629330445714997131485225153216977841373/87960930222080000000000000000000000000000000000000000000,1
20,4,3/20,containment_s19,0,19,20,32,640,7,22574365/536870912,7766676588385517814484949135630046419297/8589934592000000000000000000000000000000,1
20,4,3/20,full_clamp,0,20,1,17,17,4,1607/32768,59066943224413682347/65536000000000000000,1
20,4,1/4,boundary_s0,4,0,4845,121,586245,36,15802404557090226701944727550281925/332306998946228968225951765070086144,399055439880886198440058722372538268673802310368560665469534821436249025/441711766194596082395824375185729628956870974218904739530401550323154944,1
20,4,1/4,boundary_s1,3,1,19380,135,2616300,40,16303778121001648146686627697726604605/340282366920938463463374607431768211456,26923640205707758532494957986482195824585869426682022389906045429039372097419051/29642774844752946028434172162224104410437116074403984394101141506025761187823616,1
20,4,1/4,boundary_s2,2,2,29070,139,4040730,41,465515311703836629541716114253422364665/10889035741470030830827987437816582766592,3434485547536091381751890015342309916853099657328167480087844058287803036986826103/3794275180128377091639574036764685364535950857523710002444946112771297432041422848,1
20,4,1/4,boundary_s3,1,3,19380,135,2616300,40,16303778121001648146686627697726604605/340282366920938463463374607431768211456,26923640205707758532494957986482195824585869426682022389906045429039372097419051/29642774844752946028434172162224104410437116074403984394101141506025761187823616,1
20,4,1/4,boundary_s4,0,4,4845,121,586245,36,15802404557090226701944727550281925/332306998946228968225951765070086144,399055439880886198440058722372538268673802310368560665469534821436249025/441711766194596082395824375185729628956870974218904739530401550323154944,1
20,4,1/4,containment_s5,0,5,15504,132,2046528,39,482574090261042292657908467480752587/10633823966279326983230456482242756608,418042438392760072130168188454083257765191754897714298777054007071689663596959/463168356949264781694283940034751631413079938662562256157830336031652518559744,1
20,4,1/4,containment_s6,0,6,38760,142,5503920,42,2098492567415481918642887185819785658755/43556142965880123323311949751266331066368,1769105125948288772139509061679662325115399890263736853349729971883885233920935342961/1942668892225729070919461906823518906642406839052139521251812409738904285205208498176,1
20,4,1/4,containment_s7,0,7,77520,149,11550480,44,135192460087095114030408257240215739383065/2787593149816327892691964784081045188247552,14529971782153612848029733405183293507259518443635446322191460522158600411960067792042377/15914343565113172548972231940698266883214596825515126958094847260581103904401068017057792,1
20,4,1/4,containment_s8,0,8,125970,153,19273410,45,8369941747962634165692537337350369459507285/178405961588244985132285746181186892047843328,1854212598051775357347887287286405175986530872848894519572413138033634668681171566963436061/2037035976334486086268445688409378161051468393665936250636140449354381299763336706183397376,1
20,4,1/4,containment_s9,0,9,167960,154,25865840,45,3918497108563778233521174580286358973580815/89202980794122492566142873090593446023921664,14699905568265476847920868133104772675803547714097123565108627409621205792165066271071574863/16296287810675888690147565507275025288411747149327490005089123594835050398106693649467179008,1
20,4,1/4,containment_s10,0,10,184756,154,28452424,45,8620693638840312113746584076629989741877793/178405961588244985132285746181186892047843328,14699905568265476847920868133104772675803547714097123565108627409621205792165066271071574863/16296287810675888690147565507275025288411747149327490005089123594835050398106693649467179008,1
20,4,1/4,containment_s11,0,11,167960,154,25865840,45,3918497108563778233521174580286358973580815/89202980794122492566142873090593446023921664,14699905568265476847920868133104772675803547714097123565108627409621205792165066271071574863/16296287810675888690147565507275025288411747149327490005089123594835050398106693649467179008,1
20,4,1/4,containment_s12,0,12,125970,153,19273410,45,8369941747962634165692537337350369459507285/178405961588244985132285746181186892047843328,1854212598051775357347887287286405175986530872848894519572413138033634668681171566963436061/2037035976334486086268445688409378161051468393665936250636140449354381299763336706183397376,1
20,4,1/4,containment_s13,0,13,77520,149,11550480,44,135192460087095114030408257240215739383065/2787593149816327892691964784081045188247552,14529971782153612848029733405183293507259518443635446322191460522158600411960067792042377/15914343565113172548972231940698266883214596825515126958094847260581103904401068017057792,1
20,4,1/4,containment_s14,0,14,38760,142,5503920,42,2098492567415481918642887185819785658755/43556142965880123323311949751266331066368,1769105125948288772139509061679662325115399890263736853349729971883885233920935342961/1942668892225729070919461906823518906642406839052139521251812409738904285205208498176,1
20,4,1/4,containment_s15,0,15,15504,132,2046528,39,482574090261042292657908467480752587/10633823966279326983230456482242756608,418042438392760072130168188454083257765191754897714298777054007071689663596959/463168356949264781694283940034751631413079938662562256157830336031652518559744,1
20,4,1/4,containment_s16,0,16,4845,121,586245,36,15802404557090226701944727550281925/332306998946228968225951765070086144,399055439880886198440058722372538268673802310368560665469534821436249025/441711766194596082395824375185729628956870974218904739530401550323154944,1
20,4,1/4,containment_s17,0,17,1140,110,125400,33,6098300028686657049774357301185/162259276829213363391578010288128,762309760893838043611928311596852169820999871681023168966892055853/842498333348457493583344221469363458551160763204392890034487820288,1
20,4,1/4,containment_s18,0,18,190,92,17480,28,3270886302921331582097605/77371252455336267181195264,693581709570700495868700283698485869360479729904408715/766247770432944429179173513575154591809369561091801088,1
20,4,1/4,containment_s19,0,19,20,71,1420,22,2686443516619128265/73786976294838206464,314051269744238495290113698866532350813375/348449143727040986586495598010130648530944,1
20,4,1/4,full_clamp,0,20,1,42,42,14,1496659417/34359738368,555786283484642355386633/604462909807314587353088,1
20,5,1/20,boundary_s0,5,0,15504,32,496128,3,5318841/134217728,39779751231255353039039393099566226352061/42949672960000000000000000000000000000000,1
20,5,1/20,boundary_s1,4,1,77520,35,2713200,3,4345965/134217728,970925900540556805608775689019674193784367/1073741824000000000000000000000000000000000,1
20,5,1/20,boundary_s2,3,2,155040,40,6201600,4,494630895/17179869184,5233519985823191481263725818124006294494379556177851/5497558138880000000000000000000000000000000000000000,1
20,5,1/20,boundary_s3,2,3,155040,40,6201600,4,494630895/17179869184,5233519985823191481263725818124006294494379556177851/5497558138880000000000000000000000000000000000000000,1
20,5,1/20,boundary_s4,1,4,77520,35,2713200,3,4345965/134217728,970925900540556805608775689019674193784367/1073741824000000000000000000000000000000000,1
20,5,1/20,boundary_s5,0,5,15504,32,496128,3,5318841/134217728,39779751231255353039039393099566226352061/42949672960000000000000000000000000000000,1
20,5,1/20,containment_s6,0,6,38760,34,1317840,3,7970025/268435456,9561663862055118667962330490665693397877/10485760000000000000000000000000000000000,1
20,5,1/20,containment_s7,0,7,77520,35,2713200,3,4345965/134217728,970925900540556805608775689019674193784367/1073741824000000000000000000000000000000000,1
20,5,1/20,containment_s8,0,8,125970,39,4912830,4,5805390435/137438953472,1051397717613797965628019678617826494429871652289/1099511627776000000000000000000000000000000000000,1
20,5,1/20,containment_s9,0,9,167960,40,6718400,4,2143400545/68719476736,5233519985823191481263725818124006294494379556177851/5497558138880000000000000000000000000000000000000000,1
20,5,1/20,containment_s10,0,10,184756,40,7390240,4,4715481199/137438953472,5233519985823191481263725818124006294494379556177851/5497558138880000000000000000000000000000000000000000,1
20,5,1/20,containment_s11,0,11,167960,40,6718400,4,2143400545/68719476736,5233519985823191481263725818124006294494379556177851/5497558138880000000000000000000000000000000000000000,1
20,5,1/20,containment_s12,0,12,125970,39,4912830,4,5805390435/137438953472,1051397717613797965628019678617826494429871652289/1099511627776000000000000000000000000000000000000,1
20,5,1/20,containment_s13,0,13,77520,35,2713200,3,4345965/134217728,970925900540556805608775689019674193784367/1073741824000000000000000000000000000000000,1
20,5,1/20,containment_s14,0,14,38760,34,1317840,3,7970025/268435456,9561663862055118667962330490665693397877/10485760000000000000000000000000000000000,1
20,5,1/20,containment_s15,0,15,15504,32,496128,3,5318841/134217728,39779751231255353039039393099566226352061/42949672960000000000000000000000000000000,1
20,5,1/20,containment_s16,0,16,4845,30,145350,3,10964235/268435456,252122214228255473989500026077047454273/268435456000000000000000000000000000000,1
20,5,1/20,containment_s17,0,17,1140,28,31920,3,1049655/33554432,51052457885008465110830371239305843/53687091200000000000000000000000000,1
20,5,1/20,containment_s18,0,18,190,21,3990,2,2755/65536,11994169162440651134064599/13107200000000000000000000,1
20,5,1/20,containment_s19,0,19,20,17,340,2,385/8192,62242620822486673273/65536000000000000000,1
20,5,1/20,full_clamp,0,20,1,9,9,1,5/128,11888494133/12800000000,1
20,5,3/20,boundary_s0,5,0,15504,63,976752,13,210585261173457/4503599627370496,4236442098593202981007770476839304386816006884517203226173014661443339822602039/4611686018427387904000000000000000000000000000000000000000000000000000000000000,1
20,5,3/20,boundary_s1,4,1,77520,70,5426400,14,38456407792468785/1152921504606846976,167082692214633902267796884414025573480569283332093373042700765130808195542760311600179021/184467440737095516160000000000000000000000000000000000000000000000000000000000000000000000,1
20,5,3/20,boundary_s2,3,2,155040,74,11472960,15,182568601170627975/4611686018427387904,27135953152483607051000324220533821284751038487147039420408187781514442403110251850674867310407/29514790517935282585600000000000000000000000000000000000000000000000000000000000000000000000000,1
20,5,3/20,boundary_s3,2,3,155040,74,11472960,15,182568601170627975/4611686018427387904,27135953152483607051000324220533821284751038487147039420408187781514442403110251850674867310407/29514790517935282585600000000000000000000000000000000000000000000000000000000000000000000000000,1
20,5,3/20,boundary_s4,1,4,77520,70,5426400,14,38456407792468785/1152921504606846976,167082692214633902267796884414025573480569283332093373042700765130808195542760311600179021/184467440737095516160000000000000000000000000000000000000000000000000000000000000000000000,1
20,5,3/20,boundary_s5,0,5,15504,63,976752,13,210585261173457/4503599627370496,4236442098593202981007770476839304386816006884517203226173014661443339822602039/4611686018427387904000000000000000000000000000000000000000000000000000000000000,1
20,5,3/20,containment_s6,0,6,38760,68,2635680,14,24795287360096685/576460752303423488,170258461021832893387666469149610627211230343364420351986470526918744709197802224255781/184467440737095516160000000000000000000000000000000000000000000000000000000000000000000,1
20,5,3/20,containment_s7,0,7,77520,70,5426400,14,38456407792468785/1152921504606846976,167082692214633902267796884414025573480569283332093373042700765130808195542760311600179021/184467440737095516160000000000000000000000000000000000000000000000000000000000000000000000,1
20,5,3/20,containment_s8,0,8,125970,74,9321780,15,2373391815218163675/73786976294838206464,27135953152483607051000324220533821284751038487147039420408187781514442403110251850674867310407/29514790517935282585600000000000000000000000000000000000000000000000000000000000000000000000000,1
20,5,3/20,containment_s9,0,9,167960,74,12429040,15,791130605072721225/18446744073709551616,27135953152483607051000324220533821284751038487147039420408187781514442403110251850674867310407/29514790517935282585600000000000000000000000000000000000000000000000000000000000000000000000000,1
20,5,3/20,containment_s10,0,10,184756,74,13671944,15,1740487331159986695/36893488147419103232,27135953152483607051000324220533821284751038487147039420408187781514442403110251850674867310407/29514790517935282585600000000000000000000000000000000000000000000000000000000000000000000000000,1
20,5,3/20,containment_s11,0,11,167960,74,12429040,15,791130605072721225/18446744073709551616,27135953152483607051000324220533821284751038487147039420408187781514442403110251850674867310407/29514790517935282585600000000000000000000000000000000000000000000000000000000000000000000000000,1
20,5,3/20,containment_s12,0,12,125970,74,9321780,15,2373391815218163675/73786976294838206464,27135953152483607051000324220533821284751038487147039420408187781514442403110251850674867310407/29514790517935282585600000000000000000000000000000000000000000000000000000000000000000000000000,1
20,5,3/20,containment_s13,0,13,77520,70,5426400,14,38456407792468785/1152921504606846976,167082692214633902267796884414025573480569283332093373042700765130808195542760311600179021/184467440737095516160000000000000000000000000000000000000000000000000000000000000000000000,1
20,5,3/20,containment_s14,0,14,38760,68,2635680,14,24795287360096685/576460752303423488,170258461021832893387666469149610627211230343364420351986470526918744709197802224255781/184467440737095516160000000000000000000000000000000000000000000000000000000000000000000,1
20,5,3/20,containment_s15,0,15,15504,63,976752,13,210585261173457/4503599627370496,4236442098593202981007770476839304386816006884517203226173014661443339822602039/4611686018427387904000000000000000000000000000000000000000000000000000000000000,1
20,5,3/20,containment_s16,0,16,4845,58,281010,12,1434820608797655/36028797018963968,65866455761346270594918473823800447770672138918336439726370825195523018621/72057594037927936000000000000000000000000000000000000000000000000000000000,1
20,5,3/20,containment_s17,0,17,1140,52,59280,11,11515767406695/281474976710656,2070167326889957226279082778058028867125573691699126832800894604663/2251799813685248000000000000000000000000000000000000000000000000000,1
20,5,3/20,containment_s18,0,18,190,45,8550,10,103236839055/2199023255552,82230848575466555629330445714997131485225153216977841373/87960930222080000000000000000000000000000000000000000000,1
20,5,3/20,containment_s19,0,19,20,32,640,7,22574365/536870912,7766676588385517814484949135630046419297/8589934592000000000000000000000000000000,1
20,5,3/20,full_clamp,0,20,1,17,17,4,1607/32768,59066943224413682347/65536000000000000000,1
20,5,1/4,boundary_s0,5,0,15504,132,2046528,39,482574090261042292657908467480752587/10633823966279326983230456482242756608,418042438392760072130168188454083257765191754897714298777054007071689663596959/463168356949264781694283940034751631413079938662562256157830336031652518559744,1
20,5,1/4,boundary_s1,4,1,77520,149,11550480,44,135192460087095114030408257240215739383065/2787593149816327892691964784081045188247552,14529971782153612848029733405183293507259518443635446322191460522158600411960067792042377/15914343565113172548972231940698266883214596825515126958094847260581103904401068017057792,1
20,5,1/4,boundary_s2,3,2,155040,154,23876160,45,904268563514718053889501826219928993903265/22300745198530623141535718272648361505980416,14699905568265476847920868133104772675803547714097123565108627409621205792165066271071574863/16296287810675888690147565507275025288411747149327490005089123594835050398106693649467179008,1
20,5,1/4,boundary_s3,2,3,155040,154,23876160,45,904268563514718053889501826219928993903265/22300745198530623141535718272648361505980416,14699905568265476847920868133104772675803547714097123565108627409621205792165066271071574863/16296287810675888690147565507275025288411747149327490005089123594835050398106693649467179008,1
20,5,1/4,boundary_s4,1,4,77520,149,11550480,44,135192460087095114030408257240215739383065/2787593149816327892691964784081045188247552,14529971782153612848029733405183293507259518443635446322191460522158600411960067792042377/15914343565113172548972231940698266883214596825515126958094847260581103904401068017057792,1
20,5,1/4,boundary_s5,0,5,15504,132,2046528,39,482574090261042292657908467480752587/10633823966279326983230456482242756608,418042438392760072130168188454083257765191754897714298777054007071689663596959/463168356949264781694283940034751631413079938662562256157830336031652518559744,1
20,5,1/4,containment_s6,0,6,38760,142,5503920,42,2098492567415481918642887185819785658755/43556142965880123323311949751266331066368,1769105125948288772139509061679662325115399890263736853349729971883885233920935342961/1942668892225729070919461906823518906642406839052139521251812409738904285205208498176,1
20,5,1/4,containment_s7,0,7,77520,149,11550480,44,135192460087095114030408257240215739383065/2787593149816327892691964784081045188247552,14529971782153612848029733405183293507259518443635446322191460522158600411960067792042377/15914343565113172548972231940698266883214596825515126958094847260581103904401068017057792,1
20,5,1/4,containment_s8,0,8,125970,153,19273410,45,8369941747962634165692537337350369459507285/178405961588244985132285746181186892047843328,1854212598051775357347887287286405175986530872848894519572413138033634668681171566963436061/2037035976334486086268445688409378161051468393665936250636140449354381299763336706183397376,1
20,5,1/4,containment_s9,0,9,167960,154,25865840,45,3918497108563778233521174580286358973580815/89202980794122492566142873090593446023921664,14699905568265476847920868133104772675803547714097123565108627409621205792165066271071574863/16296287810675888690147565507275025288411747149327490005089123594835050398106693649467179008,1
20,5,1/4,containment_s10,0,10,184756,154,28452424,45,8620693638840312113746584076629989741877793/178405961588244985132285746181186892047843328,14699905568265476847920868133104772675803547714097123565108627409621205792165066271071574863/16296287810675888690147565507275025288411747149327490005089123594835050398106693649467179008,1
20,5,1/4,containment_s11,0,11,167960,154,25865840,45,3918497108563778233521174580286358973580815/89202980794122492566142873090593446023921664,14699905568265476847920868133104772675803547714097123565108627409621205792165066271071574863/16296287810675888690147565507275025288411747149327490005089123594835050398106693649467179008,1
20,5,1/4,containment_s12,0,12,125970,153,19273410,45,8369941747962634165692537337350369459507285/178405961588244985132285746181186892047843328,1854212598051775357347887287286405175986530872848894519572413138033634668681171566963436061/2037035976334486086268445688409378161051468393665936250636140449354381299763336706183397376,1
20,5,1/4,containment_s13,0,13,77520,149,11550480,44,135192460087095114030408257240215739383065/2787593149816327892691964784081045188247552,14529971782153612848029733405183293507259518443635446322191460522158600411960067792042377/15914343565113172548972231940698266883214596825515126958094847260581103904401068017057792,1
20,5,1/4,containment_s14,0,14,38760,142,5503920,42,2098492567415481918642887185819785658755/43556142965880123323311949751266331066368,1769105125948288772139509061679662325115399890263736853349729971883885233920935342961/1942668892225729070919461906823518906642406839052139521251812409738904285205208498176,1
20,5,1/4,containment_s15,0,15,15504,132,2046528,39,482574090261042292657908467480752587/10633823966279326983230456482242756608,418042438392760072130168188454083257765191754897714298777054007071689663596959/463168356949264781694283940034751631413079938662562256157830336031652518559744,1
20,5,1/4,containment_s16,0,16,4845,121,586245,36,15802404557090226701944727550281925/332306998946228968225951765070086144,399055439880886198440058722372538268673802310368560665469534821436249025/441711766194596082395824375185729628956870974218904739530401550323154944,1
20,5,1/4,containment_s17,0,17,1140,110,125400,33,6098300028686657049774357301185/162259276829213363391578010288128,762309760893838043611928311596852169820999871681023168966892055853/842498333348457493583344221469363458551160763204392890034487820288,1
20,5,1/4,containment_s18,0,18,190,92,17480,28,3270886302921331582097605/77371252455336267181195264,693581709570700495868700283698485869360479729904408715/766247770432944429179173513575154591809369561091801088,1
20,5,1/4,containment_s19,0,19,20,71,1420,22,2686443516619128265/73786976294838206464,314051269744238495290113698866532350813375/348449143727040986586495598010130648530944,1
20,5,1/4,full_clamp,0,20,1,42,42,14,1496659417/34359738368,555786283484642355386633/604462909807314587353088,1
20,6,1/20,boundary_s0,6,0,38760,34,1317840,3,7970025/268435456,9561663862055118667962330490665693397877/10485760000000000000000000000000000000000,1
20,6,1/20,boundary_s1,5,1,232560,40,9302400,4,1483892685/34359738368,5233519985823191481263725818124006294494379556177851/5497558138880000000000000000000000000000000000000000,1
20,6,1/20,boundary_s2,4,2,581400,42,24418800,4,4517259975/137438953472,207306783428675448772473991025054826514617581635743027/219902325555200000000000000000000000000000000000000000,1
20,6,1/20,boundary_s3,3,3,775200,42,32558400,4,1505753325/34359738368,207306783428675448772473991025054826514617581635743027/219902325555200000000000000000000000000000000000000000,1
20,6,1/20,boundary_s4,2,4,581400,42,24418800,4,4517259975/137438953472,207306783428675448772473991025054826514617581635743027/219902325555200000000000000000000000000000000000000000,1
20,6,1/20,boundary_s5,1,5,232560,40,9302400,4,1483892685/34359738368,5233519985823191481263725818124006294494379556177851/5497558138880000000000000000000000000000000000000000,1
20,6,1/20,boundary_s6,0,6,38760,34,1317840,3,7970025/268435456,9561663862055118667962330490665693397877/10485760000000000000000000000000000000000,1
20,6,1/20,containment_s7,0,7,77520,35,2713200,3,4345965/134217728,970925900540556805608775689019674193784367/1073741824000000000000000000000000000000000,1
20,6,1/20,containment_s8,0,8,125970,39,4912830,4,5805390435/137438953472,1051397717613797965628019678617826494429871652289/1099511627776000000000000000000000000000000000000,1
20,6,1/20,containment_s9,0,9,167960,40,6718400,4,2143400545/68719476736,5233519985823191481263725818124006294494379556177851/5497558138880000000000000000000000000000000000000000,1
20,6,1/20,containment_s10,0,10,184756,40,7390240,4,4715481199/137438953472,5233519985823191481263725818124006294494379556177851/5497558138880000000000000000000000000000000000000000,1
20,6,1/20,containment_s11,0,11,167960,40,6718400,4,2143400545/68719476736,5233519985823191481263725818124006294494379556177851/5497558138880000000000000000000000000000000000000000,1
20,6,1/20,containment_s12,0,12,125970,39,4912830,4,5805390435/137438953472,1051397717613797965628019678617826494429871652289/1099511627776000000000000000000000000000000000000,1
20,6,1/20,containment_s13,0,13,77520,35,2713200,3,4345965/134217728,970925900540556805608775689019674193784367/1073741824000000000000000000000000000000000,1
20,6,1/20,containment_s14,0,14,38760,34,1317840,3,7970025/268435456,9561663862055118667962330490665693397877/10485760000000000000000000000000000000000,1
20,6,1/20,containment_s15,0,15,15504,32,496128,3,5318841/134217728,39779751231255353039039393099566226352061/42949672960000000000000000000000000000000,1
20,6,1/20,containment_s16,0,16,4845,30,145350,3,10964235/268435456,252122214228255473989500026077047454273/268435456000000000000000000000000000000,1
20,6,1/20,containment_s17,0,17,1140,28,31920,3,1049655/33554432,51052457885008465110830371239305843/53687091200000000000000000000000000,1
20,6,1/20,containment_s18,0,18,190,21,3990,2,2755/65536,11994169162440651134064599/13107200000000000000000000,1
20,6,1/20,containment_s19,0,19,20,17,340,2,385/8192,62242620822486673273/65536000000000000000,1
20,6,1/20,full_clamp,0,20,1,9,9,1,5/128,11888494133/12800000000,1
20,6,3/20,boundary_s0,6,0,38760,68,2635680,14,24795287360096685/576460752303423488,170258461021832893387666469149610627211230343364420351986470526918744709197802224255781/184467440737095516160000000000000000000000000000000000000000000000000000000000000000000,1
20,6,3/20,boundary_s1,5,1,232560,75,17442000,15,681161802006040065/18446744073709551616,537874286923449840849216180080713757074985297817015959703122121827709824920418367072596768459/590295810358705651712000000000000000000000000000000000000000000000000000000000000000000000000,1
20,6,3/20,boundary_s2,4,2,581400,80,46512000,16,644809204007765257275/18889465931478580854784,2769312651920907683277353444825444652774095782519022249742219411853383144922454833585557815153364248341/3022314549036572936765440000000000000000000000000000000000000000000000000000000000000000000000000000000,1
20,6,3/20,boundary_s3,3,3,775200,80,62016000,16,214936401335921752425/4722366482869645213696,2769312651920907683277353444825444652774095782519022249742219411853383144922454833585557815153364248341/3022314549036572936765440000000000000000000000000000000000000000000000000000000000000000000000000000000,1
20,6,3/20,boundary_s4,2,4,581400,80,46512000,16,644809204007765257275/18889465931478580854784,2769312651920907683277353444825444652774095782519022249742219411853383144922454833585557815153364248341/3022314549036572936765440000000000000000000000000000000000000000000000000000000000000000000000000000000,1
20,6,3/20,boundary_s5,1,5,232560,75,17442000,15,681161802006040065/18446744073709551616,537874286923449840849216180080713757074985297817015959703122121827709824920418367072596768459/590295810358705651712000000000000000000000000000000000000000000000000000000000000000000000000,1
20,6,3/20,boundary_s6,0,6,38760,68,2635680,14,24795287360096685/576460752303423488,170258461021832893387666469149610627211230343364420351986470526918744709197802224255781/184467440737095516160000000000000000000000000000000000000000000000000000000000000000000,1
20,6,3/20,containment_s7,0,7,77520,70,5426400,14,38456407792468785/1152921504606846976,167082692214633902267796884414025573480569283332093373042700765130808195542760311600179021/184467440737095516160000000000000000000000000000000000000000000000000000000000000000000000,1
20,6,3/20,containment_s8,0,8,125970,74,9321780,15,2373391815218163675/73786976294838206464,27135953152483607051000324220533821284751038487147039420408187781514442403110251850674867310407/29514790517935282585600000000000000000000000000000000000000000000000000000000000000000000000000,1
20,6,3/20,containment_s9,0,9,167960,74,12429040,15,791130605072721225/18446744073709551616,27135953152483607051000324220533821284751038487147039420408187781514442403110251850674867310407/29514790517935282585600000000000000000000000000000000000000000000000000000000000000000000000000,1
20,6,3/20,containment_s10,0,10,184756,74,13671944,15,1740487331159986695/36893488147419103232,27135953152483607051000324220533821284751038487147039420408187781514442403110251850674867310407/29514790517935282585600000000000000000000000000000000000000000000000000000000000000000000000000,1
20,6,3/20,containment_s11,0,11,167960,74,12429040,15,791130605072721225/18446744073709551616,27135953152483607051000324220533821284751038487147039420408187781514442403110251850674867310407/29514790517935282585600000000000000000000000000000000000000000000000000000000000000000000000000,1
20,6,3/20,containment_s12,0,12,125970,74,9321780,15,2373391815218163675/73786976294838206464,27135953152483607051000324220533821284751038487147039420408187781514442403110251850674867310407/29514790517935282585600000000000000000000000000000000000000000000000000000000000000000000000000,1
20,6,3/20,containment_s13,0,13,77520,70,5426400,14,38456407792468785/1152921504606846976,167082692214633902267796884414025573480569283332093373042700765130808195542760311600179021/184467440737095516160000000000000000000000000000000000000000000000000000000000000000000000,1
20,6,3/20,containment_s14,0,14,38760,68,2635680,14,24795287360096685/576460752303423488,170258461021832893387666469149610627211230343364420351986470526918744709197802224255781/184467440737095516160000000000000000000000000000000000000000000000000000000000000000000,1
20,6,3/20,containment_s15,0,15,15504,63,976752,13,210585261173457/4503599627370496,4236442098593202981007770476839304386816006884517203226173014661443339822602039/4611686018427387904000000000000000000000000000000000000000000000000000000000000,1
20,6,3/20,containment_s16,0,16,4845,58,281010,12,1434820608797655/36028797018963968,65866455761346270594918473823800447770672138918336439726370825195523018621/72057594037927936000000000000000000000000000000000000000000000000000000000,1
20,6,3/20,containment_s17,0,17,1140,52,59280,11,11515767406695/281474976710656,2070167326889957226279082778058028867125573691699126832800894604663/2251799813685248000000000000000000000000000000000000000000000000000,1
20,6,3/20,containment_s18,0,18,190,45,8550,10,103236839055/2199023255552,82230848575466555629330445714997131485225153216977841373/87960930222080000000000000000000000000000000000000000000,1
20,6,3/20,containment_s19,0,19,20,32,640,7,22574365/536870912,7766676588385517814484949135630046419297/8589934592000000000000000000000000000000,1
20,6,3/20,full_clamp,0,20,1,17,17,4,1607/32768,59066943224413682347/65536000000000000000,1
20,6,1/4,boundary_s0,6,0,38760,142,5503920,42,2098492567415481918642887185819785658755/43556142965880123323311949751266331066368,1769105125948288772139509061679662325115399890263736853349729971883885233920935342961/1942668892225729070919461906823518906642406839052139521251812409738904285205208498176,1
20,6,1/4,boundary_s1,5,1,232560,160,37209600,47,498388663083930905409534701880055098830839395/11417981541647679048466287755595961091061972992,243692439429202181304640076169552828760838343973228188413471547809970620909963028624753651678917/266998379490113760299377713271194014325338065294581596243380200977777465722580068752870260867072,1
20,6,1/4,boundary_s2,4,2,581400,165,95931000,48,16641995680967133301964134285162389256893368475/365375409332725729550921208179070754913983135744,61667977576347708014181483419194104706723805864157377691001070579370408640348694926243401288299477/68351585149469122636640694597425667667286544715412888638305331450311031224980497600734786781970432,1
20,6,1/4,boundary_s3,3,3,775200,171,132559200,50,255443737800165388659394295424553009020484849425/5846006549323611672814739330865132078623730171904,255518168180601563531960888324629007426552319631888448251248539058461067282087288108250508923057721207/279968092772225526319680285071055534765205687154331191862498637620473983897520118172609686658950889472,1
20,6,1/4,boundary_s4,2,4,581400,165,95931000,48,16641995680967133301964134285162389256893368475/365375409332725729550921208179070754913983135744,61667977576347708014181483419194104706723805864157377691001070579370408640348694926243401288299477/68351585149469122636640694597425667667286544715412888638305331450311031224980497600734786781970432,1
20,6,1/4,boundary_s5,1,5,232560,160,37209600,47,498388663083930905409534701880055098830839395/11417981541647679048466287755595961091061972992,243692439429202181304640076169552828760838343973228188413471547809970620909963028624753651678917/266998379490113760299377713271194014325338065294581596243380200977777465722580068752870260867072,1
20,6,1/4,boundary_s6,0,6,38760,142,5503920,42,2098492567415481918642887185819785658755/43556142965880123323311949751266331066368,1769105125948288772139509061679662325115399890263736853349729971883885233920935342961/1942668892225729070919461906823518906642406839052139521251812409738904285205208498176,1
20,6,1/4,containment_s7,0,7,77520,149,11550480,44,135192460087095114030408257240215739383065/2787593149816327892691964784081045188247552,14529971782153612848029733405183293507259518443635446322191460522158600411960067792042377/15914343565113172548972231940698266883214596825515126958094847260581103904401068017057792,1
20,6,1/4,containment_s8,0,8,125970,153,19273410,45,8369941747962634165692537337350369459507285/178405961588244985132285746181186892047843328,1854212598051775357347887287286405175986530872848894519572413138033634668681171566963436061/2037035976334486086268445688409378161051468393665936250636140449354381299763336706183397376,1
20,6,1/4,containment_s9,0,9,167960,154,25865840,45,3918497108563778233521174580286358973580815/89202980794122492566142873090593446023921664,14699905568265476847920868133104772675803547714097123565108627409621205792165066271071574863/16296287810675888690147565507275025288411747149327490005089123594835050398106693649467179008,1
20,6,1/4,containment_s10,0,10,184756,154,28452424,45,8620693638840312113746584076629989741877793/178405961588244985132285746181186892047843328,14699905568265476847920868133104772675803547714097123565108627409621205792165066271071574863/16296287810675888690147565507275025288411747149327490005089123594835050398106693649467179008,1
20,6,1/4,containment_s11,0,11,167960,154,25865840,45,3918497108563778233521174580286358973580815/89202980794122492566142873090593446023921664,14699905568265476847920868133104772675803547714097123565108627409621205792165066271071574863/16296287810675888690147565507275025288411747149327490005089123594835050398106693649467179008,1
20,6,1/4,containment_s12,0,12,125970,153,19273410,45,8369941747962634165692537337350369459507285/178405961588244985132285746181186892047843328,1854212598051775357347887287286405175986530872848894519572413138033634668681171566963436061/2037035976334486086268445688409378161051468393665936250636140449354381299763336706183397376,1
20,6,1/4,containment_s13,0,13,77520,149,11550480,44,135192460087095114030408257240215739383065/2787593149816327892691964784081045188247552,14529971782153612848029733405183293507259518443635446322191460522158600411960067792042377/15914343565113172548972231940698266883214596825515126958094847260581103904401068017057792,1
20,6,1/4,containment_s14,0,14,38760,142,5503920,42,2098492567415481918642887185819785658755/43556142965880123323311949751266331066368,1769105125948288772139509061679662325115399890263736853349729971883885233920935342961/1942668892225729070919461906823518906642406839052139521251812409738904285205208498176,1
20,6,1/4,containment_s15,0,15,15504,132,2046528,39,482574090261042292657908467480752587/10633823966279326983230456482242756608,418042438392760072130168188454083257765191754897714298777054007071689663596959/463168356949264781694283940034751631413079938662562256157830336031652518559744,1
20,6,1/4,containment_s16,0,16,4845,121,586245,36,15802404557090226701944727550281925/332306998946228968225951765070086144,399055439880886198440058722372538268673802310368560665469534821436249025/441711766194596082395824375185729628956870974218904739530401550323154944,1
20,6,1/4,containment_s17,0,17,1140,110,125400,33,6098300028686657049774357301185/162259276829213363391578010288128,762309760893838043611928311596852169820999871681023168966892055853/842498333348457493583344221469363458551160763204392890034487820288,1
20,6,1/4,containment_s18,0,18,190,92,17480,28,3270886302921331582097605/77371252455336267181195264,693581709570700495868700283698485869360479729904408715/766247770432944429179173513575154591809369561091801088,1
20,6,1/4,containment_s19,0,19,20,71,1420,22,2686443516619128265/73786976294838206464,314051269744238495290113698866532350813375/348449143727040986586495598010130648530944,1
20,6,1/4,full_clamp,0,20,1,42,42,14,1496659417/34359738368,555786283484642355386633/604462909807314587353088,1
