policy_id,counts,proxy_gain,q_infinity_movement,q_infinity_critical_epsilon,q_infinity_margin_sign,q_2_movement_squared,q_2_critical_epsilon_squared,q_2_margin_sign,q_1_movement,q_1_critical_epsilon,q_1_margin_sign
0,0;0;0;0;15,2,8/5,5/4,positive,4,1,positive,4,1/2,positive
1,0;0;0;1;14,29/15,22/15,29/22,positive,152/45,841/760,positive,11/3,29/55,positive
2,0;0;0;2;13,28/15,4/3,7/5,positive,128/45,49/40,positive,10/3,14/25,positive
3,0;0;0;3;12,9/5,6/5,3/2,positive,12/5,27/20,positive,3,3/5,positive
4,0;0;0;4;11,26/15,6/5,13/9,positive,92/45,169/115,positive,8/3,13/20,positive
5,0;0;0;5;10,5/3,6/5,25/18,positive,16/9,25/16,positive,7/3,5/7,positive
6,0;0;0;6;9,8/5,6/5,4/3,positive,8/5,8/5,positive,2,4/5,positive
7,0;0;0;7;8,23/15,6/5,23/18,positive,68/45,529/340,positive,5/3,23/25,positive
8,0;0;0;8;7,22/15,6/5,11/9,positive,68/45,121/85,positive,5/3,22/25,positive
9,0;0;0;9;6,7/5,6/5,7/6,positive,8/5,49/40,positive,2,7/10,positive
10,0;0;0;10;5,4/3,6/5,10/9,positive,16/9,1,positive,7/3,4/7,positive
11,0;0;0;11;4,19/15,6/5,19/18,positive,92/45,361/460,positive,8/3,19/40,positive
12,0;0;0;12;3,6/5,6/5,1,positive,12/5,3/5,positive,3,2/5,positive
13,0;0;0;13;2,17/15,4/3,17/20,positive,128/45,289/640,positive,10/3,17/50,positive
14,0;0;0;14;1,16/15,22/15,8/11,positive,152/45,32/95,positive,11/3,16/55,positive
15,0;0;0;15;0,1,8/5,5/8,positive,4,1/4,positive,4,1/4,zero
16,0;0;1;0;14,28/15,22/15,14/11,positive,152/45,98/95,positive,11/3,28/55,positive
17,0;0;1;1;13,9/5,4/3,27/20,positive,14/5,81/70,positive,10/3,27/50,positive
18,0;0;1;2;12,26/15,6/5,13/9,positive,104/45,13/10,positive,3,26/45,positive
19,0;0;1;3;11,5/3,16/15,25/16,positive,86/45,125/86,positive,8/3,5/8,positive
20,0;0;1;4;10,8/5,16/15,3/2,positive,8/5,8/5,positive,7/3,24/35,positive
21,0;0;1;5;9,23/15,16/15,23/16,positive,62/45,529/310,positive,2,23/30,positive
22,0;0;1;6;8,22/15,16/15,11/8,positive,56/45,121/70,positive,5/3,22/25,positive
23,0;0;1;7;7,7/5,16/15,21/16,positive,6/5,49/30,positive,4/3,21/20,positive
24,0;0;1;8;6,4/3,16/15,5/4,positive,56/45,10/7,positive,5/3,4/5,positive
25,0;0;1;9;5,19/15,16/15,19/16,positive,62/45,361/310,positive,2,19/30,positive
26,0;0;1;10;4,6/5,16/15,9/8,positive,8/5,9/10,positive,7/3,18/35,positive
27,0;0;1;11;3,17/15,16/15,17/16,positive,86/45,289/430,positive,8/3,17/40,positive
28,0;0;1;12;2,16/15,6/5,8/9,positive,104/45,32/65,positive,3,16/45,positive
29,0;0;1;13;1,1,4/3,3/4,positive,14/5,5/14,positive,10/3,3/10,positive
30,0;0;1;14;0,14/15,22/15,7/11,positive,152/45,49/190,positive,11/3,14/55,positive
31,0;0;2;0;13,26/15,4/3,13/10,positive,128/45,169/160,positive,10/3,13/25,positive
32,0;0;2;1;12,5/3,6/5,25/18,positive,104/45,125/104,positive,3,5/9,positive
33,0;0;2;2;11,8/5,16/15,3/2,positive,28/15,48/35,positive,8/3,3/5,positive
34,0;0;2;3;10,23/15,14/15,23/14,positive,68/45,529/340,positive,7/3,23/35,positive
35,0;0;2;4;9,22/15,14/15,11/7,positive,56/45,121/70,positive,2,11/15,positive
36,0;0;2;5;8,7/5,14/15,3/2,positive,16/15,147/80,positive,5/3,21/25,positive
37,0;0;2;6;7,4/3,14/15,10/7,positive,44/45,20/11,positive,4/3,1,positive
38,0;0;2;7;6,19/15,14/15,19/14,positive,44/45,361/220,positive,4/3,19/20,positive
39,0;0;2;8;5,6/5,14/15,9/7,positive,16/15,27/20,positive,5/3,18/25,positive
40,0;0;2;9;4,17/15,14/15,17/14,positive,56/45,289/280,positive,2,17/30,positive
41,0;0;2;10;3,16/15,14/15,8/7,positive,68/45,64/85,positive,7/3,16/35,positive
42,0;0;2;11;2,1,16/15,15/16,positive,28/15,15/28,positive,8/3,3/8,positive
43,0;0;2;12;1,14/15,6/5,7/9,positive,104/45,49/130,positive,3,14/45,positive
44,0;0;2;13;0,13/15,4/3,13/20,positive,128/45,169/640,positive,10/3,13/50,positive
45,0;0;3;0;12,8/5,6/5,4/3,positive,12/5,16/15,positive,3,8/15,positive
46,0;0;3;1;11,23/15,16/15,23/16,positive,86/45,529/430,positive,8/3,23/40,positive
47,0;0;3;2;10,22/15,14/15,11/7,positive,68/45,121/85,positive,7/3,22/35,positive
48,0;0;3;3;9,7/5,4/5,7/4,positive,6/5,49/30,positive,2,7/10,positive
49,0;0;3;4;8,4/3,4/5,5/3,positive,44/45,20/11,positive,5/3,4/5,positive
50,0;0;3;5;7,19/15,4/5,19/12,positive,38/45,19/10,positive,4/3,19/20,positive
51,0;0;3;6;6,6/5,4/5,3/2,positive,4/5,9/5,positive,1,6/5,positive
52,0;0;3;7;5,17/15,4/5,17/12,positive,38/45,289/190,positive,4/3,17/20,positive
53,0;0;3;8;4,16/15,4/5,4/3,positive,44/45,64/55,positive,5/3,16/25,positive
54,0;0;3;9;3,1,4/5,5/4,positive,6/5,5/6,positive,2,1/2,positive
55,0;0;3;10;2,14/15,14/15,1,positive,68/45,49/85,positive,7/3,2/5,positive
56,0;0;3;11;1,13/15,16/15,13/16,positive,86/45,169/430,positive,8/3,13/40,positive
57,0;0;3;12;0,4/5,6/5,2/3,positive,12/5,4/15,positive,3,4/15,positive
58,0;0;4;0;11,22/15,6/5,11/9,positive,92/45,121/115,positive,8/3,11/20,positive
59,0;0;4;1;10,7/5,16/15,21/16,positive,8/5,49/40,positive,7/3,3/5,positive
60,0;0;4;2;9,4/3,14/15,10/7,positive,56/45,10/7,positive,2,2/3,positive
61,0;0;4;3;8,19/15,4/5,19/12,positive,44/45,361/220,positive,5/3,19/25,positive
62,0;0;4;4;7,6/5,4/5,3/2,positive,4/5,9/5,positive,4/3,9/10,positive
63,0;0;4;5;6,17/15,4/5,17/12,positive,32/45,289/160,positive,1,17/15,positive
64,0;0;4;6;5,16/15,4/5,4/3,positive,32/45,8/5,positive,1,16/15,positive
65,0;0;4;7;4,1,4/5,5/4,positive,4/5,5/4,positive,4/3,3/4,positive
66,0;0;4;8;3,14/15,4/5,7/6,positive,44/45,49/55,positive,5/3,14/25,positive
67,0;0;4;9;2,13/15,14/15,13/14,positive,56/45,169/280,positive,2,13/30,positive
68,0;0;4;10;1,4/5,16/15,3/4,positive,8/5,2/5,positive,7/3,12/35,positive
69,0;0;4;11;0,11/15,6/5,11/18,positive,92/45,121/460,positive,8/3,11/40,positive
70,0;0;5;0;10,4/3,6/5,10/9,positive,16/9,1,positive,7/3,4/7,positive
71,0;0;5;1;9,19/15,16/15,19/16,positive,62/45,361/310,positive,2,19/30,positive
72,0;0;5;2;8,6/5,14/15,9/7,positive,16/15,27/20,positive,5/3,18/25,positive
73,0;0;5;3;7,17/15,4/5,17/12,positive,38/45,289/190,positive,4/3,17/20,positive
74,0;0;5;4;6,16/15,4/5,4/3,positive,32/45,8/5,positive,1,16/15,positive
75,0;0;5;5;5,1,4/5,5/4,positive,2/3,3/2,positive,1,1,positive
76,0;0;5;6;4,14/15,4/5,7/6,positive,32/45,49/40,positive,1,14/15,positive
77,0;0;5;7;3,13/15,4/5,13/12,positive,38/45,169/190,positive,4/3,13/20,positive
78,0;0;5;8;2,4/5,14/15,6/7,positive,16/15,3/5,positive,5/3,12/25,positive
79,0;0;5;9;1,11/15,16/15,11/16,positive,62/45,121/310,positive,2,11/30,positive
80,0;0;5;10;0,2/3,6/5,5/9,positive,16/9,1/4,positive,7/3,2/7,positive
81,0;0;6;0;9,6/5,6/5,1,positive,8/5,9/10,positive,2,3/5,positive
82,0;0;6;1;8,17/15,16/15,17/16,positive,56/45,289/280,positive,5/3,17/25,positive
83,0;0;6;2;7,16/15,14/15,8/7,positive,44/45,64/55,positive,4/3,4/5,positive
84,0;0;6;3;6,1,4/5,5/4,positive,4/5,5/4,positive,1,1,positive
85,0;0;6;4;5,14/15,4/5,7/6,positive,32/45,49/40,positive,1,14/15,positive
86,0;0;6;5;4,13/15,4/5,13/12,positive,32/45,169/160,positive,1,13/15,positive
87,0;0;6;6;3,4/5,4/5,1,positive,4/5,4/5,positive,1,4/5,positive
88,0;0;6;7;2,11/15,14/15,11/14,positive,44/45,11/20,positive,4/3,11/20,positive
89,0;0;6;8;1,2/3,16/15,5/8,positive,56/45,5/14,positive,5/3,2/5,positive
90,0;0;6;9;0,3/5,6/5,1/2,positive,8/5,9/40,positive,2,3/10,positive
91,0;0;7;0;8,16/15,6/5,8/9,positive,68/45,64/85,positive,5/3,16/25,positive
92,0;0;7;1;7,1,16/15,15/16,positive,6/5,5/6,positive,4/3,3/4,positive
93,0;0;7;2;6,14/15,14/15,1,positive,44/45,49/55,positive,4/3,7/10,positive
94,0;0;7;3;5,13/15,4/5,13/12,positive,38/45,169/190,positive,4/3,13/20,positive
95,0;0;7;4;4,4/5,4/5,1,positive,4/5,4/5,positive,4/3,3/5,positive
96,0;0;7;5;3,11/15,4/5,11/12,positive,38/45,121/190,positive,4/3,11/20,positive
97,0;0;7;6;2,2/3,14/15,5/7,positive,44/45,5/11,positive,4/3,1/2,positive
98,0;0;7;7;1,3/5,16/15,9/16,positive,6/5,3/10,positive,4/3,9/20,positive
99,0;0;7;8;0,8/15,6/5,4/9,positive,68/45,16/85,positive,5/3,8/25,positive
100,0;0;8;0;7,14/15,6/5,7/9,positive,68/45,49/85,positive,5/3,14/25,positive
101,0;0;8;1;6,13/15,16/15,13/16,positive,56/45,169/280,positive,5/3,13/25,positive
102,0;0;8;2;5,4/5,14/15,6/7,positive,16/15,3/5,positive,5/3,12/25,positive
103,0;0;8;3;4,11/15,4/5,11/12,positive,44/45,11/20,positive,5/3,11/25,positive
104,0;0;8;4;3,2/3,4/5,5/6,positive,44/45,5/11,positive,5/3,2/5,positive
105,0;0;8;5;2,3/5,14/15,9/14,positive,16/15,27/80,positive,5/3,9/25,positive
106,0;0;8;6;1,8/15,16/15,1/2,positive,56/45,8/35,positive,5/3,8/25,positive
107,0;0;8;7;0,7/15,6/5,7/18,positive,68/45,49/340,positive,5/3,7/25,positive
108,0;0;9;0;6,4/5,6/5,2/3,positive,8/5,2/5,positive,2,2/5,positive
109,0;0;9;1;5,11/15,16/15,11/16,positive,62/45,121/310,positive,2,11/30,positive
110,0;0;9;2;4,2/3,14/15,5/7,positive,56/45,5/14,positive,2,1/3,positive
111,0;0;9;3;3,3/5,4/5,3/4,positive,6/5,3/10,positive,2,3/10,positive
112,0;0;9;4;2,8/15,14/15,4/7,positive,56/45,8/35,positive,2,4/15,positive
113,0;0;9;5;1,7/15,16/15,7/16,positive,62/45,49/310,positive,2,7/30,negative
114,0;0;9;6;0,2/5,6/5,1/3,positive,8/5,1/10,positive,2,1/5,negative
115,0;0;10;0;5,2/3,6/5,5/9,positive,16/9,1/4,positive,7/3,2/7,positive
116,0;0;10;1;4,3/5,16/15,9/16,positive,8/5,9/40,positive,7/3,9/35,positive
117,0;0;10;2;3,8/15,14/15,4/7,positive,68/45,16/85,positive,7/3,8/35,negative
118,0;0;10;3;2,7/15,14/15,1/2,positive,68/45,49/340,positive,7/3,1/5,negative
119,0;0;10;4;1,2/5,16/15,3/8,positive,8/5,1/10,positive,7/3,6/35,negative
120,0;0;10;5;0,1/3,6/5,5/18,positive,16/9,1/16,zero,7/3,1/7,negative
121,0;0;11;0;4,8/15,6/5,4/9,positive,92/45,16/115,positive,8/3,1/5,negative
122,0;0;11;1;3,7/15,16/15,7/16,positive,86/45,49/430,positive,8/3,7/40,negative
123,0;0;11;2;2,2/5,16/15,3/8,positive,28/15,3/35,positive,8/3,3/20,negative
124,0;0;11;3;1,1/3,16/15,5/16,positive,86/45,5/86,negative,8/3,1/8,negative
125,0;0;11;4;0,4/15,6/5,2/9,negative,92/45,4/115,negative,8/3,1/10,negative
126,0;0;12;0;3,2/5,6/5,1/3,positive,12/5,1/15,positive,3,2/15,negative
127,0;0;12;1;2,1/3,6/5,5/18,positive,104/45,5/104,negative,3,1/9,negative
128,0;0;12;2;1,4/15,6/5,2/9,negative,104/45,2/65,negative,3,4/45,negative
129,0;0;12;3;0,1/5,6/5,1/6,negative,12/5,1/60,negative,3,1/15,negative
130,0;0;13;0;2,4/15,4/3,1/5,negative,128/45,1/40,negative,10/3,2/25,negative
131,0;0;13;1;1,1/5,4/3,3/20,negative,14/5,1/70,negative,10/3,3/50,negative
132,0;0;13;2;0,2/15,4/3,1/10,negative,128/45,1/160,negative,10/3,1/25,negative
133,0;0;14;0;1,2/15,22/15,1/11,negative,152/45,1/190,negative,11/3,2/55,negative
134,0;0;14;1;0,1/15,22/15,1/22,negative,152/45,1/760,negative,11/3,1/55,negative
136,0;1;0;0;14,9/5,22/15,27/22,positive,152/45,729/760,positive,11/3,27/55,positive
137,0;1;0;1;13,26/15,4/3,13/10,positive,14/5,338/315,positive,10/3,13/25,positive
138,0;1;0;2;12,5/3,6/5,25/18,positive,104/45,125/104,positive,3,5/9,positive
139,0;1;0;3;11,8/5,16/15,3/2,positive,86/45,288/215,positive,8/3,3/5,positive
140,0;1;0;4;10,23/15,16/15,23/16,positive,8/5,529/360,positive,7/3,23/35,positive
141,0;1;0;5;9,22/15,16/15,11/8,positive,62/45,242/155,positive,2,11/15,positive
142,0;1;0;6;8,7/5,16/15,21/16,positive,56/45,63/40,positive,5/3,21/25,positive
143,0;1;0;7;7,4/3,16/15,5/4,positive,6/5,40/27,positive,4/3,1,positive
144,0;1;0;8;6,19/15,16/15,19/16,positive,56/45,361/280,positive,5/3,19/25,positive
145,0;1;0;9;5,6/5,16/15,9/8,positive,62/45,162/155,positive,2,3/5,positive
146,0;1;0;10;4,17/15,16/15,17/16,positive,8/5,289/360,positive,7/3,17/35,positive
147,0;1;0;11;3,16/15,16/15,1,positive,86/45,128/215,positive,8/3,2/5,positive
148,0;1;0;12;2,1,6/5,5/6,positive,104/45,45/104,positive,3,1/3,positive
149,0;1;0;13;1,14/15,4/3,7/10,positive,14/5,14/45,positive,10/3,7/25,positive
150,0;1;0;14;0,13/15,22/15,13/22,positive,152/45,169/760,positive,11/3,13/55,negative
151,0;1;1;0;13,5/3,4/3,5/4,positive,14/5,125/126,positive,10/3,1/2,positive
152,0;1;1;1;12,8/5,6/5,4/3,positive,34/15,96/85,positive,3,8/15,positive
153,0;1;1;2;11,23/15,16/15,23/16,positive,82/45,529/410,positive,8/3,23/40,positive
154,0;1;1;3;10,22/15,14/15,11/7,positive,22/15,22/15,positive,7/3,22/35,positive
155,0;1;1;4;9,7/5,14/15,3/2,positive,6/5,49/30,positive,2,7/10,positive
156,0;1;1;5;8,4/3,14/15,10/7,positive,46/45,40/23,positive,5/3,4/5,positive
157,0;1;1;6;7,19/15,14/15,19/14,positive,14/15,361/210,positive,4/3,19/20,positive
158,0;1;1;7;6,6/5,14/15,9/7,positive,14/15,54/35,positive,4/3,9/10,positive
159,0;1;1;8;5,17/15,14/15,17/14,positive,46/45,289/230,positive,5/3,17/25,positive
160,0;1;1;9;4,16/15,14/15,8/7,positive,6/5,128/135,positive,2,8/15,positive
161,0;1;1;10;3,1,14/15,15/14,positive,22/15,15/22,positive,7/3,3/7,positive
162,0;1;1;11;2,14/15,16/15,7/8,positive,82/45,98/205,positive,8/3,7/20,positive
163,0;1;1;12;1,13/15,6/5,13/18,positive,34/15,169/510,positive,3,13/45,positive
164,0;1;1;13;0,4/5,4/3,3/5,positive,14/5,8/35,positive,10/3,6/25,negative
165,0;1;2;0;12,23/15,6/5,23/18,positive,104/45,529/520,positive,3,23/45,positive
166,0;1;2;1;11,22/15,16/15,11/8,positive,82/45,242/205,positive,8/3,11/20,positive
167,0;1;2;2;10,7/5,14/15,3/2,positive,64/45,441/320,positive,7/3,3/5,positive
168,0;1;2;3;9,4/3,4/5,5/3,positive,10/9,8/5,positive,2,2/3,positive
169,0;1;2;4;8,19/15,4/5,19/12,positive,8/9,361/200,positive,5/3,19/25,positive
170,0;1;2;5;7,6/5,4/5,3/2,positive,34/45,162/85,positive,4/3,9/10,positive
171,0;1;2;6;6,17/15,4/5,17/12,positive,32/45,289/160,positive,1,17/15,positive
172,0;1;2;7;5,16/15,4/5,4/3,positive,34/45,128/85,positive,4/3,4/5,positive
173,0;1;2;8;4,1,4/5,5/4,positive,8/9,9/8,positive,5/3,3/5,positive
174,0;1;2;9;3,14/15,4/5,7/6,positive,10/9,98/125,positive,2,7/15,positive
175,0;1;2;10;2,13/15,14/15,13/14,positive,64/45,169/320,positive,7/3,13/35,positive
176,0;1;2;11;1,4/5,16/15,3/4,positive,82/45,72/205,positive,8/3,3/10,positive
177,0;1;2;12;0,11/15,6/5,11/18,positive,104/45,121/520,positive,3,11/45,negative
178,0;1;3;0;11,7/5,16/15,21/16,positive,86/45,441/430,positive,8/3,21/40,positive
179,0;1;3;1;10,4/3,14/15,10/7,positive,22/15,40/33,positive,7/3,4/7,positive
180,0;1;3;2;9,19/15,4/5,19/12,positive,10/9,361/250,positive,2,19/30,positive
181,0;1;3;3;8,6/5,2/3,9/5,positive,38/45,162/95,positive,5/3,18/25,positive
182,0;1;3;4;7,17/15,2/3,17/10,positive,2/3,289/150,positive,4/3,17/20,positive
183,0;1;3;5;6,16/15,2/3,8/5,positive,26/45,128/65,positive,1,16/15,positive
184,0;1;3;6;5,1,2/3,3/2,positive,26/45,45/26,positive,1,1,positive
185,0;1;3;7;4,14/15,2/3,7/5,positive,2/3,98/75,positive,4/3,7/10,positive
186,0;1;3;8;3,13/15,2/3,13/10,positive,38/45,169/190,positive,5/3,13/25,positive
187,0;1;3;9;2,4/5,4/5,1,positive,10/9,72/125,positive,2,2/5,positive
188,0;1;3;10;1,11/15,14/15,11/14,positive,22/15,11/30,positive,7/3,11/35,positive
189,0;1;3;11;0,2/3,16/15,5/8,positive,86/45,10/43,positive,8/3,1/4,zero
190,0;1;4;0;10,19/15,16/15,19/16,positive,8/5,361/360,positive,7/3,19/35,positive
191,0;1;4;1;9,6/5,14/15,9/7,positive,6/5,6/5,positive,2,3/5,positive
192,0;1;4;2;8,17/15,4/5,17/12,positive,8/9,289/200,positive,5/3,17/25,positive
193,0;1;4;3;7,16/15,2/3,8/5,positive,2/3,128/75,positive,4/3,4/5,positive
194,0;1;4;4;6,1,2/3,3/2,positive,8/15,15/8,positive,1,1,positive
195,0;1;4;5;5,14/15,2/3,7/5,positive,22/45,98/55,positive,1,14/15,positive
196,0;1;4;6;4,13/15,2/3,13/10,positive,8/15,169/120,positive,1,13/15,positive
197,0;1;4;7;3,4/5,2/3,6/5,positive,2/3,24/25,positive,4/3,3/5,positive
198,0;1;4;8;2,11/15,4/5,11/12,positive,8/9,121/200,positive,5/3,11/25,positive
199,0;1;4;9;1,2/3,14/15,5/7,positive,6/5,10/27,positive,2,1/3,positive
200,0;1;4;10;0,3/5,16/15,9/16,positive,8/5,9/40,positive,7/3,9/35,positive
201,0;1;5;0;9,17/15,16/15,17/16,positive,62/45,289/310,positive,2,17/30,positive
202,0;1;5;1;8,16/15,14/15,8/7,positive,46/45,128/115,positive,5/3,16/25,positive
203,0;1;5;2;7,1,4/5,5/4,positive,34/45,45/34,positive,4/3,3/4,positive
204,0;1;5;3;6,14/15,2/3,7/5,positive,26/45,98/65,positive,1,14/15,positive
205,0;1;5;4;5,13/15,2/3,13/10,positive,22/45,169/110,positive,1,13/15,positive
206,0;1;5;5;4,4/5,2/3,6/5,positive,22/45,72/55,positive,1,4/5,positive
207,0;1;5;6;3,11/15,2/3,11/10,positive,26/45,121/130,positive,1,11/15,positive
208,0;1;5;7;2,2/3,4/5,5/6,positive,34/45,10/17,positive,4/3,1/2,positive
209,0;1;5;8;1,3/5,14/15,9/14,positive,46/45,81/230,positive,5/3,9/25,positive
210,0;1;5;9;0,8/15,16/15,1/2,positive,62/45,32/155,positive,2,4/15,positive
211,0;1;6;0;8,1,16/15,15/16,positive,56/45,45/56,positive,5/3,3/5,positive
212,0;1;6;1;7,14/15,14/15,1,positive,14/15,14/15,positive,4/3,7/10,positive
213,0;1;6;2;6,13/15,4/5,13/12,positive,32/45,169/160,positive,1,13/15,positive
214,0;1;6;3;5,4/5,2/3,6/5,positive,26/45,72/65,positive,1,4/5,positive
215,0;1;6;4;4,11/15,2/3,11/10,positive,8/15,121/120,positive,1,11/15,positive
216,0;1;6;5;3,2/3,2/3,1,positive,26/45,10/13,positive,1,2/3,positive
217,0;1;6;6;2,3/5,4/5,3/4,positive,32/45,81/160,positive,1,3/5,positive
218,0;1;6;7;1,8/15,14/15,4/7,positive,14/15,32/105,positive,4/3,2/5,positive
219,0;1;6;8;0,7/15,16/15,7/16,positive,56/45,7/40,positive,5/3,7/25,positive
220,0;1;7;0;7,13/15,16/15,13/16,positive,6/5,169/270,positive,4/3,13/20,positive
221,0;1;7;1;6,4/5,14/15,6/7,positive,14/15,24/35,positive,4/3,3/5,positive
222,0;1;7;2;5,11/15,4/5,11/12,positive,34/45,121/170,positive,4/3,11/20,positive
223,0;1;7;3;4,2/3,2/3,1,positive,2/3,2/3,positive,4/3,1/2,positive
224,0;1;7;4;3,3/5,2/3,9/10,positive,2/3,27/50,positive,4/3,9/20,positive
225,0;1;7;5;2,8/15,4/5,2/3,positive,34/45,32/85,positive,4/3,2/5,positive
226,0;1;7;6;1,7/15,14/15,1/2,positive,14/15,7/30,positive,4/3,7/20,positive
227,0;1;7;7;0,2/5,16/15,3/8,positive,6/5,2/15,positive,4/3,3/10,positive
228,0;1;8;0;6,11/15,16/15,11/16,positive,56/45,121/280,positive,5/3,11/25,positive
229,0;1;8;1;5,2/3,14/15,5/7,positive,46/45,10/23,positive,5/3,2/5,positive
230,0;1;8;2;4,3/5,4/5,3/4,positive,8/9,81/200,positive,5/3,9/25,positive
231,0;1;8;3;3,8/15,2/3,4/5,positive,38/45,32/95,positive,5/3,8/25,positive
232,0;1;8;4;2,7/15,4/5,7/12,positive,8/9,49/200,positive,5/3,7/25,positive
233,0;1;8;5;1,2/5,14/15,3/7,positive,46/45,18/115,positive,5/3,6/25,negative
234,0;1;8;6;0,1/3,16/15,5/16,positive,56/45,5/56,positive,5/3,1/5,negative
235,0;1;9;0;5,3/5,16/15,9/16,positive,62/45,81/310,positive,2,3/10,positive
236,0;1;9;1;4,8/15,14/15,4/7,positive,6/5,32/135,positive,2,4/15,positive
237,0;1;9;2;3,7/15,4/5,7/12,positive,10/9,49/250,positive,2,7/30,negative
238,0;1;9;3;2,2/5,4/5,1/2,positive,10/9,18/125,positive,2,1/5,negative
239,0;1;9;4;1,1/3,14/15,5/14,positive,6/5,5/54,positive,2,1/6,negative
240,0;1;9;5;0,4/15,16/15,1/4,zero,62/45,8/155,negative,2,2/15,negative
241,0;1;10;0;4,7/15,16/15,7/16,positive,8/5,49/360,positive,7/3,1/5,negative
242,0;1;10;1;3,2/5,14/15,3/7,positive,22/15,6/55,positive,7/3,6/35,negative
243,0;1;10;2;2,1/3,14/15,5/14,positive,64/45,5/64,positive,7/3,1/7,negative
244,0;1;10;3;1,4/15,14/15,2/7,positive,22/15,8/165,negative,7/3,4/35,negative
245,0;1;10;4;0,1/5,16/15,3/16,negative,8/5,1/40,negative,7/3,3/35,negative
246,0;1;11;0;3,1/3,16/15,5/16,positive,86/45,5/86,negative,8/3,1/8,negative
247,0;1;11;1;2,4/15,16/15,1/4,zero,82/45,8/205,negative,8/3,1/10,negative
248,0;1;11;2;1,1/5,16/15,3/16,negative,82/45,9/410,negative,8/3,3/40,negative
249,0;1;11;3;0,2/15,16/15,1/8,negative,86/45,2/215,negative,8/3,1/20,negative
250,0;1;12;0;2,1/5,6/5,1/6,negative,104/45,9/520,negative,3,1/15,negative
251,0;1;12;1;1,2/15,6/5,1/9,negative,34/15,2/255,negative,3,2/45,negative
252,0;1;12;2;0,1/15,6/5,1/18,negative,104/45,1/520,negative,3,1/45,negative
253,0;1;13;0;1,1/15,4/3,1/20,negative,14/5,1/630,negative,10/3,1/50,negative
256,0;2;0;0;13,8/5,4/3,6/5,positive,128/45,9/10,positive,10/3,12/25,positive
257,0;2;0;1;12,23/15,6/5,23/18,positive,104/45,529/520,positive,3,23/45,positive
258,0;2;0;2;11,22/15,16/15,11/8,positive,28/15,121/105,positive,8/3,11/20,positive
259,0;2;0;3;10,7/5,14/15,3/2,positive,68/45,441/340,positive,7/3,3/5,positive
260,0;2;0;4;9,4/3,14/15,10/7,positive,56/45,10/7,positive,2,2/3,positive
261,0;2;0;5;8,19/15,14/15,19/14,positive,16/15,361/240,positive,5/3,19/25,positive
262,0;2;0;6;7,6/5,14/15,9/7,positive,44/45,81/55,positive,4/3,9/10,positive
263,0;2;0;7;6,17/15,14/15,17/14,positive,44/45,289/220,positive,4/3,17/20,positive
264,0;2;0;8;5,16/15,14/15,8/7,positive,16/15,16/15,positive,5/3,16/25,positive
265,0;2;0;9;4,1,14/15,15/14,positive,56/45,45/56,positive,2,1/2,positive
266,0;2;0;10;3,14/15,14/15,1,positive,68/45,49/85,positive,7/3,2/5,positive
267,0;2;0;11;2,13/15,16/15,13/16,positive,28/15,169/420,positive,8/3,13/40,positive
268,0;2;0;12;1,4/5,6/5,2/3,positive,104/45,18/65,positive,3,4/15,positive
269,0;2;0;13;0,11/15,4/3,11/20,positive,128/45,121/640,positive,10/3,11/50,negative
270,0;2;1;0;12,22/15,6/5,11/9,positive,104/45,121/130,positive,3,22/45,positive
271,0;2;1;1;11,7/5,16/15,21/16,positive,82/45,441/410,positive,8/3,21/40,positive
272,0;2;1;2;10,4/3,14/15,10/7,positive,64/45,5/4,positive,7/3,4/7,positive
273,0;2;1;3;9,19/15,4/5,19/12,positive,10/9,361/250,positive,2,19/30,positive
274,0;2;1;4;8,6/5,4/5,3/2,positive,8/9,81/50,positive,5/3,18/25,positive
275,0;2;1;5;7,17/15,4/5,17/12,positive,34/45,17/10,positive,4/3,17/20,positive
276,0;2;1;6;6,16/15,4/5,4/3,positive,32/45,8/5,positive,1,16/15,positive
277,0;2;1;7;5,1,4/5,5/4,positive,34/45,45/34,positive,4/3,3/4,positive
278,0;2;1;8;4,14/15,4/5,7/6,positive,8/9,49/50,positive,5/3,14/25,positive
279,0;2;1;9;3,13/15,4/5,13/12,positive,10/9,169/250,positive,2,13/30,positive
280,0;2;1;10;2,4/5,14/15,6/7,positive,64/45,9/20,positive,7/3,12/35,positive
281,0;2;1;11;1,11/15,16/15,11/16,positive,82/45,121/410,positive,8/3,11/40,positive
282,0;2;1;12;0,2/3,6/5,5/9,positive,104/45,5/26,positive,3,2/9,negative
283,0;2;2;0;11,4/3,16/15,5/4,positive,28/15,20/21,positive,8/3,1/2,positive
284,0;2;2;1;10,19/15,14/15,19/14,positive,64/45,361/320,positive,7/3,19/35,positive
285,0;2;2;2;9,6/5,4/5,3/2,positive,16/15,27/20,positive,2,3/5,positive
286,0;2;2;3;8,17/15,2/3,17/10,positive,4/5,289/180,positive,5/3,17/25,positive
287,0;2;2;4;7,16/15,2/3,8/5,positive,28/45,64/35,positive,4/3,4/5,positive
288,0;2;2;5;6,1,2/3,3/2,positive,8/15,15/8,positive,1,1,positive
289,0;2;2;6;5,14/15,2/3,7/5,positive,8/15,49/30,positive,1,14/15,positive
290,0;2;2;7;4,13/15,2/3,13/10,positive,28/45,169/140,positive,4/3,13/20,positive
291,0;2;2;8;3,4/5,2/3,6/5,positive,4/5,4/5,positive,5/3,12/25,positive
292,0;2;2;9;2,11/15,4/5,11/12,positive,16/15,121/240,positive,2,11/30,positive
293,0;2;2;10;1,2/3,14/15,5/7,positive,64/45,5/16,positive,7/3,2/7,positive
294,0;2;2;11;0,3/5,16/15,9/16,positive,28/15,27/140,positive,8/3,9/40,negative
295,0;2;3;0;10,6/5,14/15,9/7,positive,68/45,81/85,positive,7/3,18/35,positive
296,0;2;3;1;9,17/15,4/5,17/12,positive,10/9,289/250,positive,2,17/30,positive
297,0;2;3;2;8,16/15,2/3,8/5,positive,4/5,64/45,positive,5/3,16/25,positive
298,0;2;3;3;7,1,8/15,15/8,positive,26/45,45/26,positive,4/3,3/4,positive
299,0;2;3;4;6,14/15,8/15,7/4,positive,4/9,49/25,positive,1,14/15,positive
300,0;2;3;5;5,13/15,8/15,13/8,positive,2/5,169/90,positive,1,13/15,positive
301,0;2;3;6;4,4/5,8/15,3/2,positive,4/9,36/25,positive,1,4/5,positive
302,0;2;3;7;3,11/15,8/15,11/8,positive,26/45,121/130,positive,4/3,11/20,positive
303,0;2;3;8;2,2/3,2/3,1,positive,4/5,5/9,positive,5/3,2/5,positive
304,0;2;3;9;1,3/5,4/5,3/4,positive,10/9,81/250,positive,2,3/10,positive
305,0;2;3;10;0,8/15,14/15,4/7,positive,68/45,16/85,positive,7/3,8/35,negative
306,0;2;4;0;9,16/15,14/15,8/7,positive,56/45,32/35,positive,2,8/15,positive
307,0;2;4;1;8,1,4/5,5/4,positive,8/9,9/8,positive,5/3,3/5,positive
308,0;2;4;2;7,14/15,2/3,7/5,positive,28/45,7/5,positive,4/3,7/10,positive
309,0;2;4;3;6,13/15,8/15,13/8,positive,4/9,169/100,positive,1,13/15,positive
310,0;2;4;4;5,4/5,8/15,3/2,positive,16/45,9/5,positive,1,4/5,positive
311,0;2;4;5;4,11/15,8/15,11/8,positive,16/45,121/80,positive,1,11/15,positive
312,0;2;4;6;3,2/3,8/15,5/4,positive,4/9,1,positive,1,2/3,positive
313,0;2;4;7;2,3/5,2/3,9/10,positive,28/45,81/140,positive,4/3,9/20,positive
314,0;2;4;8;1,8/15,4/5,2/3,positive,8/9,8/25,positive,5/3,8/25,positive
315,0;2;4;9;0,7/15,14/15,1/2,positive,56/45,7/40,positive,2,7/30,negative
316,0;2;5;0;8,14/15,14/15,1,positive,16/15,49/60,positive,5/3,14/25,positive
317,0;2;5;1;7,13/15,4/5,13/12,positive,34/45,169/170,positive,4/3,13/20,positive
318,0;2;5;2;6,4/5,2/3,6/5,positive,8/15,6/5,positive,1,4/5,positive
319,0;2;5;3;5,11/15,8/15,11/8,positive,2/5,121/90,positive,1,11/15,positive
320,0;2;5;4;4,2/3,8/15,5/4,positive,16/45,5/4,positive,1,2/3,positive
321,0;2;5;5;3,3/5,8/15,9/8,positive,2/5,9/10,positive,1,3/5,positive
322,0;2;5;6;2,8/15,2/3,4/5,positive,8/15,8/15,positive,1,8/15,positive
323,0;2;5;7;1,7/15,4/5,7/12,positive,34/45,49/170,positive,4/3,7/20,positive
324,0;2;5;8;0,2/5,14/15,3/7,positive,16/15,3/20,positive,5/3,6/25,negative
325,0;2;6;0;7,4/5,14/15,6/7,positive,44/45,36/55,positive,4/3,3/5,positive
326,0;2;6;1;6,11/15,4/5,11/12,positive,32/45,121/160,positive,1,11/15,positive
327,0;2;6;2;5,2/3,2/3,1,positive,8/15,5/6,positive,1,2/3,positive
328,0;2;6;3;4,3/5,8/15,9/8,positive,4/9,81/100,positive,1,3/5,positive
329,0;2;6;4;3,8/15,8/15,1,positive,4/9,16/25,positive,1,8/15,positive
330,0;2;6;5;2,7/15,2/3,7/10,positive,8/15,49/120,positive,1,7/15,positive
331,0;2;6;6;1,2/5,4/5,1/2,positive,32/45,9/40,positive,1,2/5,positive
332,0;2;6;7;0,1/3,14/15,5/14,positive,44/45,5/44,positive,4/3,1/4,zero
333,0;2;7;0;6,2/3,14/15,5/7,positive,44/45,5/11,positive,4/3,1/2,positive
334,0;2;7;1;5,3/5,4/5,3/4,positive,34/45,81/170,positive,4/3,9/20,positive
335,0;2;7;2;4,8/15,2/3,4/5,positive,28/45,16/35,positive,4/3,2/5,positive
336,0;2;7;3;3,7/15,8/15,7/8,positive,26/45,49/130,positive,4/3,7/20,positive
337,0;2;7;4;2,2/5,2/3,3/5,positive,28/45,9/35,positive,4/3,3/10,positive
338,0;2;7;5;1,1/3,4/5,5/12,positive,34/45,5/34,positive,4/3,1/4,zero
339,0;2;7;6;0,4/15,14/15,2/7,positive,44/45,4/55,positive,4/3,1/5,negative
340,0;2;8;0;5,8/15,14/15,4/7,positive,16/15,4/15,positive,5/3,8/25,positive
341,0;2;8;1;4,7/15,4/5,7/12,positive,8/9,49/200,positive,5/3,7/25,positive
342,0;2;8;2;3,2/5,2/3,3/5,positive,4/5,1/5,positive,5/3,6/25,negative
343,0;2;8;3;2,1/3,2/3,1/2,positive,4/5,5/36,positive,5/3,1/5,negative
344,0;2;8;4;1,4/15,4/5,1/3,positive,8/9,2/25,positive,5/3,4/25,negative
345,0;2;8;5;0,1/5,14/15,3/14,negative,16/15,3/80,negative,5/3,3/25,negative
346,0;2;9;0;4,2/5,14/15,3/7,positive,56/45,9/70,positive,2,1/5,negative
347,0;2;9;1;3,1/3,4/5,5/12,positive,10/9,1/10,positive,2,1/6,negative
348,0;2;9;2;2,4/15,4/5,1/3,positive,16/15,1/15,positive,2,2/15,negative
349,0;2;9;3;1,1/5,4/5,1/4,zero,10/9,9/250,negative,2,1/10,negative
350,0;2;9;4;0,2/15,14/15,1/7,negative,56/45,1/70,negative,2,1/15,negative
351,0;2;10;0;3,4/15,14/15,2/7,positive,68/45,4/85,negative,7/3,4/35,negative
352,0;2;10;1;2,1/5,14/15,3/14,negative,64/45,9/320,negative,7/3,3/35,negative
353,0;2;10;2;1,2/15,14/15,1/7,negative,64/45,1/80,negative,7/3,2/35,negative
354,0;2;10;3;0,1/15,14/15,1/14,negative,68/45,1/340,negative,7/3,1/35,negative
355,0;2;11;0;2,2/15,16/15,1/8,negative,28/15,1/105,negative,8/3,1/20,negative
356,0;2;11;1;1,1/15,16/15,1/16,negative,82/45,1/410,negative,8/3,1/40,negative
361,0;3;0;0;12,7/5,6/5,7/6,positive,12/5,49/60,positive,3,7/15,positive
362,0;3;0;1;11,4/3,16/15,5/4,positive,86/45,40/43,positive,8/3,1/2,positive
363,0;3;0;2;10,19/15,14/15,19/14,positive,68/45,361/340,positive,7/3,19/35,positive
364,0;3;0;3;9,6/5,4/5,3/2,positive,6/5,6/5,positive,2,3/5,positive
365,0;3;0;4;8,17/15,4/5,17/12,positive,44/45,289/220,positive,5/3,17/25,positive
366,0;3;0;5;7,16/15,4/5,4/3,positive,38/45,128/95,positive,4/3,4/5,positive
367,0;3;0;6;6,1,4/5,5/4,positive,4/5,5/4,positive,1,1,positive
368,0;3;0;7;5,14/15,4/5,7/6,positive,38/45,98/95,positive,4/3,7/10,positive
369,0;3;0;8;4,13/15,4/5,13/12,positive,44/45,169/220,positive,5/3,13/25,positive
370,0;3;0;9;3,4/5,4/5,1,positive,6/5,8/15,positive,2,2/5,positive
371,0;3;0;10;2,11/15,14/15,11/14,positive,68/45,121/340,positive,7/3,11/35,positive
372,0;3;0;11;1,2/3,16/15,5/8,positive,86/45,10/43,positive,8/3,1/4,zero
373,0;3;0;12;0,3/5,6/5,1/2,positive,12/5,3/20,positive,3,1/5,negative
374,0;3;1;0;11,19/15,16/15,19/16,positive,86/45,361/430,positive,8/3,19/40,positive
375,0;3;1;1;10,6/5,14/15,9/7,positive,22/15,54/55,positive,7/3,18/35,positive
376,0;3;1;2;9,17/15,4/5,17/12,positive,10/9,289/250,positive,2,17/30,positive
377,0;3;1;3;8,16/15,2/3,8/5,positive,38/45,128/95,positive,5/3,16/25,positive
378,0;3;1;4;7,1,2/3,3/2,positive,2/3,3/2,positive,4/3,3/4,positive
379,0;3;1;5;6,14/15,2/3,7/5,positive,26/45,98/65,positive,1,14/15,positive
380,0;3;1;6;5,13/15,2/3,13/10,positive,26/45,13/10,positive,1,13/15,positive
381,0;3;1;7;4,4/5,2/3,6/5,positive,2/3,24/25,positive,4/3,3/5,positive
382,0;3;1;8;3,11/15,2/3,11/10,positive,38/45,121/190,positive,5/3,11/25,positive
383,0;3;1;9;2,2/3,4/5,5/6,positive,10/9,2/5,positive,2,1/3,positive
384,0;3;1;10;1,3/5,14/15,9/14,positive,22/15,27/110,positive,7/3,9/35,positive
385,0;3;1;11;0,8/15,16/15,1/2,positive,86/45,32/215,positive,8/3,1/5,negative
386,0;3;2;0;10,17/15,14/15,17/14,positive,68/45,17/20,positive,7/3,17/35,positive
387,0;3;2;1;9,16/15,4/5,4/3,positive,10/9,128/125,positive,2,8/15,positive
388,0;3;2;2;8,1,2/3,3/2,positive,4/5,5/4,positive,5/3,3/5,positive
389,0;3;2;3;7,14/15,8/15,7/4,positive,26/45,98/65,positive,4/3,7/10,positive
390,0;3;2;4;6,13/15,8/15,13/8,positive,4/9,169/100,positive,1,13/15,positive
391,0;3;2;5;5,4/5,8/15,3/2,positive,2/5,8/5,positive,1,4/5,positive
392,0;3;2;6;4,11/15,8/15,11/8,positive,4/9,121/100,positive,1,11/15,positive
393,0;3;2;7;3,2/3,8/15,5/4,positive,26/45,10/13,positive,4/3,1/2,positive
394,0;3;2;8;2,3/5,2/3,9/10,positive,4/5,9/20,positive,5/3,9/25,positive
395,0;3;2;9;1,8/15,4/5,2/3,positive,10/9,32/125,positive,2,4/15,positive
396,0;3;2;10;0,7/15,14/15,1/2,positive,68/45,49/340,positive,7/3,1/5,negative
397,0;3;3;0;9,1,4/5,5/4,positive,6/5,5/6,positive,2,1/2,positive
398,0;3;3;1;8,14/15,2/3,7/5,positive,38/45,98/95,positive,5/3,14/25,positive
399,0;3;3;2;7,13/15,8/15,13/8,positive,26/45,13/10,positive,4/3,13/20,positive
400,0;3;3;3;6,4/5,2/5,2,positive,2/5,8/5,positive,1,4/5,positive
401,0;3;3;4;5,11/15,2/5,11/6,positive,14/45,121/70,positive,1,11/15,positive
402,0;3;3;5;4,2/3,2/5,5/3,positive,14/45,10/7,positive,1,2/3,positive
403,0;3;3;6;3,3/5,2/5,3/2,positive,2/5,9/10,positive,1,3/5,positive
404,0;3;3;7;2,8/15,8/15,1,positive,26/45,32/65,positive,4/3,2/5,positive
405,0;3;3;8;1,7/15,2/3,7/10,positive,38/45,49/190,positive,5/3,7/25,positive
406,0;3;3;9;0,2/5,4/5,1/2,positive,6/5,2/15,positive,2,1/5,negative
407,0;3;4;0;8,13/15,4/5,13/12,positive,44/45,169/220,positive,5/3,13/25,positive
408,0;3;4;1;7,4/5,2/3,6/5,positive,2/3,24/25,positive,4/3,3/5,positive
409,0;3;4;2;6,11/15,8/15,11/8,positive,4/9,121/100,positive,1,11/15,positive
410,0;3;4;3;5,2/3,2/5,5/3,positive,14/45,10/7,positive,1,2/3,positive
411,0;3;4;4;4,3/5,2/5,3/2,positive,4/15,27/20,positive,1,3/5,positive
412,0;3;4;5;3,8/15,2/5,4/3,positive,14/45,32/35,positive,1,8/15,positive
413,0;3;4;6;2,7/15,8/15,7/8,positive,4/9,49/100,positive,1,7/15,positive
414,0;3;4;7;1,2/5,2/3,3/5,positive,2/3,6/25,positive,4/3,3/10,positive
415,0;3;4;8;0,1/3,4/5,5/12,positive,44/45,5/44,positive,5/3,1/5,negative
416,0;3;5;0;7,11/15,4/5,11/12,positive,38/45,121/190,positive,4/3,11/20,positive
417,0;3;5;1;6,2/3,2/3,1,positive,26/45,10/13,positive,1,2/3,positive
418,0;3;5;2;5,3/5,8/15,9/8,positive,2/5,9/10,positive,1,3/5,positive
419,0;3;5;3;4,8/15,2/5,4/3,positive,14/45,32/35,positive,1,8/15,positive
420,0;3;5;4;3,7/15,2/5,7/6,positive,14/45,7/10,positive,1,7/15,positive
421,0;3;5;5;2,2/5,8/15,3/4,positive,2/5,2/5,positive,1,2/5,positive
422,0;3;5;6;1,1/3,2/3,1/2,positive,26/45,5/26,positive,1,1/3,positive
423,0;3;5;7;0,4/15,4/5,1/3,positive,38/45,8/95,positive,4/3,1/5,negative
424,0;3;6;0;6,3/5,4/5,3/4,positive,4/5,9/20,positive,1,3/5,positive
425,0;3;6;1;5,8/15,2/3,4/5,positive,26/45,32/65,positive,1,8/15,positive
426,0;3;6;2;4,7/15,8/15,7/8,positive,4/9,49/100,positive,1,7/15,positive
427,0;3;6;3;3,2/5,2/5,1,positive,2/5,2/5,positive,1,2/5,positive
428,0;3;6;4;2,1/3,8/15,5/8,positive,4/9,1/4,positive,1,1/3,positive
429,0;3;6;5;1,4/15,2/3,2/5,positive,26/45,8/65,positive,1,4/15,positive
430,0;3;6;6;0,1/5,4/5,1/4,zero,4/5,1/20,negative,1,1/5,negative
431,0;3;7;0;5,7/15,4/5,7/12,positive,38/45,49/190,positive,4/3,7/20,positive
432,0;3;7;1;4,2/5,2/3,3/5,positive,2/3,6/25,positive,4/3,3/10,positive
433,0;3;7;2;3,1/3,8/15,5/8,positive,26/45,5/26,positive,4/3,1/4,zero
434,0;3;7;3;2,4/15,8/15,1/2,positive,26/45,8/65,positive,4/3,1/5,negative
435,0;3;7;4;1,1/5,2/3,3/10,positive,2/3,3/50,negative,4/3,3/20,negative
436,0;3;7;5;0,2/15,4/5,1/6,negative,38/45,2/95,negative,4/3,1/10,negative
437,0;3;8;0;4,1/3,4/5,5/12,positive,44/45,5/44,positive,5/3,1/5,negative
438,0;3;8;1;3,4/15,2/3,2/5,positive,38/45,8/95,positive,5/3,4/25,negative
439,0;3;8;2;2,1/5,2/3,3/10,positive,4/5,1/20,negative,5/3,3/25,negative
440,0;3;8;3;1,2/15,2/3,1/5,negative,38/45,2/95,negative,5/3,2/25,negative
441,0;3;8;4;0,1/15,4/5,1/12,negative,44/45,1/220,negative,5/3,1/25,negative
442,0;3;9;0;3,1/5,4/5,1/4,zero,6/5,1/30,negative,2,1/10,negative
443,0;3;9;1;2,2/15,4/5,1/6,negative,10/9,2/125,negative,2,1/15,negative
444,0;3;9;2;1,1/15,4/5,1/12,negative,10/9,1/250,negative,2,1/30,negative
446,0;3;10;0;2,1/15,14/15,1/14,negative,68/45,1/340,negative,7/3,1/35,negative
452,0;4;0;0;11,6/5,6/5,1,positive,92/45,81/115,positive,8/3,9/20,positive
453,0;4;0;1;10,17/15,16/15,17/16,positive,8/5,289/360,positive,7/3,17/35,positive
454,0;4;0;2;9,16/15,14/15,8/7,positive,56/45,32/35,positive,2,8/15,positive
455,0;4;0;3;8,1,4/5,5/4,positive,44/45,45/44,positive,5/3,3/5,positive
456,0;4;0;4;7,14/15,4/5,7/6,positive,4/5,49/45,positive,4/3,7/10,positive
457,0;4;0;5;6,13/15,4/5,13/12,positive,32/45,169/160,positive,1,13/15,positive
458,0;4;0;6;5,4/5,4/5,1,positive,32/45,9/10,positive,1,4/5,positive
459,0;4;0;7;4,11/15,4/5,11/12,positive,4/5,121/180,positive,4/3,11/20,positive
460,0;4;0;8;3,2/3,4/5,5/6,positive,44/45,5/11,positive,5/3,2/5,positive
461,0;4;0;9;2,3/5,14/15,9/14,positive,56/45,81/280,positive,2,3/10,positive
462,0;4;0;10;1,8/15,16/15,1/2,positive,8/5,8/45,positive,7/3,8/35,negative
463,0;4;0;11;0,7/15,6/5,7/18,positive,92/45,49/460,positive,8/3,7/40,negative
464,0;4;1;0;10,16/15,16/15,1,positive,8/5,32/45,positive,7/3,16/35,positive
465,0;4;1;1;9,1,14/15,15/14,positive,6/5,5/6,positive,2,1/2,positive
466,0;4;1;2;8,14/15,4/5,7/6,positive,8/9,49/50,positive,5/3,14/25,positive
467,0;4;1;3;7,13/15,2/3,13/10,positive,2/3,169/150,positive,4/3,13/20,positive
468,0;4;1;4;6,4/5,2/3,6/5,positive,8/15,6/5,positive,1,4/5,positive
469,0;4;1;5;5,11/15,2/3,11/10,positive,22/45,11/10,positive,1,11/15,positive
470,0;4;1;6;4,2/3,2/3,1,positive,8/15,5/6,positive,1,2/3,positive
471,0;4;1;7;3,3/5,2/3,9/10,positive,2/3,27/50,positive,4/3,9/20,positive
472,0;4;1;8;2,8/15,4/5,2/3,positive,8/9,8/25,positive,5/3,8/25,positive
473,0;4;1;9;1,7/15,14/15,1/2,positive,6/5,49/270,positive,2,7/30,negative
474,0;4;1;10;0,2/5,16/15,3/8,positive,8/5,1/10,positive,7/3,6/35,negative
475,0;4;2;0;9,14/15,14/15,1,positive,56/45,7/10,positive,2,7/15,positive
476,0;4;2;1;8,13/15,4/5,13/12,positive,8/9,169/200,positive,5/3,13/25,positive
477,0;4;2;2;7,4/5,2/3,6/5,positive,28/45,36/35,positive,4/3,3/5,positive
478,0;4;2;3;6,11/15,8/15,11/8,positive,4/9,121/100,positive,1,11/15,positive
479,0;4;2;4;5,2/3,8/15,5/4,positive,16/45,5/4,positive,1,2/3,positive
480,0;4;2;5;4,3/5,8/15,9/8,positive,16/45,81/80,positive,1,3/5,positive
481,0;4;2;6;3,8/15,8/15,1,positive,4/9,16/25,positive,1,8/15,positive
482,0;4;2;7;2,7/15,2/3,7/10,positive,28/45,7/20,positive,4/3,7/20,positive
483,0;4;2;8;1,2/5,4/5,1/2,positive,8/9,9/50,positive,5/3,6/25,negative
484,0;4;2;9;0,1/3,14/15,5/14,positive,56/45,5/56,positive,2,1/6,negative
485,0;4;3;0;8,4/5,4/5,1,positive,44/45,36/55,positive,5/3,12/25,positive
486,0;4;3;1;7,11/15,2/3,11/10,positive,2/3,121/150,positive,4/3,11/20,positive
487,0;4;3;2;6,2/3,8/15,5/4,positive,4/9,1,positive,1,2/3,positive
488,0;4;3;3;5,3/5,2/5,3/2,positive,14/45,81/70,positive,1,3/5,positive
489,0;4;3;4;4,8/15,2/5,4/3,positive,4/15,16/15,positive,1,8/15,positive
490,0;4;3;5;3,7/15,2/5,7/6,positive,14/45,7/10,positive,1,7/15,positive
491,0;4;3;6;2,2/5,8/15,3/4,positive,4/9,9/25,positive,1,2/5,positive
492,0;4;3;7;1,1/3,2/3,1/2,positive,2/3,1/6,positive,4/3,1/4,zero
493,0;4;3;8;0,4/15,4/5,1/3,positive,44/45,4/55,positive,5/3,4/25,negative
494,0;4;4;0;7,2/3,4/5,5/6,positive,4/5,5/9,positive,4/3,1/2,positive
495,0;4;4;1;6,3/5,2/3,9/10,positive,8/15,27/40,positive,1,3/5,positive
496,0;4;4;2;5,8/15,8/15,1,positive,16/45,4/5,positive,1,8/15,positive
497,0;4;4;3;4,7/15,2/5,7/6,positive,4/15,49/60,positive,1,7/15,positive
498,0;4;4;4;3,2/5,2/5,1,positive,4/15,3/5,positive,1,2/5,positive
499,0;4;4;5;2,1/3,8/15,5/8,positive,16/45,5/16,positive,1,1/3,positive
500,0;4;4;6;1,4/15,2/3,2/5,positive,8/15,2/15,positive,1,4/15,positive
501,0;4;4;7;0,1/5,4/5,1/4,zero,4/5,1/20,negative,4/3,3/20,negative
502,0;4;5;0;6,8/15,4/5,2/3,positive,32/45,2/5,positive,1,8/15,positive
503,0;4;5;1;5,7/15,2/3,7/10,positive,22/45,49/110,positive,1,7/15,positive
504,0;4;5;2;4,2/5,8/15,3/4,positive,16/45,9/20,positive,1,2/5,positive
505,0;4;5;3;3,1/3,2/5,5/6,positive,14/45,5/14,positive,1,1/3,positive
506,0;4;5;4;2,4/15,8/15,1/2,positive,16/45,1/5,positive,1,4/15,positive
507,0;4;5;5;1,1/5,2/3,3/10,positive,22/45,9/110,positive,1,1/5,negative
508,0;4;5;6;0,2/15,4/5,1/6,negative,32/45,1/40,negative,1,2/15,negative
509,0;4;6;0;5,2/5,4/5,1/2,positive,32/45,9/40,positive,1,2/5,positive
510,0;4;6;1;4,1/3,2/3,1/2,positive,8/15,5/24,positive,1,1/3,positive
511,0;4;6;2;3,4/15,8/15,1/2,positive,4/9,4/25,positive,1,4/15,positive
512,0;4;6;3;2,1/5,8/15,3/8,positive,4/9,9/100,positive,1,1/5,negative
513,0;4;6;4;1,2/15,2/3,1/5,negative,8/15,1/30,negative,1,2/15,negative
514,0;4;6;5;0,1/15,4/5,1/12,negative,32/45,1/160,negative,1,1/15,negative
515,0;4;7;0;4,4/15,4/5,1/3,positive,4/5,4/45,positive,4/3,1/5,negative
516,0;4;7;1;3,1/5,2/3,3/10,positive,2/3,3/50,negative,4/3,3/20,negative
517,0;4;7;2;2,2/15,2/3,1/5,negative,28/45,1/35,negative,4/3,1/10,negative
518,0;4;7;3;1,1/15,2/3,1/10,negative,2/3,1/150,negative,4/3,1/20,negative
520,0;4;8;0;3,2/15,4/5,1/6,negative,44/45,1/55,negative,5/3,2/25,negative
521,0;4;8;1;2,1/15,4/5,1/12,negative,8/9,1/200,negative,5/3,1/25,negative
530,0;5;0;0;10,1,6/5,5/6,positive,16/9,9/16,positive,7/3,3/7,positive
531,0;5;0;1;9,14/15,16/15,7/8,positive,62/45,98/155,positive,2,7/15,positive
532,0;5;0;2;8,13/15,14/15,13/14,positive,16/15,169/240,positive,5/3,13/25,positive
533,0;5;0;3;7,4/5,4/5,1,positive,38/45,72/95,positive,4/3,3/5,positive
534,0;5;0;4;6,11/15,4/5,11/12,positive,32/45,121/160,positive,1,11/15,positive
535,0;5;0;5;5,2/3,4/5,5/6,positive,2/3,2/3,positive,1,2/3,positive
536,0;5;0;6;4,3/5,4/5,3/4,positive,32/45,81/160,positive,1,3/5,positive
537,0;5;0;7;3,8/15,4/5,2/3,positive,38/45,32/95,positive,4/3,2/5,positive
538,0;5;0;8;2,7/15,14/15,1/2,positive,16/15,49/240,positive,5/3,7/25,positive
539,0;5;0;9;1,2/5,16/15,3/8,positive,62/45,18/155,positive,2,1/5,negative
540,0;5;0;10;0,1/3,6/5,5/18,positive,16/9,1/16,zero,7/3,1/7,negative
541,0;5;1;0;9,13/15,16/15,13/16,positive,62/45,169/310,positive,2,13/30,positive
542,0;5;1;1;8,4/5,14/15,6/7,positive,46/45,72/115,positive,5/3,12/25,positive
543,0;5;1;2;7,11/15,4/5,11/12,positive,34/45,121/170,positive,4/3,11/20,positive
544,0;5;1;3;6,2/3,2/3,1,positive,26/45,10/13,positive,1,2/3,positive
545,0;5;1;4;5,3/5,2/3,9/10,positive,22/45,81/110,positive,1,3/5,positive
546,0;5;1;5;4,8/15,2/3,4/5,positive,22/45,32/55,positive,1,8/15,positive
547,0;5;1;6;3,7/15,2/3,7/10,positive,26/45,49/130,positive,1,7/15,positive
548,0;5;1;7;2,2/5,4/5,1/2,positive,34/45,18/85,positive,4/3,3/10,positive
549,0;5;1;8;1,1/3,14/15,5/14,positive,46/45,5/46,positive,5/3,1/5,negative
550,0;5;1;9;0,4/15,16/15,1/4,zero,62/45,8/155,negative,2,2/15,negative
551,0;5;2;0;8,11/15,14/15,11/14,positive,16/15,121/240,positive,5/3,11/25,positive
552,0;5;2;1;7,2/3,4/5,5/6,positive,34/45,10/17,positive,4/3,1/2,positive
553,0;5;2;2;6,3/5,2/3,9/10,positive,8/15,27/40,positive,1,3/5,positive
554,0;5;2;3;5,8/15,8/15,1,positive,2/5,32/45,positive,1,8/15,positive
555,0;5;2;4;4,7/15,8/15,7/8,positive,16/45,49/80,positive,1,7/15,positive
556,0;5;2;5;3,2/5,8/15,3/4,positive,2/5,2/5,positive,1,2/5,positive
557,0;5;2;6;2,1/3,2/3,1/2,positive,8/15,5/24,positive,1,1/3,positive
558,0;5;2;7;1,4/15,4/5,1/3,positive,34/45,8/85,positive,4/3,1/5,negative
559,0;5;2;8;0,1/5,14/15,3/14,negative,16/15,3/80,negative,5/3,3/25,negative
560,0;5;3;0;7,3/5,4/5,3/4,positive,38/45,81/190,positive,4/3,9/20,positive
561,0;5;3;1;6,8/15,2/3,4/5,positive,26/45,32/65,positive,1,8/15,positive
562,0;5;3;2;5,7/15,8/15,7/8,positive,2/5,49/90,positive,1,7/15,positive
563,0;5;3;3;4,2/5,2/5,1,positive,14/45,18/35,positive,1,2/5,positive
564,0;5;3;4;3,1/3,2/5,5/6,positive,14/45,5/14,positive,1,1/3,positive
565,0;5;3;5;2,4/15,8/15,1/2,positive,2/5,8/45,positive,1,4/15,positive
566,0;5;3;6;1,1/5,2/3,3/10,positive,26/45,9/130,positive,1,1/5,negative
567,0;5;3;7;0,2/15,4/5,1/6,negative,38/45,2/95,negative,4/3,1/10,negative
568,0;5;4;0;6,7/15,4/5,7/12,positive,32/45,49/160,positive,1,7/15,positive
569,0;5;4;1;5,2/5,2/3,3/5,positive,22/45,18/55,positive,1,2/5,positive
570,0;5;4;2;4,1/3,8/15,5/8,positive,16/45,5/16,positive,1,1/3,positive
571,0;5;4;3;3,4/15,2/5,2/3,positive,14/45,8/35,positive,1,4/15,positive
572,0;5;4;4;2,1/5,8/15,3/8,positive,16/45,9/80,positive,1,1/5,negative
573,0;5;4;5;1,2/15,2/3,1/5,negative,22/45,2/55,negative,1,2/15,negative
574,0;5;4;6;0,1/15,4/5,1/12,negative,32/45,1/160,negative,1,1/15,negative
575,0;5;5;0;5,1/3,4/5,5/12,positive,2/3,1/6,positive,1,1/3,positive
576,0;5;5;1;4,4/15,2/3,2/5,positive,22/45,8/55,positive,1,4/15,positive
577,0;5;5;2;3,1/5,8/15,3/8,positive,2/5,1/10,positive,1,1/5,negative
578,0;5;5;3;2,2/15,8/15,1/4,zero,2/5,2/45,negative,1,2/15,negative
579,0;5;5;4;1,1/15,2/3,1/10,negative,22/45,1/110,negative,1,1/15,negative
581,0;5;6;0;4,1/5,4/5,1/4,zero,32/45,9/160,negative,1,1/5,negative
582,0;5;6;1;3,2/15,2/3,1/5,negative,26/45,2/65,negative,1,2/15,negative
583,0;5;6;2;2,1/15,2/3,1/10,negative,8/15,1/120,negative,1,1/15,negative
586,0;5;7;0;3,1/15,4/5,1/12,negative,38/45,1/190,negative,4/3,1/20,negative
596,0;6;0;0;9,4/5,6/5,2/3,positive,8/5,2/5,positive,2,2/5,positive
597,0;6;0;1;8,11/15,16/15,11/16,positive,56/45,121/280,positive,5/3,11/25,positive
598,0;6;0;2;7,2/3,14/15,5/7,positive,44/45,5/11,positive,4/3,1/2,positive
599,0;6;0;3;6,3/5,4/5,3/4,positive,4/5,9/20,positive,1,3/5,positive
600,0;6;0;4;5,8/15,4/5,2/3,positive,32/45,2/5,positive,1,8/15,positive
601,0;6;0;5;4,7/15,4/5,7/12,positive,32/45,49/160,positive,1,7/15,positive
602,0;6;0;6;3,2/5,4/5,1/2,positive,4/5,1/5,positive,1,2/5,positive
603,0;6;0;7;2,1/3,14/15,5/14,positive,44/45,5/44,positive,4/3,1/4,zero
604,0;6;0;8;1,4/15,16/15,1/4,zero,56/45,2/35,negative,5/3,4/25,negative
605,0;6;0;9;0,1/5,6/5,1/6,negative,8/5,1/40,negative,2,1/10,negative
606,0;6;1;0;8,2/3,16/15,5/8,positive,56/45,5/14,positive,5/3,2/5,positive
607,0;6;1;1;7,3/5,14/15,9/14,positive,14/15,27/70,positive,4/3,9/20,positive
608,0;6;1;2;6,8/15,4/5,2/3,positive,32/45,2/5,positive,1,8/15,positive
609,0;6;1;3;5,7/15,2/3,7/10,positive,26/45,49/130,positive,1,7/15,positive
610,0;6;1;4;4,2/5,2/3,3/5,positive,8/15,3/10,positive,1,2/5,positive
611,0;6;1;5;3,1/3,2/3,1/2,positive,26/45,5/26,positive,1,1/3,positive
612,0;6;1;6;2,4/15,4/5,1/3,positive,32/45,1/10,positive,1,4/15,positive
613,0;6;1;7;1,1/5,14/15,3/14,negative,14/15,3/70,negative,4/3,3/20,negative
614,0;6;1;8;0,2/15,16/15,1/8,negative,56/45,1/70,negative,5/3,2/25,negative
615,0;6;2;0;7,8/15,14/15,4/7,positive,44/45,16/55,positive,4/3,2/5,positive
616,0;6;2;1;6,7/15,4/5,7/12,positive,32/45,49/160,positive,1,7/15,positive
617,0;6;2;2;5,2/5,2/3,3/5,positive,8/15,3/10,positive,1,2/5,positive
618,0;6;2;3;4,1/3,8/15,5/8,positive,4/9,1/4,positive,1,1/3,positive
619,0;6;2;4;3,4/15,8/15,1/2,positive,4/9,4/25,positive,1,4/15,positive
620,0;6;2;5;2,1/5,2/3,3/10,positive,8/15,3/40,positive,1,1/5,negative
621,0;6;2;6;1,2/15,4/5,1/6,negative,32/45,1/40,negative,1,2/15,negative
622,0;6;2;7;0,1/15,14/15,1/14,negative,44/45,1/220,negative,4/3,1/20,negative
623,0;6;3;0;6,2/5,4/5,1/2,positive,4/5,1/5,positive,1,2/5,positive
624,0;6;3;1;5,1/3,2/3,1/2,positive,26/45,5/26,positive,1,1/3,positive
625,0;6;3;2;4,4/15,8/15,1/2,positive,4/9,4/25,positive,1,4/15,positive
626,0;6;3;3;3,1/5,2/5,1/2,positive,2/5,1/10,positive,1,1/5,negative
627,0;6;3;4;2,2/15,8/15,1/4,zero,4/9,1/25,negative,1,2/15,negative
628,0;6;3;5;1,1/15,2/3,1/10,negative,26/45,1/130,negative,1,1/15,negative
630,0;6;4;0;5,4/15,4/5,1/3,positive,32/45,1/10,positive,1,4/15,positive
631,0;6;4;1;4,1/5,2/3,3/10,positive,8/15,3/40,positive,1,1/5,negative
632,0;6;4;2;3,2/15,8/15,1/4,zero,4/9,1/25,negative,1,2/15,negative
633,0;6;4;3;2,1/15,8/15,1/8,negative,4/9,1/100,negative,1,1/15,negative
636,0;6;5;0;4,2/15,4/5,1/6,negative,32/45,1/40,negative,1,2/15,negative
637,0;6;5;1;3,1/15,2/3,1/10,negative,26/45,1/130,negative,1,1/15,negative
651,0;7;0;0;8,3/5,6/5,1/2,positive,68/45,81/340,positive,5/3,9/25,positive
652,0;7;0;1;7,8/15,16/15,1/2,positive,6/5,32/135,positive,4/3,2/5,positive
653,0;7;0;2;6,7/15,14/15,1/2,positive,44/45,49/220,positive,4/3,7/20,positive
654,0;7;0;3;5,2/5,4/5,1/2,positive,38/45,18/95,positive,4/3,3/10,positive
655,0;7;0;4;4,1/3,4/5,5/12,positive,4/5,5/36,positive,4/3,1/4,zero
656,0;7;0;5;3,4/15,4/5,1/3,positive,38/45,8/95,positive,4/3,1/5,negative
657,0;7;0;6;2,1/5,14/15,3/14,negative,44/45,9/220,negative,4/3,3/20,negative
658,0;7;0;7;1,2/15,16/15,1/8,negative,6/5,2/135,negative,4/3,1/10,negative
659,0;7;0;8;0,1/15,6/5,1/18,negative,68/45,1/340,negative,5/3,1/25,negative
660,0;7;1;0;7,7/15,16/15,7/16,positive,6/5,49/270,positive,4/3,7/20,positive
661,0;7;1;1;6,2/5,14/15,3/7,positive,14/15,6/35,positive,4/3,3/10,positive
662,0;7;1;2;5,1/3,4/5,5/12,positive,34/45,5/34,positive,4/3,1/4,zero
663,0;7;1;3;4,4/15,2/3,2/5,positive,2/3,8/75,positive,4/3,1/5,negative
664,0;7;1;4;3,1/5,2/3,3/10,positive,2/3,3/50,negative,4/3,3/20,negative
665,0;7;1;5;2,2/15,4/5,1/6,negative,34/45,2/85,negative,4/3,1/10,negative
666,0;7;1;6;1,1/15,14/15,1/14,negative,14/15,1/210,negative,4/3,1/20,negative
668,0;7;2;0;6,1/3,14/15,5/14,positive,44/45,5/44,positive,4/3,1/4,zero
669,0;7;2;1;5,4/15,4/5,1/3,positive,34/45,8/85,positive,4/3,1/5,negative
670,0;7;2;2;4,1/5,2/3,3/10,positive,28/45,9/140,positive,4/3,3/20,negative
671,0;7;2;3;3,2/15,8/15,1/4,zero,26/45,2/65,negative,4/3,1/10,negative
672,0;7;2;4;2,1/15,2/3,1/10,negative,28/45,1/140,negative,4/3,1/20,negative
675,0;7;3;0;5,1/5,4/5,1/4,zero,38/45,9/190,negative,4/3,3/20,negative
676,0;7;3;1;4,2/15,2/3,1/5,negative,2/3,2/75,negative,4/3,1/10,negative
677,0;7;3;2;3,1/15,8/15,1/8,negative,26/45,1/130,negative,4/3,1/20,negative
681,0;7;4;0;4,1/15,4/5,1/12,negative,4/5,1/180,negative,4/3,1/20,negative
696,0;8;0;0;7,2/5,6/5,1/3,positive,68/45,9/85,positive,5/3,6/25,negative
697,0;8;0;1;6,1/3,16/15,5/16,positive,56/45,5/56,positive,5/3,1/5,negative
698,0;8;0;2;5,4/15,14/15,2/7,positive,16/15,1/15,positive,5/3,4/25,negative
699,0;8;0;3;4,1/5,4/5,1/4,zero,44/45,9/220,negative,5/3,3/25,negative
700,0;8;0;4;3,2/15,4/5,1/6,negative,44/45,1/55,negative,5/3,2/25,negative
701,0;8;0;5;2,1/15,14/15,1/14,negative,16/15,1/240,negative,5/3,1/25,negative
704,0;8;1;0;6,4/15,16/15,1/4,zero,56/45,2/35,negative,5/3,4/25,negative
705,0;8;1;1;5,1/5,14/15,3/14,negative,46/45,9/230,negative,5/3,3/25,negative
706,0;8;1;2;4,2/15,4/5,1/6,negative,8/9,1/50,negative,5/3,2/25,negative
707,0;8;1;3;3,1/15,2/3,1/10,negative,38/45,1/190,negative,5/3,1/25,negative
711,0;8;2;0;5,2/15,14/15,1/7,negative,16/15,1/60,negative,5/3,2/25,negative
712,0;8;2;1;4,1/15,4/5,1/12,negative,8/9,1/200,negative,5/3,1/25,negative
732,0;9;0;0;6,1/5,6/5,1/6,negative,8/5,1/40,negative,2,1/10,negative
733,0;9;0;1;5,2/15,16/15,1/8,negative,62/45,2/155,negative,2,1/15,negative
734,0;9;0;2;4,1/15,14/15,1/14,negative,56/45,1/280,negative,2,1/30,negative
739,0;9;1;0;5,1/15,16/15,1/16,negative,62/45,1/310,negative,2,1/30,negative
816,1;0;0;0;14,26/15,22/15,13/11,positive,152/45,169/190,positive,11/3,26/55,positive
817,1;0;0;1;13,5/3,4/3,5/4,positive,14/5,125/126,positive,10/3,1/2,positive
818,1;0;0;2;12,8/5,6/5,4/3,positive,104/45,72/65,positive,3,8/15,positive
819,1;0;0;3;11,23/15,16/15,23/16,positive,86/45,529/430,positive,8/3,23/40,positive
820,1;0;0;4;10,22/15,16/15,11/8,positive,8/5,121/90,positive,7/3,22/35,positive
821,1;0;0;5;9,7/5,16/15,21/16,positive,62/45,441/310,positive,2,7/10,positive
822,1;0;0;6;8,4/3,16/15,5/4,positive,56/45,10/7,positive,5/3,4/5,positive
823,1;0;0;7;7,19/15,16/15,19/16,positive,6/5,361/270,positive,4/3,19/20,positive
824,1;0;0;8;6,6/5,16/15,9/8,positive,56/45,81/70,positive,5/3,18/25,positive
825,1;0;0;9;5,17/15,16/15,17/16,positive,62/45,289/310,positive,2,17/30,positive
826,1;0;0;10;4,16/15,16/15,1,positive,8/5,32/45,positive,7/3,16/35,positive
827,1;0;0;11;3,1,16/15,15/16,positive,86/45,45/86,positive,8/3,3/8,positive
828,1;0;0;12;2,14/15,6/5,7/9,positive,104/45,49/130,positive,3,14/45,positive
829,1;0;0;13;1,13/15,4/3,13/20,positive,14/5,169/630,positive,10/3,13/50,positive
830,1;0;0;14;0,4/5,22/15,6/11,positive,152/45,18/95,positive,11/3,12/55,negative
831,1;0;1;0;13,8/5,4/3,6/5,positive,14/5,32/35,positive,10/3,12/25,positive
832,1;0;1;1;12,23/15,6/5,23/18,positive,34/15,529/510,positive,3,23/45,positive
833,1;0;1;2;11,22/15,16/15,11/8,positive,82/45,242/205,positive,8/3,11/20,positive
834,1;0;1;3;10,7/5,14/15,3/2,positive,22/15,147/110,positive,7/3,3/5,positive
835,1;0;1;4;9,4/3,14/15,10/7,positive,6/5,40/27,positive,2,2/3,positive
836,1;0;1;5;8,19/15,14/15,19/14,positive,46/45,361/230,positive,5/3,19/25,positive
837,1;0;1;6;7,6/5,14/15,9/7,positive,14/15,54/35,positive,4/3,9/10,positive
838,1;0;1;7;6,17/15,14/15,17/14,positive,14/15,289/210,positive,4/3,17/20,positive
839,1;0;1;8;5,16/15,14/15,8/7,positive,46/45,128/115,positive,5/3,16/25,positive
840,1;0;1;9;4,1,14/15,15/14,positive,6/5,5/6,positive,2,1/2,positive
841,1;0;1;10;3,14/15,14/15,1,positive,22/15,98/165,positive,7/3,2/5,positive
842,1;0;1;11;2,13/15,16/15,13/16,positive,82/45,169/410,positive,8/3,13/40,positive
843,1;0;1;12;1,4/5,6/5,2/3,positive,34/15,24/85,positive,3,4/15,positive
844,1;0;1;13;0,11/15,4/3,11/20,positive,14/5,121/630,positive,10/3,11/50,negative
845,1;0;2;0;12,22/15,6/5,11/9,positive,104/45,121/130,positive,3,22/45,positive
846,1;0;2;1;11,7/5,16/15,21/16,positive,82/45,441/410,positive,8/3,21/40,positive
847,1;0;2;2;10,4/3,14/15,10/7,positive,64/45,5/4,positive,7/3,4/7,positive
848,1;0;2;3;9,19/15,4/5,19/12,positive,10/9,361/250,positive,2,19/30,positive
849,1;0;2;4;8,6/5,4/5,3/2,positive,8/9,81/50,positive,5/3,18/25,positive
850,1;0;2;5;7,17/15,4/5,17/12,positive,34/45,17/10,positive,4/3,17/20,positive
851,1;0;2;6;6,16/15,4/5,4/3,positive,32/45,8/5,positive,1,16/15,positive
852,1;0;2;7;5,1,4/5,5/4,positive,34/45,45/34,positive,4/3,3/4,positive
853,1;0;2;8;4,14/15,4/5,7/6,positive,8/9,49/50,positive,5/3,14/25,positive
854,1;0;2;9;3,13/15,4/5,13/12,positive,10/9,169/250,positive,2,13/30,positive
855,1;0;2;10;2,4/5,14/15,6/7,positive,64/45,9/20,positive,7/3,12/35,positive
856,1;0;2;11;1,11/15,16/15,11/16,positive,82/45,121/410,positive,8/3,11/40,positive
857,1;0;2;12;0,2/3,6/5,5/9,positive,104/45,5/26,positive,3,2/9,negative
858,1;0;3;0;11,4/3,16/15,5/4,positive,86/45,40/43,positive,8/3,1/2,positive
859,1;0;3;1;10,19/15,14/15,19/14,positive,22/15,361/330,positive,7/3,19/35,positive
860,1;0;3;2;9,6/5,4/5,3/2,positive,10/9,162/125,positive,2,3/5,positive
861,1;0;3;3;8,17/15,2/3,17/10,positive,38/45,289/190,positive,5/3,17/25,positive
862,1;0;3;4;7,16/15,2/3,8/5,positive,2/3,128/75,positive,4/3,4/5,positive
863,1;0;3;5;6,1,2/3,3/2,positive,26/45,45/26,positive,1,1,positive
864,1;0;3;6;5,14/15,2/3,7/5,positive,26/45,98/65,positive,1,14/15,positive
865,1;0;3;7;4,13/15,2/3,13/10,positive,2/3,169/150,positive,4/3,13/20,positive
866,1;0;3;8;3,4/5,2/3,6/5,positive,38/45,72/95,positive,5/3,12/25,positive
867,1;0;3;9;2,11/15,4/5,11/12,positive,10/9,121/250,positive,2,11/30,positive
868,1;0;3;10;1,2/3,14/15,5/7,positive,22/15,10/33,positive,7/3,2/7,positive
869,1;0;3;11;0,3/5,16/15,9/16,positive,86/45,81/430,positive,8/3,9/40,negative
870,1;0;4;0;10,6/5,16/15,9/8,positive,8/5,9/10,positive,7/3,18/35,positive
871,1;0;4;1;9,17/15,14/15,17/14,positive,6/5,289/270,positive,2,17/30,positive
872,1;0;4;2;8,16/15,4/5,4/3,positive,8/9,32/25,positive,5/3,16/25,positive
873,1;0;4;3;7,1,2/3,3/2,positive,2/3,3/2,positive,4/3,3/4,positive
874,1;0;4;4;6,14/15,2/3,7/5,positive,8/15,49/30,positive,1,14/15,positive
875,1;0;4;5;5,13/15,2/3,13/10,positive,22/45,169/110,positive,1,13/15,positive
876,1;0;4;6;4,4/5,2/3,6/5,positive,8/15,6/5,positive,1,4/5,positive
877,1;0;4;7;3,11/15,2/3,11/10,positive,2/3,121/150,positive,4/3,11/20,positive
878,1;0;4;8;2,2/3,4/5,5/6,positive,8/9,1/2,positive,5/3,2/5,positive
879,1;0;4;9;1,3/5,14/15,9/14,positive,6/5,3/10,positive,2,3/10,positive
880,1;0;4;10;0,8/15,16/15,1/2,positive,8/5,8/45,positive,7/3,8/35,negative
881,1;0;5;0;9,16/15,16/15,1,positive,62/45,128/155,positive,2,8/15,positive
882,1;0;5;1;8,1,14/15,15/14,positive,46/45,45/46,positive,5/3,3/5,positive
883,1;0;5;2;7,14/15,4/5,7/6,positive,34/45,98/85,positive,4/3,7/10,positive
884,1;0;5;3;6,13/15,2/3,13/10,positive,26/45,13/10,positive,1,13/15,positive
885,1;0;5;4;5,4/5,2/3,6/5,positive,22/45,72/55,positive,1,4/5,positive
886,1;0;5;5;4,11/15,2/3,11/10,positive,22/45,11/10,positive,1,11/15,positive
887,1;0;5;6;3,2/3,2/3,1,positive,26/45,10/13,positive,1,2/3,positive
888,1;0;5;7;2,3/5,4/5,3/4,positive,34/45,81/170,positive,4/3,9/20,positive
889,1;0;5;8;1,8/15,14/15,4/7,positive,46/45,32/115,positive,5/3,8/25,positive
890,1;0;5;9;0,7/15,16/15,7/16,positive,62/45,49/310,positive,2,7/30,negative
891,1;0;6;0;8,14/15,16/15,7/8,positive,56/45,7/10,positive,5/3,14/25,positive
892,1;0;6;1;7,13/15,14/15,13/14,positive,14/15,169/210,positive,4/3,13/20,positive
893,1;0;6;2;6,4/5,4/5,1,positive,32/45,9/10,positive,1,4/5,positive
894,1;0;6;3;5,11/15,2/3,11/10,positive,26/45,121/130,positive,1,11/15,positive
895,1;0;6;4;4,2/3,2/3,1,positive,8/15,5/6,positive,1,2/3,positive
896,1;0;6;5;3,3/5,2/3,9/10,positive,26/45,81/130,positive,1,3/5,positive
897,1;0;6;6;2,8/15,4/5,2/3,positive,32/45,2/5,positive,1,8/15,positive
898,1;0;6;7;1,7/15,14/15,1/2,positive,14/15,7/30,positive,4/3,7/20,positive
899,1;0;6;8;0,2/5,16/15,3/8,positive,56/45,9/70,positive,5/3,6/25,negative
900,1;0;7;0;7,4/5,16/15,3/4,positive,6/5,8/15,positive,4/3,3/5,positive
901,1;0;7;1;6,11/15,14/15,11/14,positive,14/15,121/210,positive,4/3,11/20,positive
902,1;0;7;2;5,2/3,4/5,5/6,positive,34/45,10/17,positive,4/3,1/2,positive
903,1;0;7;3;4,3/5,2/3,9/10,positive,2/3,27/50,positive,4/3,9/20,positive
904,1;0;7;4;3,8/15,2/3,4/5,positive,2/3,32/75,positive,4/3,2/5,positive
905,1;0;7;5;2,7/15,4/5,7/12,positive,34/45,49/170,positive,4/3,7/20,positive
906,1;0;7;6;1,2/5,14/15,3/7,positive,14/15,6/35,positive,4/3,3/10,positive
907,1;0;7;7;0,1/3,16/15,5/16,positive,6/5,5/54,positive,4/3,1/4,zero
908,1;0;8;0;6,2/3,16/15,5/8,positive,56/45,5/14,positive,5/3,2/5,positive
909,1;0;8;1;5,3/5,14/15,9/14,positive,46/45,81/230,positive,5/3,9/25,positive
910,1;0;8;2;4,8/15,4/5,2/3,positive,8/9,8/25,positive,5/3,8/25,positive
911,1;0;8;3;3,7/15,2/3,7/10,positive,38/45,49/190,positive,5/3,7/25,positive
912,1;0;8;4;2,2/5,4/5,1/2,positive,8/9,9/50,positive,5/3,6/25,negative
913,1;0;8;5;1,1/3,14/15,5/14,positive,46/45,5/46,positive,5/3,1/5,negative
914,1;0;8;6;0,4/15,16/15,1/4,zero,56/45,2/35,negative,5/3,4/25,negative
915,1;0;9;0;5,8/15,16/15,1/2,positive,62/45,32/155,positive,2,4/15,positive
916,1;0;9;1;4,7/15,14/15,1/2,positive,6/5,49/270,positive,2,7/30,negative
917,1;0;9;2;3,2/5,4/5,1/2,positive,10/9,18/125,positive,2,1/5,negative
918,1;0;9;3;2,1/3,4/5,5/12,positive,10/9,1/10,positive,2,1/6,negative
919,1;0;9;4;1,4/15,14/15,2/7,positive,6/5,8/135,negative,2,2/15,negative
920,1;0;9;5;0,1/5,16/15,3/16,negative,62/45,9/310,negative,2,1/10,negative
921,1;0;10;0;4,2/5,16/15,3/8,positive,8/5,1/10,positive,7/3,6/35,negative
922,1;0;10;1;3,1/3,14/15,5/14,positive,22/15,5/66,positive,7/3,1/7,negative
923,1;0;10;2;2,4/15,14/15,2/7,positive,64/45,1/20,negative,7/3,4/35,negative
924,1;0;10;3;1,1/5,14/15,3/14,negative,22/15,3/110,negative,7/3,3/35,negative
925,1;0;10;4;0,2/15,16/15,1/8,negative,8/5,1/90,negative,7/3,2/35,negative
926,1;0;11;0;3,4/15,16/15,1/4,zero,86/45,8/215,negative,8/3,1/10,negative
927,1;0;11;1;2,1/5,16/15,3/16,negative,82/45,9/410,negative,8/3,3/40,negative
928,1;0;11;2;1,2/15,16/15,1/8,negative,82/45,2/205,negative,8/3,1/20,negative
929,1;0;11;3;0,1/15,16/15,1/16,negative,86/45,1/430,negative,8/3,1/40,negative
930,1;0;12;0;2,2/15,6/5,1/9,negative,104/45,1/130,negative,3,2/45,negative
931,1;0;12;1;1,1/15,6/5,1/18,negative,34/15,1/510,negative,3,1/45,negative
936,1;1;0;0;13,23/15,4/3,23/20,positive,14/5,529/630,positive,10/3,23/50,positive
937,1;1;0;1;12,22/15,6/5,11/9,positive,34/15,242/255,positive,3,22/45,positive
938,1;1;0;2;11,7/5,16/15,21/16,positive,82/45,441/410,positive,8/3,21/40,positive
939,1;1;0;3;10,4/3,14/15,10/7,positive,22/15,40/33,positive,7/3,4/7,positive
940,1;1;0;4;9,19/15,14/15,19/14,positive,6/5,361/270,positive,2,19/30,positive
941,1;1;0;5;8,6/5,14/15,9/7,positive,46/45,162/115,positive,5/3,18/25,positive
942,1;1;0;6;7,17/15,14/15,17/14,positive,14/15,289/210,positive,4/3,17/20,positive
943,1;1;0;7;6,16/15,14/15,8/7,positive,14/15,128/105,positive,4/3,4/5,positive
944,1;1;0;8;5,1,14/15,15/14,positive,46/45,45/46,positive,5/3,3/5,positive
945,1;1;0;9;4,14/15,14/15,1,positive,6/5,98/135,positive,2,7/15,positive
946,1;1;0;10;3,13/15,14/15,13/14,positive,22/15,169/330,positive,7/3,13/35,positive
947,1;1;0;11;2,4/5,16/15,3/4,positive,82/45,72/205,positive,8/3,3/10,positive
948,1;1;0;12;1,11/15,6/5,11/18,positive,34/15,121/510,positive,3,11/45,negative
949,1;1;0;13;0,2/3,4/3,1/2,positive,14/5,10/63,positive,10/3,1/5,negative
950,1;1;1;0;12,7/5,6/5,7/6,positive,34/15,147/170,positive,3,7/15,positive
951,1;1;1;1;11,4/3,16/15,5/4,positive,16/9,1,positive,8/3,1/2,positive
952,1;1;1;2;10,19/15,14/15,19/14,positive,62/45,361/310,positive,7/3,19/35,positive
953,1;1;1;3;9,6/5,4/5,3/2,positive,16/15,27/20,positive,2,3/5,positive
954,1;1;1;4;8,17/15,4/5,17/12,positive,38/45,289/190,positive,5/3,17/25,positive
955,1;1;1;5;7,16/15,4/5,4/3,positive,32/45,8/5,positive,4/3,4/5,positive
956,1;1;1;6;6,1,4/5,5/4,positive,2/3,3/2,positive,1,1,positive
957,1;1;1;7;5,14/15,4/5,7/6,positive,32/45,49/40,positive,4/3,7/10,positive
958,1;1;1;8;4,13/15,4/5,13/12,positive,38/45,169/190,positive,5/3,13/25,positive
959,1;1;1;9;3,4/5,4/5,1,positive,16/15,3/5,positive,2,2/5,positive
960,1;1;1;10;2,11/15,14/15,11/14,positive,62/45,121/310,positive,7/3,11/35,positive
961,1;1;1;11;1,2/3,16/15,5/8,positive,16/9,1/4,positive,8/3,1/4,zero
962,1;1;1;12;0,3/5,6/5,1/2,positive,34/15,27/170,positive,3,1/5,negative
963,1;1;2;0;11,19/15,16/15,19/16,positive,82/45,361/410,positive,8/3,19/40,positive
964,1;1;2;1;10,6/5,14/15,9/7,positive,62/45,162/155,positive,7/3,18/35,positive
965,1;1;2;2;9,17/15,4/5,17/12,positive,46/45,289/230,positive,2,17/30,positive
966,1;1;2;3;8,16/15,2/3,8/5,positive,34/45,128/85,positive,5/3,16/25,positive
967,1;1;2;4;7,1,2/3,3/2,positive,26/45,45/26,positive,4/3,3/4,positive
968,1;1;2;5;6,14/15,2/3,7/5,positive,22/45,98/55,positive,1,14/15,positive
969,1;1;2;6;5,13/15,2/3,13/10,positive,22/45,169/110,positive,1,13/15,positive
970,1;1;2;7;4,4/5,2/3,6/5,positive,26/45,72/65,positive,4/3,3/5,positive
971,1;1;2;8;3,11/15,2/3,11/10,positive,34/45,121/170,positive,5/3,11/25,positive
972,1;1;2;9;2,2/3,4/5,5/6,positive,46/45,10/23,positive,2,1/3,positive
973,1;1;2;10;1,3/5,14/15,9/14,positive,62/45,81/310,positive,7/3,9/35,positive
974,1;1;2;11;0,8/15,16/15,1/2,positive,82/45,32/205,positive,8/3,1/5,negative
975,1;1;3;0;10,17/15,14/15,17/14,positive,22/15,289/330,positive,7/3,17/35,positive
976,1;1;3;1;9,16/15,4/5,4/3,positive,16/15,16/15,positive,2,8/15,positive
977,1;1;3;2;8,1,2/3,3/2,positive,34/45,45/34,positive,5/3,3/5,positive
978,1;1;3;3;7,14/15,8/15,7/4,positive,8/15,49/30,positive,4/3,7/10,positive
979,1;1;3;4;6,13/15,8/15,13/8,positive,2/5,169/90,positive,1,13/15,positive
980,1;1;3;5;5,4/5,8/15,3/2,positive,16/45,9/5,positive,2/3,6/5,positive
981,1;1;3;6;4,11/15,8/15,11/8,positive,2/5,121/90,positive,1,11/15,positive
982,1;1;3;7;3,2/3,8/15,5/4,positive,8/15,5/6,positive,4/3,1/2,positive
983,1;1;3;8;2,3/5,2/3,9/10,positive,34/45,81/170,positive,5/3,9/25,positive
984,1;1;3;9;1,8/15,4/5,2/3,positive,16/15,4/15,positive,2,4/15,positive
985,1;1;3;10;0,7/15,14/15,1/2,positive,22/15,49/330,positive,7/3,1/5,negative
986,1;1;4;0;9,1,14/15,15/14,positive,6/5,5/6,positive,2,1/2,positive
987,1;1;4;1;8,14/15,4/5,7/6,positive,38/45,98/95,positive,5/3,14/25,positive
988,1;1;4;2;7,13/15,2/3,13/10,positive,26/45,13/10,positive,4/3,13/20,positive
989,1;1;4;3;6,4/5,8/15,3/2,positive,2/5,8/5,positive,1,4/5,positive
990,1;1;4;4;5,11/15,8/15,11/8,positive,14/45,121/70,positive,2/3,11/10,positive
991,1;1;4;5;4,2/3,8/15,5/4,positive,14/45,10/7,positive,2/3,1,positive
992,1;1;4;6;3,3/5,8/15,9/8,positive,2/5,9/10,positive,1,3/5,positive
993,1;1;4;7;2,8/15,2/3,4/5,positive,26/45,32/65,positive,4/3,2/5,positive
994,1;1;4;8;1,7/15,4/5,7/12,positive,38/45,49/190,positive,5/3,7/25,positive
995,1;1;4;9;0,2/5,14/15,3/7,positive,6/5,2/15,positive,2,1/5,negative
996,1;1;5;0;8,13/15,14/15,13/14,positive,46/45,169/230,positive,5/3,13/25,positive
997,1;1;5;1;7,4/5,4/5,1,positive,32/45,9/10,positive,4/3,3/5,positive
998,1;1;5;2;6,11/15,2/3,11/10,positive,22/45,11/10,positive,1,11/15,positive
999,1;1;5;3;5,2/3,8/15,5/4,positive,16/45,5/4,positive,2/3,1,positive
1000,1;1;5;4;4,3/5,8/15,9/8,positive,14/45,81/70,positive,2/3,9/10,positive
1001,1;1;5;5;3,8/15,8/15,1,positive,16/45,4/5,positive,2/3,4/5,positive
1002,1;1;5;6;2,7/15,2/3,7/10,positive,22/45,49/110,positive,1,7/15,positive
1003,1;1;5;7;1,2/5,4/5,1/2,positive,32/45,9/40,positive,4/3,3/10,positive
1004,1;1;5;8;0,1/3,14/15,5/14,positive,46/45,5/46,positive,5/3,1/5,negative
1005,1;1;6;0;7,11/15,14/15,11/14,positive,14/15,121/210,positive,4/3,11/20,positive
1006,1;1;6;1;6,2/3,4/5,5/6,positive,2/3,2/3,positive,1,2/3,positive
1007,1;1;6;2;5,3/5,2/3,9/10,positive,22/45,81/110,positive,1,3/5,positive
1008,1;1;6;3;4,8/15,8/15,1,positive,2/5,32/45,positive,1,8/15,positive
1009,1;1;6;4;3,7/15,8/15,7/8,positive,2/5,49/90,positive,1,7/15,positive
1010,1;1;6;5;2,2/5,2/3,3/5,positive,22/45,18/55,positive,1,2/5,positive
1011,1;1;6;6;1,1/3,4/5,5/12,positive,2/3,1/6,positive,1,1/3,positive
1012,1;1;6;7;0,4/15,14/15,2/7,positive,14/15,8/105,positive,4/3,1/5,negative
1013,1;1;7;0;6,3/5,14/15,9/14,positive,14/15,27/70,positive,4/3,9/20,positive
1014,1;1;7;1;5,8/15,4/5,2/3,positive,32/45,2/5,positive,4/3,2/5,positive
1015,1;1;7;2;4,7/15,2/3,7/10,positive,26/45,49/130,positive,4/3,7/20,positive
1016,1;1;7;3;3,2/5,8/15,3/4,positive,8/15,3/10,positive,4/3,3/10,positive
1017,1;1;7;4;2,1/3,2/3,1/2,positive,26/45,5/26,positive,4/3,1/4,zero
1018,1;1;7;5;1,4/15,4/5,1/3,positive,32/45,1/10,positive,4/3,1/5,negative
1019,1;1;7;6;0,1/5,14/15,3/14,negative,14/15,3/70,negative,4/3,3/20,negative
1020,1;1;8;0;5,7/15,14/15,1/2,positive,46/45,49/230,positive,5/3,7/25,positive
1021,1;1;8;1;4,2/5,4/5,1/2,positive,38/45,18/95,positive,5/3,6/25,negative
1022,1;1;8;2;3,1/3,2/3,1/2,positive,34/45,5/34,positive,5/3,1/5,negative
1023,1;1;8;3;2,4/15,2/3,2/5,positive,34/45,8/85,positive,5/3,4/25,negative
1024,1;1;8;4;1,1/5,4/5,1/4,zero,38/45,9/190,negative,5/3,3/25,negative
1025,1;1;8;5;0,2/15,14/15,1/7,negative,46/45,2/115,negative,5/3,2/25,negative
1026,1;1;9;0;4,1/3,14/15,5/14,positive,6/5,5/54,positive,2,1/6,negative
1027,1;1;9;1;3,4/15,4/5,1/3,positive,16/15,1/15,positive,2,2/15,negative
1028,1;1;9;2;2,1/5,4/5,1/4,zero,46/45,9/230,negative,2,1/10,negative
1029,1;1;9;3;1,2/15,4/5,1/6,negative,16/15,1/60,negative,2,1/15,negative
1030,1;1;9;4;0,1/15,14/15,1/14,negative,6/5,1/270,negative,2,1/30,negative
1031,1;1;10;0;3,1/5,14/15,3/14,negative,22/15,3/110,negative,7/3,3/35,negative
1032,1;1;10;1;2,2/15,14/15,1/7,negative,62/45,2/155,negative,7/3,2/35,negative
1033,1;1;10;2;1,1/15,14/15,1/14,negative,62/45,1/310,negative,7/3,1/35,negative
1035,1;1;11;0;2,1/15,16/15,1/16,negative,82/45,1/410,negative,8/3,1/40,negative
1041,1;2;0;0;12,4/3,6/5,10/9,positive,104/45,10/13,positive,3,4/9,positive
1042,1;2;0;1;11,19/15,16/15,19/16,positive,82/45,361/410,positive,8/3,19/40,positive
1043,1;2;0;2;10,6/5,14/15,9/7,positive,64/45,81/80,positive,7/3,18/35,positive
1044,1;2;0;3;9,17/15,4/5,17/12,positive,10/9,289/250,positive,2,17/30,positive
1045,1;2;0;4;8,16/15,4/5,4/3,positive,8/9,32/25,positive,5/3,16/25,positive
1046,1;2;0;5;7,1,4/5,5/4,positive,34/45,45/34,positive,4/3,3/4,positive
1047,1;2;0;6;6,14/15,4/5,7/6,positive,32/45,49/40,positive,1,14/15,positive
1048,1;2;0;7;5,13/15,4/5,13/12,positive,34/45,169/170,positive,4/3,13/20,positive
1049,1;2;0;8;4,4/5,4/5,1,positive,8/9,18/25,positive,5/3,12/25,positive
1050,1;2;0;9;3,11/15,4/5,11/12,positive,10/9,121/250,positive,2,11/30,positive
1051,1;2;0;10;2,2/3,14/15,5/7,positive,64/45,5/16,positive,7/3,2/7,positive
1052,1;2;0;11;1,3/5,16/15,9/16,positive,82/45,81/410,positive,8/3,9/40,negative
1053,1;2;0;12;0,8/15,6/5,4/9,positive,104/45,8/65,positive,3,8/45,negative
1054,1;2;1;0;11,6/5,16/15,9/8,positive,82/45,162/205,positive,8/3,9/20,positive
1055,1;2;1;1;10,17/15,14/15,17/14,positive,62/45,289/310,positive,7/3,17/35,positive
1056,1;2;1;2;9,16/15,4/5,4/3,positive,46/45,128/115,positive,2,8/15,positive
1057,1;2;1;3;8,1,2/3,3/2,positive,34/45,45/34,positive,5/3,3/5,positive
1058,1;2;1;4;7,14/15,2/3,7/5,positive,26/45,98/65,positive,4/3,7/10,positive
1059,1;2;1;5;6,13/15,2/3,13/10,positive,22/45,169/110,positive,1,13/15,positive
1060,1;2;1;6;5,4/5,2/3,6/5,positive,22/45,72/55,positive,1,4/5,positive
1061,1;2;1;7;4,11/15,2/3,11/10,positive,26/45,121/130,positive,4/3,11/20,positive
1062,1;2;1;8;3,2/3,2/3,1,positive,34/45,10/17,positive,5/3,2/5,positive
1063,1;2;1;9;2,3/5,4/5,3/4,positive,46/45,81/230,positive,2,3/10,positive
1064,1;2;1;10;1,8/15,14/15,4/7,positive,62/45,32/155,positive,7/3,8/35,negative
1065,1;2;1;11;0,7/15,16/15,7/16,positive,82/45,49/410,positive,8/3,7/40,negative
1066,1;2;2;0;10,16/15,14/15,8/7,positive,64/45,4/5,positive,7/3,16/35,positive
1067,1;2;2;1;9,1,4/5,5/4,positive,46/45,45/46,positive,2,1/2,positive
1068,1;2;2;2;8,14/15,2/3,7/5,positive,32/45,49/40,positive,5/3,14/25,positive
1069,1;2;2;3;7,13/15,8/15,13/8,positive,22/45,169/110,positive,4/3,13/20,positive
1070,1;2;2;4;6,4/5,8/15,3/2,positive,16/45,9/5,positive,1,4/5,positive
1071,1;2;2;5;5,11/15,8/15,11/8,positive,14/45,121/70,positive,2/3,11/10,positive
1072,1;2;2;6;4,2/3,8/15,5/4,positive,16/45,5/4,positive,1,2/3,positive
1073,1;2;2;7;3,3/5,8/15,9/8,positive,22/45,81/110,positive,4/3,9/20,positive
1074,1;2;2;8;2,8/15,2/3,4/5,positive,32/45,2/5,positive,5/3,8/25,positive
1075,1;2;2;9;1,7/15,4/5,7/12,positive,46/45,49/230,positive,2,7/30,negative
1076,1;2;2;10;0,2/5,14/15,3/7,positive,64/45,9/80,positive,7/3,6/35,negative
1077,1;2;3;0;9,14/15,4/5,7/6,positive,10/9,98/125,positive,2,7/15,positive
1078,1;2;3;1;8,13/15,2/3,13/10,positive,34/45,169/170,positive,5/3,13/25,positive
1079,1;2;3;2;7,4/5,8/15,3/2,positive,22/45,72/55,positive,4/3,3/5,positive
1080,1;2;3;3;6,11/15,2/5,11/6,positive,14/45,121/70,positive,1,11/15,positive
1081,1;2;3;4;5,2/3,2/5,5/3,positive,2/9,2,positive,2/3,1,positive
1082,1;2;3;5;4,3/5,2/5,3/2,positive,2/9,81/50,positive,2/3,9/10,positive
1083,1;2;3;6;3,8/15,2/5,4/3,positive,14/45,32/35,positive,1,8/15,positive
1084,1;2;3;7;2,7/15,8/15,7/8,positive,22/45,49/110,positive,4/3,7/20,positive
1085,1;2;3;8;1,2/5,2/3,3/5,positive,34/45,18/85,positive,5/3,6/25,negative
1086,1;2;3;9;0,1/3,4/5,5/12,positive,10/9,1/10,positive,2,1/6,negative
1087,1;2;4;0;8,4/5,4/5,1,positive,8/9,18/25,positive,5/3,12/25,positive
1088,1;2;4;1;7,11/15,2/3,11/10,positive,26/45,121/130,positive,4/3,11/20,positive
1089,1;2;4;2;6,2/3,8/15,5/4,positive,16/45,5/4,positive,1,2/3,positive
1090,1;2;4;3;5,3/5,2/5,3/2,positive,2/9,81/50,positive,2/3,9/10,positive
1091,1;2;4;4;4,8/15,2/5,4/3,positive,8/45,8/5,positive,2/3,4/5,positive
1092,1;2;4;5;3,7/15,2/5,7/6,positive,2/9,49/50,positive,2/3,7/10,positive
1093,1;2;4;6;2,2/5,8/15,3/4,positive,16/45,9/20,positive,1,2/5,positive
1094,1;2;4;7;1,1/3,2/3,1/2,positive,26/45,5/26,positive,4/3,1/4,zero
1095,1;2;4;8;0,4/15,4/5,1/3,positive,8/9,2/25,positive,5/3,4/25,negative
1096,1;2;5;0;7,2/3,4/5,5/6,positive,34/45,10/17,positive,4/3,1/2,positive
1097,1;2;5;1;6,3/5,2/3,9/10,positive,22/45,81/110,positive,1,3/5,positive
1098,1;2;5;2;5,8/15,8/15,1,positive,14/45,32/35,positive,2/3,4/5,positive
1099,1;2;5;3;4,7/15,2/5,7/6,positive,2/9,49/50,positive,2/3,7/10,positive
1100,1;2;5;4;3,2/5,2/5,1,positive,2/9,18/25,positive,2/3,3/5,positive
1101,1;2;5;5;2,1/3,8/15,5/8,positive,14/45,5/14,positive,2/3,1/2,positive
1102,1;2;5;6;1,4/15,2/3,2/5,positive,22/45,8/55,positive,1,4/15,positive
1103,1;2;5;7;0,1/5,4/5,1/4,zero,34/45,9/170,negative,4/3,3/20,negative
1104,1;2;6;0;6,8/15,4/5,2/3,positive,32/45,2/5,positive,1,8/15,positive
1105,1;2;6;1;5,7/15,2/3,7/10,positive,22/45,49/110,positive,1,7/15,positive
1106,1;2;6;2;4,2/5,8/15,3/4,positive,16/45,9/20,positive,1,2/5,positive
1107,1;2;6;3;3,1/3,2/5,5/6,positive,14/45,5/14,positive,1,1/3,positive
1108,1;2;6;4;2,4/15,8/15,1/2,positive,16/45,1/5,positive,1,4/15,positive
1109,1;2;6;5;1,1/5,2/3,3/10,positive,22/45,9/110,positive,1,1/5,negative
1110,1;2;6;6;0,2/15,4/5,1/6,negative,32/45,1/40,negative,1,2/15,negative
1111,1;2;7;0;5,2/5,4/5,1/2,positive,34/45,18/85,positive,4/3,3/10,positive
1112,1;2;7;1;4,1/3,2/3,1/2,positive,26/45,5/26,positive,4/3,1/4,zero
1113,1;2;7;2;3,4/15,8/15,1/2,positive,22/45,8/55,positive,4/3,1/5,negative
1114,1;2;7;3;2,1/5,8/15,3/8,positive,22/45,9/110,positive,4/3,3/20,negative
1115,1;2;7;4;1,2/15,2/3,1/5,negative,26/45,2/65,negative,4/3,1/10,negative
1116,1;2;7;5;0,1/15,4/5,1/12,negative,34/45,1/170,negative,4/3,1/20,negative
1117,1;2;8;0;4,4/15,4/5,1/3,positive,8/9,2/25,positive,5/3,4/25,negative
1118,1;2;8;1;3,1/5,2/3,3/10,positive,34/45,9/170,negative,5/3,3/25,negative
1119,1;2;8;2;2,2/15,2/3,1/5,negative,32/45,1/40,negative,5/3,2/25,negative
1120,1;2;8;3;1,1/15,2/3,1/10,negative,34/45,1/170,negative,5/3,1/25,negative
1122,1;2;9;0;3,2/15,4/5,1/6,negative,10/9,2/125,negative,2,1/15,negative
1123,1;2;9;1;2,1/15,4/5,1/12,negative,46/45,1/230,negative,2,1/30,negative
1132,1;3;0;0;11,17/15,16/15,17/16,positive,86/45,289/430,positive,8/3,17/40,positive
1133,1;3;0;1;10,16/15,14/15,8/7,positive,22/15,128/165,positive,7/3,16/35,positive
1134,1;3;0;2;9,1,4/5,5/4,positive,10/9,9/10,positive,2,1/2,positive
1135,1;3;0;3;8,14/15,2/3,7/5,positive,38/45,98/95,positive,5/3,14/25,positive
1136,1;3;0;4;7,13/15,2/3,13/10,positive,2/3,169/150,positive,4/3,13/20,positive
1137,1;3;0;5;6,4/5,2/3,6/5,positive,26/45,72/65,positive,1,4/5,positive
1138,1;3;0;6;5,11/15,2/3,11/10,positive,26/45,121/130,positive,1,11/15,positive
1139,1;3;0;7;4,2/3,2/3,1,positive,2/3,2/3,positive,4/3,1/2,positive
1140,1;3;0;8;3,3/5,2/3,9/10,positive,38/45,81/190,positive,5/3,9/25,positive
1141,1;3;0;9;2,8/15,4/5,2/3,positive,10/9,32/125,positive,2,4/15,positive
1142,1;3;0;10;1,7/15,14/15,1/2,positive,22/15,49/330,positive,7/3,1/5,negative
1143,1;3;0;11;0,2/5,16/15,3/8,positive,86/45,18/215,positive,8/3,3/20,negative
1144,1;3;1;0;10,1,14/15,15/14,positive,22/15,15/22,positive,7/3,3/7,positive
1145,1;3;1;1;9,14/15,4/5,7/6,positive,16/15,49/60,positive,2,7/15,positive
1146,1;3;1;2;8,13/15,2/3,13/10,positive,34/45,169/170,positive,5/3,13/25,positive
1147,1;3;1;3;7,4/5,8/15,3/2,positive,8/15,6/5,positive,4/3,3/5,positive
1148,1;3;1;4;6,11/15,8/15,11/8,positive,2/5,121/90,positive,1,11/15,positive
1149,1;3;1;5;5,2/3,8/15,5/4,positive,16/45,5/4,positive,2/3,1,positive
1150,1;3;1;6;4,3/5,8/15,9/8,positive,2/5,9/10,positive,1,3/5,positive
1151,1;3;1;7;3,8/15,8/15,1,positive,8/15,8/15,positive,4/3,2/5,positive
1152,1;3;1;8;2,7/15,2/3,7/10,positive,34/45,49/170,positive,5/3,7/25,positive
1153,1;3;1;9;1,2/5,4/5,1/2,positive,16/15,3/20,positive,2,1/5,negative
1154,1;3;1;10;0,1/3,14/15,5/14,positive,22/15,5/66,positive,7/3,1/7,negative
1155,1;3;2;0;9,13/15,4/5,13/12,positive,10/9,169/250,positive,2,13/30,positive
1156,1;3;2;1;8,4/5,2/3,6/5,positive,34/45,72/85,positive,5/3,12/25,positive
1157,1;3;2;2;7,11/15,8/15,11/8,positive,22/45,11/10,positive,4/3,11/20,positive
1158,1;3;2;3;6,2/3,2/5,5/3,positive,14/45,10/7,positive,1,2/3,positive
1159,1;3;2;4;5,3/5,2/5,3/2,positive,2/9,81/50,positive,2/3,9/10,positive
1160,1;3;2;5;4,8/15,2/5,4/3,positive,2/9,32/25,positive,2/3,4/5,positive
1161,1;3;2;6;3,7/15,2/5,7/6,positive,14/45,7/10,positive,1,7/15,positive
1162,1;3;2;7;2,2/5,8/15,3/4,positive,22/45,18/55,positive,4/3,3/10,positive
1163,1;3;2;8;1,1/3,2/3,1/2,positive,34/45,5/34,positive,5/3,1/5,negative
1164,1;3;2;9;0,4/15,4/5,1/3,positive,10/9,8/125,positive,2,2/15,negative
1165,1;3;3;0;8,11/15,2/3,11/10,positive,38/45,121/190,positive,5/3,11/25,positive
1166,1;3;3;1;7,2/3,8/15,5/4,positive,8/15,5/6,positive,4/3,1/2,positive
1167,1;3;3;2;6,3/5,2/5,3/2,positive,14/45,81/70,positive,1,3/5,positive
1168,1;3;3;3;5,8/15,4/15,2,positive,8/45,8/5,positive,2/3,4/5,positive
1169,1;3;3;4;4,7/15,4/15,7/4,positive,2/15,49/30,positive,2/3,7/10,positive
1170,1;3;3;5;3,2/5,4/15,3/2,positive,8/45,9/10,positive,2/3,3/5,positive
1171,1;3;3;6;2,1/3,2/5,5/6,positive,14/45,5/14,positive,1,1/3,positive
1172,1;3;3;7;1,4/15,8/15,1/2,positive,8/15,2/15,positive,4/3,1/5,negative
1173,1;3;3;8;0,1/5,2/3,3/10,positive,38/45,9/190,negative,5/3,3/25,negative
1174,1;3;4;0;7,3/5,2/3,9/10,positive,2/3,27/50,positive,4/3,9/20,positive
1175,1;3;4;1;6,8/15,8/15,1,positive,2/5,32/45,positive,1,8/15,positive
1176,1;3;4;2;5,7/15,2/5,7/6,positive,2/9,49/50,positive,2/3,7/10,positive
1177,1;3;4;3;4,2/5,4/15,3/2,positive,2/15,6/5,positive,2/3,3/5,positive
1178,1;3;4;4;3,1/3,4/15,5/4,positive,2/15,5/6,positive,2/3,1/2,positive
1179,1;3;4;5;2,4/15,2/5,2/3,positive,2/9,8/25,positive,2/3,2/5,positive
1180,1;3;4;6;1,1/5,8/15,3/8,positive,2/5,1/10,positive,1,1/5,negative
1181,1;3;4;7;0,2/15,2/3,1/5,negative,2/3,2/75,negative,4/3,1/10,negative
1182,1;3;5;0;6,7/15,2/3,7/10,positive,26/45,49/130,positive,1,7/15,positive
1183,1;3;5;1;5,2/5,8/15,3/4,positive,16/45,9/20,positive,2/3,3/5,positive
1184,1;3;5;2;4,1/3,2/5,5/6,positive,2/9,1/2,positive,2/3,1/2,positive
1185,1;3;5;3;3,4/15,4/15,1,positive,8/45,2/5,positive,2/3,2/5,positive
1186,1;3;5;4;2,1/5,2/5,1/2,positive,2/9,9/50,positive,2/3,3/10,positive
1187,1;3;5;5;1,2/15,8/15,1/4,zero,16/45,1/20,negative,2/3,1/5,negative
1188,1;3;5;6;0,1/15,2/3,1/10,negative,26/45,1/130,negative,1,1/15,negative
1189,1;3;6;0;5,1/3,2/3,1/2,positive,26/45,5/26,positive,1,1/3,positive
1190,1;3;6;1;4,4/15,8/15,1/2,positive,2/5,8/45,positive,1,4/15,positive
1191,1;3;6;2;3,1/5,2/5,1/2,positive,14/45,9/70,positive,1,1/5,negative
1192,1;3;6;3;2,2/15,2/5,1/3,positive,14/45,2/35,negative,1,2/15,negative
1193,1;3;6;4;1,1/15,8/15,1/8,negative,2/5,1/90,negative,1,1/15,negative
1195,1;3;7;0;4,1/5,2/3,3/10,positive,2/3,3/50,negative,4/3,3/20,negative
1196,1;3;7;1;3,2/15,8/15,1/4,zero,8/15,1/30,negative,4/3,1/10,negative
1197,1;3;7;2;2,1/15,8/15,1/8,negative,22/45,1/110,negative,4/3,1/20,negative
1200,1;3;8;0;3,1/15,2/3,1/10,negative,38/45,1/190,negative,5/3,1/25,negative
1210,1;4;0;0;10,14/15,16/15,7/8,positive,8/5,49/90,positive,7/3,2/5,positive
1211,1;4;0;1;9,13/15,14/15,13/14,positive,6/5,169/270,positive,2,13/30,positive
1212,1;4;0;2;8,4/5,4/5,1,positive,8/9,18/25,positive,5/3,12/25,positive
1213,1;4;0;3;7,11/15,2/3,11/10,positive,2/3,121/150,positive,4/3,11/20,positive
1214,1;4;0;4;6,2/3,2/3,1,positive,8/15,5/6,positive,1,2/3,positive
1215,1;4;0;5;5,3/5,2/3,9/10,positive,22/45,81/110,positive,1,3/5,positive
1216,1;4;0;6;4,8/15,2/3,4/5,positive,8/15,8/15,positive,1,8/15,positive
1217,1;4;0;7;3,7/15,2/3,7/10,positive,2/3,49/150,positive,4/3,7/20,positive
1218,1;4;0;8;2,2/5,4/5,1/2,positive,8/9,9/50,positive,5/3,6/25,negative
1219,1;4;0;9;1,1/3,14/15,5/14,positive,6/5,5/54,positive,2,1/6,negative
1220,1;4;0;10;0,4/15,16/15,1/4,zero,8/5,2/45,negative,7/3,4/35,negative
1221,1;4;1;0;9,4/5,14/15,6/7,positive,6/5,8/15,positive,2,2/5,positive
1222,1;4;1;1;8,11/15,4/5,11/12,positive,38/45,121/190,positive,5/3,11/25,positive
1223,1;4;1;2;7,2/3,2/3,1,positive,26/45,10/13,positive,4/3,1/2,positive
1224,1;4;1;3;6,3/5,8/15,9/8,positive,2/5,9/10,positive,1,3/5,positive
1225,1;4;1;4;5,8/15,8/15,1,positive,14/45,32/35,positive,2/3,4/5,positive
1226,1;4;1;5;4,7/15,8/15,7/8,positive,14/45,7/10,positive,2/3,7/10,positive
1227,1;4;1;6;3,2/5,8/15,3/4,positive,2/5,2/5,positive,1,2/5,positive
1228,1;4;1;7;2,1/3,2/3,1/2,positive,26/45,5/26,positive,4/3,1/4,zero
1229,1;4;1;8;1,4/15,4/5,1/3,positive,38/45,8/95,positive,5/3,4/25,negative
1230,1;4;1;9;0,1/5,14/15,3/14,negative,6/5,1/30,negative,2,1/10,negative
1231,1;4;2;0;8,2/3,4/5,5/6,positive,8/9,1/2,positive,5/3,2/5,positive
1232,1;4;2;1;7,3/5,2/3,9/10,positive,26/45,81/130,positive,4/3,9/20,positive
1233,1;4;2;2;6,8/15,8/15,1,positive,16/45,4/5,positive,1,8/15,positive
1234,1;4;2;3;5,7/15,2/5,7/6,positive,2/9,49/50,positive,2/3,7/10,positive
1235,1;4;2;4;4,2/5,2/5,1,positive,8/45,9/10,positive,2/3,3/5,positive
1236,1;4;2;5;3,1/3,2/5,5/6,positive,2/9,1/2,positive,2/3,1/2,positive
1237,1;4;2;6;2,4/15,8/15,1/2,positive,16/45,1/5,positive,1,4/15,positive
1238,1;4;2;7;1,1/5,2/3,3/10,positive,26/45,9/130,positive,4/3,3/20,negative
1239,1;4;2;8;0,2/15,4/5,1/6,negative,8/9,1/50,negative,5/3,2/25,negative
1240,1;4;3;0;7,8/15,2/3,4/5,positive,2/3,32/75,positive,4/3,2/5,positive
1241,1;4;3;1;6,7/15,8/15,7/8,positive,2/5,49/90,positive,1,7/15,positive
1242,1;4;3;2;5,2/5,2/5,1,positive,2/9,18/25,positive,2/3,3/5,positive
1243,1;4;3;3;4,1/3,4/15,5/4,positive,2/15,5/6,positive,2/3,1/2,positive
1244,1;4;3;4;3,4/15,4/15,1,positive,2/15,8/15,positive,2/3,2/5,positive
1245,1;4;3;5;2,1/5,2/5,1/2,positive,2/9,9/50,positive,2/3,3/10,positive
1246,1;4;3;6;1,2/15,8/15,1/4,zero,2/5,2/45,negative,1,2/15,negative
1247,1;4;3;7;0,1/15,2/3,1/10,negative,2/3,1/150,negative,4/3,1/20,negative
1248,1;4;4;0;6,2/5,2/3,3/5,positive,8/15,3/10,positive,1,2/5,positive
1249,1;4;4;1;5,1/3,8/15,5/8,positive,14/45,5/14,positive,2/3,1/2,positive
1250,1;4;4;2;4,4/15,2/5,2/3,positive,8/45,2/5,positive,2/3,2/5,positive
1251,1;4;4;3;3,1/5,4/15,3/4,positive,2/15,3/10,positive,2/3,3/10,positive
1252,1;4;4;4;2,2/15,2/5,1/3,positive,8/45,1/10,positive,2/3,1/5,negative
1253,1;4;4;5;1,1/15,8/15,1/8,negative,14/45,1/70,negative,2/3,1/10,negative
1255,1;4;5;0;5,4/15,2/3,2/5,positive,22/45,8/55,positive,1,4/15,positive
1256,1;4;5;1;4,1/5,8/15,3/8,positive,14/45,9/70,positive,2/3,3/10,positive
1257,1;4;5;2;3,2/15,2/5,1/3,positive,2/9,2/25,positive,2/3,1/5,negative
1258,1;4;5;3;2,1/15,2/5,1/6,negative,2/9,1/50,negative,2/3,1/10,negative
1261,1;4;6;0;4,2/15,2/3,1/5,negative,8/15,1/30,negative,1,2/15,negative
1262,1;4;6;1;3,1/15,8/15,1/8,negative,2/5,1/90,negative,1,1/15,negative
1276,1;5;0;0;9,11/15,16/15,11/16,positive,62/45,121/310,positive,2,11/30,positive
1277,1;5;0;1;8,2/3,14/15,5/7,positive,46/45,10/23,positive,5/3,2/5,positive
1278,1;5;0;2;7,3/5,4/5,3/4,positive,34/45,81/170,positive,4/3,9/20,positive
1279,1;5;0;3;6,8/15,2/3,4/5,positive,26/45,32/65,positive,1,8/15,positive
1280,1;5;0;4;5,7/15,2/3,7/10,positive,22/45,49/110,positive,1,7/15,positive
1281,1;5;0;5;4,2/5,2/3,3/5,positive,22/45,18/55,positive,1,2/5,positive
1282,1;5;0;6;3,1/3,2/3,1/2,positive,26/45,5/26,positive,1,1/3,positive
1283,1;5;0;7;2,4/15,4/5,1/3,positive,34/45,8/85,positive,4/3,1/5,negative
1284,1;5;0;8;1,1/5,14/15,3/14,negative,46/45,9/230,negative,5/3,3/25,negative
1285,1;5;0;9;0,2/15,16/15,1/8,negative,62/45,2/155,negative,2,1/15,negative
1286,1;5;1;0;8,3/5,14/15,9/14,positive,46/45,81/230,positive,5/3,9/25,positive
1287,1;5;1;1;7,8/15,4/5,2/3,positive,32/45,2/5,positive,4/3,2/5,positive
1288,1;5;1;2;6,7/15,2/3,7/10,positive,22/45,49/110,positive,1,7/15,positive
1289,1;5;1;3;5,2/5,8/15,3/4,positive,16/45,9/20,positive,2/3,3/5,positive
1290,1;5;1;4;4,1/3,8/15,5/8,positive,14/45,5/14,positive,2/3,1/2,positive
1291,1;5;1;5;3,4/15,8/15,1/2,positive,16/45,1/5,positive,2/3,2/5,positive
1292,1;5;1;6;2,1/5,2/3,3/10,positive,22/45,9/110,positive,1,1/5,negative
1293,1;5;1;7;1,2/15,4/5,1/6,negative,32/45,1/40,negative,4/3,1/10,negative
1294,1;5;1;8;0,1/15,14/15,1/14,negative,46/45,1/230,negative,5/3,1/25,negative
1295,1;5;2;0;7,7/15,4/5,7/12,positive,34/45,49/170,positive,4/3,7/20,positive
1296,1;5;2;1;6,2/5,2/3,3/5,positive,22/45,18/55,positive,1,2/5,positive
1297,1;5;2;2;5,1/3,8/15,5/8,positive,14/45,5/14,positive,2/3,1/2,positive
1298,1;5;2;3;4,4/15,2/5,2/3,positive,2/9,8/25,positive,2/3,2/5,positive
1299,1;5;2;4;3,1/5,2/5,1/2,positive,2/9,9/50,positive,2/3,3/10,positive
1300,1;5;2;5;2,2/15,8/15,1/4,zero,14/45,2/35,negative,2/3,1/5,negative
1301,1;5;2;6;1,1/15,2/3,1/10,negative,22/45,1/110,negative,1,1/15,negative
1303,1;5;3;0;6,1/3,2/3,1/2,positive,26/45,5/26,positive,1,1/3,positive
1304,1;5;3;1;5,4/15,8/15,1/2,positive,16/45,1/5,positive,2/3,2/5,positive
1305,1;5;3;2;4,1/5,2/5,1/2,positive,2/9,9/50,positive,2/3,3/10,positive
1306,1;5;3;3;3,2/15,4/15,1/2,positive,8/45,1/10,positive,2/3,1/5,negative
1307,1;5;3;4;2,1/15,2/5,1/6,negative,2/9,1/50,negative,2/3,1/10,negative
1310,1;5;4;0;5,1/5,2/3,3/10,positive,22/45,9/110,positive,1,1/5,negative
1311,1;5;4;1;4,2/15,8/15,1/4,zero,14/45,2/35,negative,2/3,1/5,negative
1312,1;5;4;2;3,1/15,2/5,1/6,negative,2/9,1/50,negative,2/3,1/10,negative
1316,1;5;5;0;4,1/15,2/3,1/10,negative,22/45,1/110,negative,1,1/15,negative
1331,1;6;0;0;8,8/15,16/15,1/2,positive,56/45,8/35,positive,5/3,8/25,positive
1332,1;6;0;1;7,7/15,14/15,1/2,positive,14/15,7/30,positive,4/3,7/20,positive
1333,1;6;0;2;6,2/5,4/5,1/2,positive,32/45,9/40,positive,1,2/5,positive
1334,1;6;0;3;5,1/3,2/3,1/2,positive,26/45,5/26,positive,1,1/3,positive
1335,1;6;0;4;4,4/15,2/3,2/5,positive,8/15,2/15,positive,1,4/15,positive
1336,1;6;0;5;3,1/5,2/3,3/10,positive,26/45,9/130,positive,1,1/5,negative
1337,1;6;0;6;2,2/15,4/5,1/6,negative,32/45,1/40,negative,1,2/15,negative
1338,1;6;0;7;1,1/15,14/15,1/14,negative,14/15,1/210,negative,4/3,1/20,negative
1340,1;6;1;0;7,2/5,14/15,3/7,positive,14/15,6/35,positive,4/3,3/10,positive
1341,1;6;1;1;6,1/3,4/5,5/12,positive,2/3,1/6,positive,1,1/3,positive
1342,1;6;1;2;5,4/15,2/3,2/5,positive,22/45,8/55,positive,1,4/15,positive
1343,1;6;1;3;4,1/5,8/15,3/8,positive,2/5,1/10,positive,1,1/5,negative
1344,1;6;1;4;3,2/15,8/15,1/4,zero,2/5,2/45,negative,1,2/15,negative
1345,1;6;1;5;2,1/15,2/3,1/10,negative,22/45,1/110,negative,1,1/15,negative
1348,1;6;2;0;6,4/15,4/5,1/3,positive,32/45,1/10,positive,1,4/15,positive
1349,1;6;2;1;5,1/5,2/3,3/10,positive,22/45,9/110,positive,1,1/5,negative
1350,1;6;2;2;4,2/15,8/15,1/4,zero,16/45,1/20,negative,1,2/15,negative
1351,1;6;2;3;3,1/15,2/5,1/6,negative,14/45,1/70,negative,1,1/15,negative
1355,1;6;3;0;5,2/15,2/3,1/5,negative,26/45,2/65,negative,1,2/15,negative
1356,1;6;3;1;4,1/15,8/15,1/8,negative,2/5,1/90,negative,1,1/15,negative
1376,1;7;0;0;7,1/3,16/15,5/16,positive,6/5,5/54,positive,4/3,1/4,zero
1377,1;7;0;1;6,4/15,14/15,2/7,positive,14/15,8/105,positive,4/3,1/5,negative
1378,1;7;0;2;5,1/5,4/5,1/4,zero,34/45,9/170,negative,4/3,3/20,negative
1379,1;7;0;3;4,2/15,2/3,1/5,negative,2/3,2/75,negative,4/3,1/10,negative
1380,1;7;0;4;3,1/15,2/3,1/10,negative,2/3,1/150,negative,4/3,1/20,negative
1384,1;7;1;0;6,1/5,14/15,3/14,negative,14/15,3/70,negative,4/3,3/20,negative
1385,1;7;1;1;5,2/15,4/5,1/6,negative,32/45,1/40,negative,4/3,1/10,negative
1386,1;7;1;2;4,1/15,2/3,1/10,negative,26/45,1/130,negative,4/3,1/20,negative
1391,1;7;2;0;5,1/15,4/5,1/12,negative,34/45,1/170,negative,4/3,1/20,negative
1412,1;8;0;0;6,2/15,16/15,1/8,negative,56/45,1/70,negative,5/3,2/25,negative
1413,1;8;0;1;5,1/15,14/15,1/14,negative,46/45,1/230,negative,5/3,1/25,negative
1496,2;0;0;0;13,22/15,4/3,11/10,positive,128/45,121/160,positive,10/3,11/25,positive
1497,2;0;0;1;12,7/5,6/5,7/6,positive,104/45,441/520,positive,3,7/15,positive
1498,2;0;0;2;11,4/3,16/15,5/4,positive,28/15,20/21,positive,8/3,1/2,positive
1499,2;0;0;3;10,19/15,14/15,19/14,positive,68/45,361/340,positive,7/3,19/35,positive
1500,2;0;0;4;9,6/5,14/15,9/7,positive,56/45,81/70,positive,2,3/5,positive
1501,2;0;0;5;8,17/15,14/15,17/14,positive,16/15,289/240,positive,5/3,17/25,positive
1502,2;0;0;6;7,16/15,14/15,8/7,positive,44/45,64/55,positive,4/3,4/5,positive
1503,2;0;0;7;6,1,14/15,15/14,positive,44/45,45/44,positive,4/3,3/4,positive
1504,2;0;0;8;5,14/15,14/15,1,positive,16/15,49/60,positive,5/3,14/25,positive
1505,2;0;0;9;4,13/15,14/15,13/14,positive,56/45,169/280,positive,2,13/30,positive
1506,2;0;0;10;3,4/5,14/15,6/7,positive,68/45,36/85,positive,7/3,12/35,positive
1507,2;0;0;11;2,11/15,16/15,11/16,positive,28/15,121/420,positive,8/3,11/40,positive
1508,2;0;0;12;1,2/3,6/5,5/9,positive,104/45,5/26,positive,3,2/9,negative
1509,2;0;0;13;0,3/5,4/3,9/20,positive,128/45,81/640,positive,10/3,9/50,negative
1510,2;0;1;0;12,4/3,6/5,10/9,positive,104/45,10/13,positive,3,4/9,positive
1511,2;0;1;1;11,19/15,16/15,19/16,positive,82/45,361/410,positive,8/3,19/40,positive
1512,2;0;1;2;10,6/5,14/15,9/7,positive,64/45,81/80,positive,7/3,18/35,positive
1513,2;0;1;3;9,17/15,4/5,17/12,positive,10/9,289/250,positive,2,17/30,positive
1514,2;0;1;4;8,16/15,4/5,4/3,positive,8/9,32/25,positive,5/3,16/25,positive
1515,2;0;1;5;7,1,4/5,5/4,positive,34/45,45/34,positive,4/3,3/4,positive
1516,2;0;1;6;6,14/15,4/5,7/6,positive,32/45,49/40,positive,1,14/15,positive
1517,2;0;1;7;5,13/15,4/5,13/12,positive,34/45,169/170,positive,4/3,13/20,positive
1518,2;0;1;8;4,4/5,4/5,1,positive,8/9,18/25,positive,5/3,12/25,positive
1519,2;0;1;9;3,11/15,4/5,11/12,positive,10/9,121/250,positive,2,11/30,positive
1520,2;0;1;10;2,2/3,14/15,5/7,positive,64/45,5/16,positive,7/3,2/7,positive
1521,2;0;1;11;1,3/5,16/15,9/16,positive,82/45,81/410,positive,8/3,9/40,negative
1522,2;0;1;12;0,8/15,6/5,4/9,positive,104/45,8/65,positive,3,8/45,negative
1523,2;0;2;0;11,6/5,16/15,9/8,positive,28/15,27/35,positive,8/3,9/20,positive
1524,2;0;2;1;10,17/15,14/15,17/14,positive,64/45,289/320,positive,7/3,17/35,positive
1525,2;0;2;2;9,16/15,4/5,4/3,positive,16/15,16/15,positive,2,8/15,positive
1526,2;0;2;3;8,1,2/3,3/2,positive,4/5,5/4,positive,5/3,3/5,positive
1527,2;0;2;4;7,14/15,2/3,7/5,positive,28/45,7/5,positive,4/3,7/10,positive
1528,2;0;2;5;6,13/15,2/3,13/10,positive,8/15,169/120,positive,1,13/15,positive
1529,2;0;2;6;5,4/5,2/3,6/5,positive,8/15,6/5,positive,1,4/5,positive
1530,2;0;2;7;4,11/15,2/3,11/10,positive,28/45,121/140,positive,4/3,11/20,positive
1531,2;0;2;8;3,2/3,2/3,1,positive,4/5,5/9,positive,5/3,2/5,positive
1532,2;0;2;9;2,3/5,4/5,3/4,positive,16/15,27/80,positive,2,3/10,positive
1533,2;0;2;10;1,8/15,14/15,4/7,positive,64/45,1/5,positive,7/3,8/35,negative
1534,2;0;2;11;0,7/15,16/15,7/16,positive,28/15,7/60,positive,8/3,7/40,negative
1535,2;0;3;0;10,16/15,14/15,8/7,positive,68/45,64/85,positive,7/3,16/35,positive
1536,2;0;3;1;9,1,4/5,5/4,positive,10/9,9/10,positive,2,1/2,positive
1537,2;0;3;2;8,14/15,2/3,7/5,positive,4/5,49/45,positive,5/3,14/25,positive
1538,2;0;3;3;7,13/15,8/15,13/8,positive,26/45,13/10,positive,4/3,13/20,positive
1539,2;0;3;4;6,4/5,8/15,3/2,positive,4/9,36/25,positive,1,4/5,positive
1540,2;0;3;5;5,11/15,8/15,11/8,positive,2/5,121/90,positive,1,11/15,positive
1541,2;0;3;6;4,2/3,8/15,5/4,positive,4/9,1,positive,1,2/3,positive
1542,2;0;3;7;3,3/5,8/15,9/8,positive,26/45,81/130,positive,4/3,9/20,positive
1543,2;0;3;8;2,8/15,2/3,4/5,positive,4/5,16/45,positive,5/3,8/25,positive
1544,2;0;3;9;1,7/15,4/5,7/12,positive,10/9,49/250,positive,2,7/30,negative
1545,2;0;3;10;0,2/5,14/15,3/7,positive,68/45,9/85,positive,7/3,6/35,negative
1546,2;0;4;0;9,14/15,14/15,1,positive,56/45,7/10,positive,2,7/15,positive
1547,2;0;4;1;8,13/15,4/5,13/12,positive,8/9,169/200,positive,5/3,13/25,positive
1548,2;0;4;2;7,4/5,2/3,6/5,positive,28/45,36/35,positive,4/3,3/5,positive
1549,2;0;4;3;6,11/15,8/15,11/8,positive,4/9,121/100,positive,1,11/15,positive
1550,2;0;4;4;5,2/3,8/15,5/4,positive,16/45,5/4,positive,1,2/3,positive
1551,2;0;4;5;4,3/5,8/15,9/8,positive,16/45,81/80,positive,1,3/5,positive
1552,2;0;4;6;3,8/15,8/15,1,positive,4/9,16/25,positive,1,8/15,positive
1553,2;0;4;7;2,7/15,2/3,7/10,positive,28/45,7/20,positive,4/3,7/20,positive
1554,2;0;4;8;1,2/5,4/5,1/2,positive,8/9,9/50,positive,5/3,6/25,negative
1555,2;0;4;9;0,1/3,14/15,5/14,positive,56/45,5/56,positive,2,1/6,negative
1556,2;0;5;0;8,4/5,14/15,6/7,positive,16/15,3/5,positive,5/3,12/25,positive
1557,2;0;5;1;7,11/15,4/5,11/12,positive,34/45,121/170,positive,4/3,11/20,positive
1558,2;0;5;2;6,2/3,2/3,1,positive,8/15,5/6,positive,1,2/3,positive
1559,2;0;5;3;5,3/5,8/15,9/8,positive,2/5,9/10,positive,1,3/5,positive
1560,2;0;5;4;4,8/15,8/15,1,positive,16/45,4/5,positive,1,8/15,positive
1561,2;0;5;5;3,7/15,8/15,7/8,positive,2/5,49/90,positive,1,7/15,positive
1562,2;0;5;6;2,2/5,2/3,3/5,positive,8/15,3/10,positive,1,2/5,positive
1563,2;0;5;7;1,1/3,4/5,5/12,positive,34/45,5/34,positive,4/3,1/4,zero
1564,2;0;5;8;0,4/15,14/15,2/7,positive,16/15,1/15,positive,5/3,4/25,negative
1565,2;0;6;0;7,2/3,14/15,5/7,positive,44/45,5/11,positive,4/3,1/2,positive
1566,2;0;6;1;6,3/5,4/5,3/4,positive,32/45,81/160,positive,1,3/5,positive
1567,2;0;6;2;5,8/15,2/3,4/5,positive,8/15,8/15,positive,1,8/15,positive
1568,2;0;6;3;4,7/15,8/15,7/8,positive,4/9,49/100,positive,1,7/15,positive
1569,2;0;6;4;3,2/5,8/15,3/4,positive,4/9,9/25,positive,1,2/5,positive
1570,2;0;6;5;2,1/3,2/3,1/2,positive,8/15,5/24,positive,1,1/3,positive
1571,2;0;6;6;1,4/15,4/5,1/3,positive,32/45,1/10,positive,1,4/15,positive
1572,2;0;6;7;0,1/5,14/15,3/14,negative,44/45,9/220,negative,4/3,3/20,negative
1573,2;0;7;0;6,8/15,14/15,4/7,positive,44/45,16/55,positive,4/3,2/5,positive
1574,2;0;7;1;5,7/15,4/5,7/12,positive,34/45,49/170,positive,4/3,7/20,positive
1575,2;0;7;2;4,2/5,2/3,3/5,positive,28/45,9/35,positive,4/3,3/10,positive
1576,2;0;7;3;3,1/3,8/15,5/8,positive,26/45,5/26,positive,4/3,1/4,zero
1577,2;0;7;4;2,4/15,2/3,2/5,positive,28/45,4/35,positive,4/3,1/5,negative
1578,2;0;7;5;1,1/5,4/5,1/4,zero,34/45,9/170,negative,4/3,3/20,negative
1579,2;0;7;6;0,2/15,14/15,1/7,negative,44/45,1/55,negative,4/3,1/10,negative
1580,2;0;8;0;5,2/5,14/15,3/7,positive,16/15,3/20,positive,5/3,6/25,negative
1581,2;0;8;1;4,1/3,4/5,5/12,positive,8/9,1/8,positive,5/3,1/5,negative
1582,2;0;8;2;3,4/15,2/3,2/5,positive,4/5,4/45,positive,5/3,4/25,negative
1583,2;0;8;3;2,1/5,2/3,3/10,positive,4/5,1/20,negative,5/3,3/25,negative
1584,2;0;8;4;1,2/15,4/5,1/6,negative,8/9,1/50,negative,5/3,2/25,negative
1585,2;0;8;5;0,1/15,14/15,1/14,negative,16/15,1/240,negative,5/3,1/25,negative
1586,2;0;9;0;4,4/15,14/15,2/7,positive,56/45,2/35,negative,2,2/15,negative
1587,2;0;9;1;3,1/5,4/5,1/4,zero,10/9,9/250,negative,2,1/10,negative
1588,2;0;9;2;2,2/15,4/5,1/6,negative,16/15,1/60,negative,2,1/15,negative
1589,2;0;9;3;1,1/15,4/5,1/12,negative,10/9,1/250,negative,2,1/30,negative
1591,2;0;10;0;3,2/15,14/15,1/7,negative,68/45,1/85,negative,7/3,2/35,negative
1592,2;0;10;1;2,1/15,14/15,1/14,negative,64/45,1/320,negative,7/3,1/35,negative
1601,2;1;0;0;12,19/15,6/5,19/18,positive,104/45,361/520,positive,3,19/45,positive
1602,2;1;0;1;11,6/5,16/15,9/8,positive,82/45,162/205,positive,8/3,9/20,positive
1603,2;1;0;2;10,17/15,14/15,17/14,positive,64/45,289/320,positive,7/3,17/35,positive
1604,2;1;0;3;9,16/15,4/5,4/3,positive,10/9,128/125,positive,2,8/15,positive
1605,2;1;0;4;8,1,4/5,5/4,positive,8/9,9/8,positive,5/3,3/5,positive
1606,2;1;0;5;7,14/15,4/5,7/6,positive,34/45,98/85,positive,4/3,7/10,positive
1607,2;1;0;6;6,13/15,4/5,13/12,positive,32/45,169/160,positive,1,13/15,positive
1608,2;1;0;7;5,4/5,4/5,1,positive,34/45,72/85,positive,4/3,3/5,positive
1609,2;1;0;8;4,11/15,4/5,11/12,positive,8/9,121/200,positive,5/3,11/25,positive
1610,2;1;0;9;3,2/3,4/5,5/6,positive,10/9,2/5,positive,2,1/3,positive
1611,2;1;0;10;2,3/5,14/15,9/14,positive,64/45,81/320,positive,7/3,9/35,positive
1612,2;1;0;11;1,8/15,16/15,1/2,positive,82/45,32/205,positive,8/3,1/5,negative
1613,2;1;0;12;0,7/15,6/5,7/18,positive,104/45,49/520,positive,3,7/45,negative
1614,2;1;1;0;11,17/15,16/15,17/16,positive,82/45,289/410,positive,8/3,17/40,positive
1615,2;1;1;1;10,16/15,14/15,8/7,positive,62/45,128/155,positive,7/3,16/35,positive
1616,2;1;1;2;9,1,4/5,5/4,positive,46/45,45/46,positive,2,1/2,positive
1617,2;1;1;3;8,14/15,2/3,7/5,positive,34/45,98/85,positive,5/3,14/25,positive
1618,2;1;1;4;7,13/15,2/3,13/10,positive,26/45,13/10,positive,4/3,13/20,positive
1619,2;1;1;5;6,4/5,2/3,6/5,positive,22/45,72/55,positive,1,4/5,positive
1620,2;1;1;6;5,11/15,2/3,11/10,positive,22/45,11/10,positive,1,11/15,positive
1621,2;1;1;7;4,2/3,2/3,1,positive,26/45,10/13,positive,4/3,1/2,positive
1622,2;1;1;8;3,3/5,2/3,9/10,positive,34/45,81/170,positive,5/3,9/25,positive
1623,2;1;1;9;2,8/15,4/5,2/3,positive,46/45,32/115,positive,2,4/15,positive
1624,2;1;1;10;1,7/15,14/15,1/2,positive,62/45,49/310,positive,7/3,1/5,negative
1625,2;1;1;11;0,2/5,16/15,3/8,positive,82/45,18/205,positive,8/3,3/20,negative
1626,2;1;2;0;10,1,14/15,15/14,positive,64/45,45/64,positive,7/3,3/7,positive
1627,2;1;2;1;9,14/15,4/5,7/6,positive,46/45,98/115,positive,2,7/15,positive
1628,2;1;2;2;8,13/15,2/3,13/10,positive,32/45,169/160,positive,5/3,13/25,positive
1629,2;1;2;3;7,4/5,8/15,3/2,positive,22/45,72/55,positive,4/3,3/5,positive
1630,2;1;2;4;6,11/15,8/15,11/8,positive,16/45,121/80,positive,1,11/15,positive
1631,2;1;2;5;5,2/3,8/15,5/4,positive,14/45,10/7,positive,2/3,1,positive
1632,2;1;2;6;4,3/5,8/15,9/8,positive,16/45,81/80,positive,1,3/5,positive
1633,2;1;2;7;3,8/15,8/15,1,positive,22/45,32/55,positive,4/3,2/5,positive
1634,2;1;2;8;2,7/15,2/3,7/10,positive,32/45,49/160,positive,5/3,7/25,positive
1635,2;1;2;9;1,2/5,4/5,1/2,positive,46/45,18/115,positive,2,1/5,negative
1636,2;1;2;10;0,1/3,14/15,5/14,positive,64/45,5/64,positive,7/3,1/7,negative
1637,2;1;3;0;9,13/15,4/5,13/12,positive,10/9,169/250,positive,2,13/30,positive
1638,2;1;3;1;8,4/5,2/3,6/5,positive,34/45,72/85,positive,5/3,12/25,positive
1639,2;1;3;2;7,11/15,8/15,11/8,positive,22/45,11/10,positive,4/3,11/20,positive
1640,2;1;3;3;6,2/3,2/5,5/3,positive,14/45,10/7,positive,1,2/3,positive
1641,2;1;3;4;5,3/5,2/5,3/2,positive,2/9,81/50,positive,2/3,9/10,positive
1642,2;1;3;5;4,8/15,2/5,4/3,positive,2/9,32/25,positive,2/3,4/5,positive
1643,2;1;3;6;3,7/15,2/5,7/6,positive,14/45,7/10,positive,1,7/15,positive
1644,2;1;3;7;2,2/5,8/15,3/4,positive,22/45,18/55,positive,4/3,3/10,positive
1645,2;1;3;8;1,1/3,2/3,1/2,positive,34/45,5/34,positive,5/3,1/5,negative
1646,2;1;3;9;0,4/15,4/5,1/3,positive,10/9,8/125,positive,2,2/15,negative
1647,2;1;4;0;8,11/15,4/5,11/12,positive,8/9,121/200,positive,5/3,11/25,positive
1648,2;1;4;1;7,2/3,2/3,1,positive,26/45,10/13,positive,4/3,1/2,positive
1649,2;1;4;2;6,3/5,8/15,9/8,positive,16/45,81/80,positive,1,3/5,positive
1650,2;1;4;3;5,8/15,2/5,4/3,positive,2/9,32/25,positive,2/3,4/5,positive
1651,2;1;4;4;4,7/15,2/5,7/6,positive,8/45,49/40,positive,2/3,7/10,positive
1652,2;1;4;5;3,2/5,2/5,1,positive,2/9,18/25,positive,2/3,3/5,positive
1653,2;1;4;6;2,1/3,8/15,5/8,positive,16/45,5/16,positive,1,1/3,positive
1654,2;1;4;7;1,4/15,2/3,2/5,positive,26/45,8/65,positive,4/3,1/5,negative
1655,2;1;4;8;0,1/5,4/5,1/4,zero,8/9,9/200,negative,5/3,3/25,negative
1656,2;1;5;0;7,3/5,4/5,3/4,positive,34/45,81/170,positive,4/3,9/20,positive
1657,2;1;5;1;6,8/15,2/3,4/5,positive,22/45,32/55,positive,1,8/15,positive
1658,2;1;5;2;5,7/15,8/15,7/8,positive,14/45,7/10,positive,2/3,7/10,positive
1659,2;1;5;3;4,2/5,2/5,1,positive,2/9,18/25,positive,2/3,3/5,positive
1660,2;1;5;4;3,1/3,2/5,5/6,positive,2/9,1/2,positive,2/3,1/2,positive
1661,2;1;5;5;2,4/15,8/15,1/2,positive,14/45,8/35,positive,2/3,2/5,positive
1662,2;1;5;6;1,1/5,2/3,3/10,positive,22/45,9/110,positive,1,1/5,negative
1663,2;1;5;7;0,2/15,4/5,1/6,negative,34/45,2/85,negative,4/3,1/10,negative
1664,2;1;6;0;6,7/15,4/5,7/12,positive,32/45,49/160,positive,1,7/15,positive
1665,2;1;6;1;5,2/5,2/3,3/5,positive,22/45,18/55,positive,1,2/5,positive
1666,2;1;6;2;4,1/3,8/15,5/8,positive,16/45,5/16,positive,1,1/3,positive
1667,2;1;6;3;3,4/15,2/5,2/3,positive,14/45,8/35,positive,1,4/15,positive
1668,2;1;6;4;2,1/5,8/15,3/8,positive,16/45,9/80,positive,1,1/5,negative
1669,2;1;6;5;1,2/15,2/3,1/5,negative,22/45,2/55,negative,1,2/15,negative
1670,2;1;6;6;0,1/15,4/5,1/12,negative,32/45,1/160,negative,1,1/15,negative
1671,2;1;7;0;5,1/3,4/5,5/12,positive,34/45,5/34,positive,4/3,1/4,zero
1672,2;1;7;1;4,4/15,2/3,2/5,positive,26/45,8/65,positive,4/3,1/5,negative
1673,2;1;7;2;3,1/5,8/15,3/8,positive,22/45,9/110,positive,4/3,3/20,negative
1674,2;1;7;3;2,2/15,8/15,1/4,zero,22/45,2/55,negative,4/3,1/10,negative
1675,2;1;7;4;1,1/15,2/3,1/10,negative,26/45,1/130,negative,4/3,1/20,negative
1677,2;1;8;0;4,1/5,4/5,1/4,zero,8/9,9/200,negative,5/3,3/25,negative
1678,2;1;8;1;3,2/15,2/3,1/5,negative,34/45,2/85,negative,5/3,2/25,negative
1679,2;1;8;2;2,1/15,2/3,1/10,negative,32/45,1/160,negative,5/3,1/25,negative
1682,2;1;9;0;3,1/15,4/5,1/12,negative,10/9,1/250,negative,2,1/30,negative
1692,2;2;0;0;11,16/15,16/15,1,positive,28/15,64/105,positive,8/3,2/5,positive
1693,2;2;0;1;10,1,14/15,15/14,positive,64/45,45/64,positive,7/3,3/7,positive
1694,2;2;0;2;9,14/15,4/5,7/6,positive,16/15,49/60,positive,2,7/15,positive
1695,2;2;0;3;8,13/15,2/3,13/10,positive,4/5,169/180,positive,5/3,13/25,positive
1696,2;2;0;4;7,4/5,2/3,6/5,positive,28/45,36/35,positive,4/3,3/5,positive
1697,2;2;0;5;6,11/15,2/3,11/10,positive,8/15,121/120,positive,1,11/15,positive
1698,2;2;0;6;5,2/3,2/3,1,positive,8/15,5/6,positive,1,2/3,positive
1699,2;2;0;7;4,3/5,2/3,9/10,positive,28/45,81/140,positive,4/3,9/20,positive
1700,2;2;0;8;3,8/15,2/3,4/5,positive,4/5,16/45,positive,5/3,8/25,positive
1701,2;2;0;9;2,7/15,4/5,7/12,positive,16/15,49/240,positive,2,7/30,negative
1702,2;2;0;10;1,2/5,14/15,3/7,positive,64/45,9/80,positive,7/3,6/35,negative
1703,2;2;0;11;0,1/3,16/15,5/16,positive,28/15,5/84,negative,8/3,1/8,negative
1704,2;2;1;0;10,14/15,14/15,1,positive,64/45,49/80,positive,7/3,2/5,positive
1705,2;2;1;1;9,13/15,4/5,13/12,positive,46/45,169/230,positive,2,13/30,positive
1706,2;2;1;2;8,4/5,2/3,6/5,positive,32/45,9/10,positive,5/3,12/25,positive
1707,2;2;1;3;7,11/15,8/15,11/8,positive,22/45,11/10,positive,4/3,11/20,positive
1708,2;2;1;4;6,2/3,8/15,5/4,positive,16/45,5/4,positive,1,2/3,positive
1709,2;2;1;5;5,3/5,8/15,9/8,positive,14/45,81/70,positive,2/3,9/10,positive
1710,2;2;1;6;4,8/15,8/15,1,positive,16/45,4/5,positive,1,8/15,positive
1711,2;2;1;7;3,7/15,8/15,7/8,positive,22/45,49/110,positive,4/3,7/20,positive
1712,2;2;1;8;2,2/5,2/3,3/5,positive,32/45,9/40,positive,5/3,6/25,negative
1713,2;2;1;9;1,1/3,4/5,5/12,positive,46/45,5/46,positive,2,1/6,negative
1714,2;2;1;10;0,4/15,14/15,2/7,positive,64/45,1/20,negative,7/3,4/35,negative
1715,2;2;2;0;9,4/5,4/5,1,positive,16/15,3/5,positive,2,2/5,positive
1716,2;2;2;1;8,11/15,2/3,11/10,positive,32/45,121/160,positive,5/3,11/25,positive
1717,2;2;2;2;7,2/3,8/15,5/4,positive,4/9,1,positive,4/3,1/2,positive
1718,2;2;2;3;6,3/5,2/5,3/2,positive,4/15,27/20,positive,1,3/5,positive
1719,2;2;2;4;5,8/15,2/5,4/3,positive,8/45,8/5,positive,2/3,4/5,positive
1720,2;2;2;5;4,7/15,2/5,7/6,positive,8/45,49/40,positive,2/3,7/10,positive
1721,2;2;2;6;3,2/5,2/5,1,positive,4/15,3/5,positive,1,2/5,positive
1722,2;2;2;7;2,1/3,8/15,5/8,positive,4/9,1/4,positive,4/3,1/4,zero
1723,2;2;2;8;1,4/15,2/3,2/5,positive,32/45,1/10,positive,5/3,4/25,negative
1724,2;2;2;9;0,1/5,4/5,1/4,zero,16/15,3/80,negative,2,1/10,negative
1725,2;2;3;0;8,2/3,2/3,1,positive,4/5,5/9,positive,5/3,2/5,positive
1726,2;2;3;1;7,3/5,8/15,9/8,positive,22/45,81/110,positive,4/3,9/20,positive
1727,2;2;3;2;6,8/15,2/5,4/3,positive,4/15,16/15,positive,1,8/15,positive
1728,2;2;3;3;5,7/15,4/15,7/4,positive,2/15,49/30,positive,2/3,7/10,positive
1729,2;2;3;4;4,2/5,4/15,3/2,positive,4/45,9/5,positive,1/3,6/5,positive
1730,2;2;3;5;3,1/3,4/15,5/4,positive,2/15,5/6,positive,2/3,1/2,positive
1731,2;2;3;6;2,4/15,2/5,2/3,positive,4/15,4/15,positive,1,4/15,positive
1732,2;2;3;7;1,1/5,8/15,3/8,positive,22/45,9/110,positive,4/3,3/20,negative
1733,2;2;3;8;0,2/15,2/3,1/5,negative,4/5,1/45,negative,5/3,2/25,negative
1734,2;2;4;0;7,8/15,2/3,4/5,positive,28/45,16/35,positive,4/3,2/5,positive
1735,2;2;4;1;6,7/15,8/15,7/8,positive,16/45,49/80,positive,1,7/15,positive
1736,2;2;4;2;5,2/5,2/5,1,positive,8/45,9/10,positive,2/3,3/5,positive
1737,2;2;4;3;4,1/3,4/15,5/4,positive,4/45,5/4,positive,1/3,1,positive
1738,2;2;4;4;3,4/15,4/15,1,positive,4/45,4/5,positive,1/3,4/5,positive
1739,2;2;4;5;2,1/5,2/5,1/2,positive,8/45,9/40,positive,2/3,3/10,positive
1740,2;2;4;6;1,2/15,8/15,1/4,zero,16/45,1/20,negative,1,2/15,negative
1741,2;2;4;7;0,1/15,2/3,1/10,negative,28/45,1/140,negative,4/3,1/20,negative
1742,2;2;5;0;6,2/5,2/3,3/5,positive,8/15,3/10,positive,1,2/5,positive
1743,2;2;5;1;5,1/3,8/15,5/8,positive,14/45,5/14,positive,2/3,1/2,positive
1744,2;2;5;2;4,4/15,2/5,2/3,positive,8/45,2/5,positive,2/3,2/5,positive
1745,2;2;5;3;3,1/5,4/15,3/4,positive,2/15,3/10,positive,2/3,3/10,positive
1746,2;2;5;4;2,2/15,2/5,1/3,positive,8/45,1/10,positive,2/3,1/5,negative
1747,2;2;5;5;1,1/15,8/15,1/8,negative,14/45,1/70,negative,2/3,1/10,negative
1749,2;2;6;0;5,4/15,2/3,2/5,positive,8/15,2/15,positive,1,4/15,positive
1750,2;2;6;1;4,1/5,8/15,3/8,positive,16/45,9/80,positive,1,1/5,negative
1751,2;2;6;2;3,2/15,2/5,1/3,positive,4/15,1/15,positive,1,2/15,negative
1752,2;2;6;3;2,1/15,2/5,1/6,negative,4/15,1/60,negative,1,1/15,negative
1755,2;2;7;0;4,2/15,2/3,1/5,negative,28/45,1/35,negative,4/3,1/10,negative
1756,2;2;7;1;3,1/15,8/15,1/8,negative,22/45,1/110,negative,4/3,1/20,negative
1770,2;3;0;0;10,13/15,14/15,13/14,positive,68/45,169/340,positive,7/3,13/35,positive
1771,2;3;0;1;9,4/5,4/5,1,positive,10/9,72/125,positive,2,2/5,positive
1772,2;3;0;2;8,11/15,2/3,11/10,positive,4/5,121/180,positive,5/3,11/25,positive
1773,2;3;0;3;7,2/3,8/15,5/4,positive,26/45,10/13,positive,4/3,1/2,positive
1774,2;3;0;4;6,3/5,8/15,9/8,positive,4/9,81/100,positive,1,3/5,positive
1775,2;3;0;5;5,8/15,8/15,1,positive,2/5,32/45,positive,1,8/15,positive
1776,2;3;0;6;4,7/15,8/15,7/8,positive,4/9,49/100,positive,1,7/15,positive
1777,2;3;0;7;3,2/5,8/15,3/4,positive,26/45,18/65,positive,4/3,3/10,positive
1778,2;3;0;8;2,1/3,2/3,1/2,positive,4/5,5/36,positive,5/3,1/5,negative
1779,2;3;0;9;1,4/15,4/5,1/3,positive,10/9,8/125,positive,2,2/15,negative
1780,2;3;0;10;0,1/5,14/15,3/14,negative,68/45,9/340,negative,7/3,3/35,negative
1781,2;3;1;0;9,11/15,4/5,11/12,positive,10/9,121/250,positive,2,11/30,positive
1782,2;3;1;1;8,2/3,2/3,1,positive,34/45,10/17,positive,5/3,2/5,positive
1783,2;3;1;2;7,3/5,8/15,9/8,positive,22/45,81/110,positive,4/3,9/20,positive
1784,2;3;1;3;6,8/15,2/5,4/3,positive,14/45,32/35,positive,1,8/15,positive
1785,2;3;1;4;5,7/15,2/5,7/6,positive,2/9,49/50,positive,2/3,7/10,positive
1786,2;3;1;5;4,2/5,2/5,1,positive,2/9,18/25,positive,2/3,3/5,positive
1787,2;3;1;6;3,1/3,2/5,5/6,positive,14/45,5/14,positive,1,1/3,positive
1788,2;3;1;7;2,4/15,8/15,1/2,positive,22/45,8/55,positive,4/3,1/5,negative
1789,2;3;1;8;1,1/5,2/3,3/10,positive,34/45,9/170,negative,5/3,3/25,negative
1790,2;3;1;9;0,2/15,4/5,1/6,negative,10/9,2/125,negative,2,1/15,negative
1791,2;3;2;0;8,3/5,2/3,9/10,positive,4/5,9/20,positive,5/3,9/25,positive
1792,2;3;2;1;7,8/15,8/15,1,positive,22/45,32/55,positive,4/3,2/5,positive
1793,2;3;2;2;6,7/15,2/5,7/6,positive,4/15,49/60,positive,1,7/15,positive
1794,2;3;2;3;5,2/5,4/15,3/2,positive,2/15,6/5,positive,2/3,3/5,positive
1795,2;3;2;4;4,1/3,4/15,5/4,positive,4/45,5/4,positive,1/3,1,positive
1796,2;3;2;5;3,4/15,4/15,1,positive,2/15,8/15,positive,2/3,2/5,positive
1797,2;3;2;6;2,1/5,2/5,1/2,positive,4/15,3/20,positive,1,1/5,negative
1798,2;3;2;7;1,2/15,8/15,1/4,zero,22/45,2/55,negative,4/3,1/10,negative
1799,2;3;2;8;0,1/15,2/3,1/10,negative,4/5,1/180,negative,5/3,1/25,negative
1800,2;3;3;0;7,7/15,8/15,7/8,positive,26/45,49/130,positive,4/3,7/20,positive
1801,2;3;3;1;6,2/5,2/5,1,positive,14/45,18/35,positive,1,2/5,positive
1802,2;3;3;2;5,1/3,4/15,5/4,positive,2/15,5/6,positive,2/3,1/2,positive
1803,2;3;3;3;4,4/15,2/15,2,positive,2/45,8/5,positive,1/3,4/5,positive
1804,2;3;3;4;3,1/5,2/15,3/2,positive,2/45,9/10,positive,1/3,3/5,positive
1805,2;3;3;5;2,2/15,4/15,1/2,positive,2/15,2/15,positive,2/3,1/5,negative
1806,2;3;3;6;1,1/15,2/5,1/6,negative,14/45,1/70,negative,1,1/15,negative
1808,2;3;4;0;6,1/3,8/15,5/8,positive,4/9,1/4,positive,1,1/3,positive
1809,2;3;4;1;5,4/15,2/5,2/3,positive,2/9,8/25,positive,2/3,2/5,positive
1810,2;3;4;2;4,1/5,4/15,3/4,positive,4/45,9/20,positive,1/3,3/5,positive
1811,2;3;4;3;3,2/15,2/15,1,positive,2/45,2/5,positive,1/3,2/5,positive
1812,2;3;4;4;2,1/15,4/15,1/4,zero,4/45,1/20,negative,1/3,1/5,negative
1815,2;3;5;0;5,1/5,8/15,3/8,positive,2/5,1/10,positive,1,1/5,negative
1816,2;3;5;1;4,2/15,2/5,1/3,positive,2/9,2/25,positive,2/3,1/5,negative
1817,2;3;5;2;3,1/15,4/15,1/4,zero,2/15,1/30,negative,2/3,1/10,negative
1821,2;3;6;0;4,1/15,8/15,1/8,negative,4/9,1/100,negative,1,1/15,negative
1836,2;4;0;0;9,2/3,14/15,5/7,positive,56/45,5/14,positive,2,1/3,positive
1837,2;4;0;1;8,3/5,4/5,3/4,positive,8/9,81/200,positive,5/3,9/25,positive
1838,2;4;0;2;7,8/15,2/3,4/5,positive,28/45,16/35,positive,4/3,2/5,positive
1839,2;4;0;3;6,7/15,8/15,7/8,positive,4/9,49/100,positive,1,7/15,positive
1840,2;4;0;4;5,2/5,8/15,3/4,positive,16/45,9/20,positive,1,2/5,positive
1841,2;4;0;5;4,1/3,8/15,5/8,positive,16/45,5/16,positive,1,1/3,positive
1842,2;4;0;6;3,4/15,8/15,1/2,positive,4/9,4/25,positive,1,4/15,positive
1843,2;4;0;7;2,1/5,2/3,3/10,positive,28/45,9/140,positive,4/3,3/20,negative
1844,2;4;0;8;1,2/15,4/5,1/6,negative,8/9,1/50,negative,5/3,2/25,negative
1845,2;4;0;9;0,1/15,14/15,1/14,negative,56/45,1/280,negative,2,1/30,negative
1846,2;4;1;0;8,8/15,4/5,2/3,positive,8/9,8/25,positive,5/3,8/25,positive
1847,2;4;1;1;7,7/15,2/3,7/10,positive,26/45,49/130,positive,4/3,7/20,positive
1848,2;4;1;2;6,2/5,8/15,3/4,positive,16/45,9/20,positive,1,2/5,positive
1849,2;4;1;3;5,1/3,2/5,5/6,positive,2/9,1/2,positive,2/3,1/2,positive
1850,2;4;1;4;4,4/15,2/5,2/3,positive,8/45,2/5,positive,2/3,2/5,positive
1851,2;4;1;5;3,1/5,2/5,1/2,positive,2/9,9/50,positive,2/3,3/10,positive
1852,2;4;1;6;2,2/15,8/15,1/4,zero,16/45,1/20,negative,1,2/15,negative
1853,2;4;1;7;1,1/15,2/3,1/10,negative,26/45,1/130,negative,4/3,1/20,negative
1855,2;4;2;0;7,2/5,2/3,3/5,positive,28/45,9/35,positive,4/3,3/10,positive
1856,2;4;2;1;6,1/3,8/15,5/8,positive,16/45,5/16,positive,1,1/3,positive
1857,2;4;2;2;5,4/15,2/5,2/3,positive,8/45,2/5,positive,2/3,2/5,positive
1858,2;4;2;3;4,1/5,4/15,3/4,positive,4/45,9/20,positive,1/3,3/5,positive
1859,2;4;2;4;3,2/15,4/15,1/2,positive,4/45,1/5,positive,1/3,2/5,positive
1860,2;4;2;5;2,1/15,2/5,1/6,negative,8/45,1/40,negative,2/3,1/10,negative
1863,2;4;3;0;6,4/15,8/15,1/2,positive,4/9,4/25,positive,1,4/15,positive
1864,2;4;3;1;5,1/5,2/5,1/2,positive,2/9,9/50,positive,2/3,3/10,positive
1865,2;4;3;2;4,2/15,4/15,1/2,positive,4/45,1/5,positive,1/3,2/5,positive
1866,2;4;3;3;3,1/15,2/15,1/2,positive,2/45,1/10,positive,1/3,1/5,negative
1870,2;4;4;0;5,2/15,8/15,1/4,zero,16/45,1/20,negative,1,2/15,negative
1871,2;4;4;1;4,1/15,2/5,1/6,negative,8/45,1/40,negative,2/3,1/10,negative
1891,2;5;0;0;8,7/15,14/15,1/2,positive,16/15,49/240,positive,5/3,7/25,positive
1892,2;5;0;1;7,2/5,4/5,1/2,positive,34/45,18/85,positive,4/3,3/10,positive
1893,2;5;0;2;6,1/3,2/3,1/2,positive,8/15,5/24,positive,1,1/3,positive
1894,2;5;0;3;5,4/15,8/15,1/2,positive,2/5,8/45,positive,1,4/15,positive
1895,2;5;0;4;4,1/5,8/15,3/8,positive,16/45,9/80,positive,1,1/5,negative
1896,2;5;0;5;3,2/15,8/15,1/4,zero,2/5,2/45,negative,1,2/15,negative
1897,2;5;0;6;2,1/15,2/3,1/10,negative,8/15,1/120,negative,1,1/15,negative
1900,2;5;1;0;7,1/3,4/5,5/12,positive,34/45,5/34,positive,4/3,1/4,zero
1901,2;5;1;1;6,4/15,2/3,2/5,positive,22/45,8/55,positive,1,4/15,positive
1902,2;5;1;2;5,1/5,8/15,3/8,positive,14/45,9/70,positive,2/3,3/10,positive
1903,2;5;1;3;4,2/15,2/5,1/3,positive,2/9,2/25,positive,2/3,1/5,negative
1904,2;5;1;4;3,1/15,2/5,1/6,negative,2/9,1/50,negative,2/3,1/10,negative
1908,2;5;2;0;6,1/5,2/3,3/10,positive,8/15,3/40,positive,1,1/5,negative
1909,2;5;2;1;5,2/15,8/15,1/4,zero,14/45,2/35,negative,2/3,1/5,negative
1910,2;5;2;2;4,1/15,2/5,1/6,negative,8/45,1/40,negative,2/3,1/10,negative
1915,2;5;3;0;5,1/15,8/15,1/8,negative,2/5,1/90,negative,1,1/15,negative
1936,2;6;0;0;7,4/15,14/15,2/7,positive,44/45,4/55,positive,4/3,1/5,negative
1937,2;6;0;1;6,1/5,4/5,1/4,zero,32/45,9/160,negative,1,1/5,negative
1938,2;6;0;2;5,2/15,2/3,1/5,negative,8/15,1/30,negative,1,2/15,negative
1939,2;6;0;3;4,1/15,8/15,1/8,negative,4/9,1/100,negative,1,1/15,negative
1944,2;6;1;0;6,2/15,4/5,1/6,negative,32/45,1/40,negative,1,2/15,negative
1945,2;6;1;1;5,1/15,2/3,1/10,negative,22/45,1/110,negative,1,1/15,negative
1972,2;7;0;0;6,1/15,14/15,1/14,negative,44/45,1/220,negative,4/3,1/20,negative
2056,3;0;0;0;12,6/5,6/5,1,positive,12/5,3/5,positive,3,2/5,positive
2057,3;0;0;1;11,17/15,16/15,17/16,positive,86/45,289/430,positive,8/3,17/40,positive
2058,3;0;0;2;10,16/15,14/15,8/7,positive,68/45,64/85,positive,7/3,16/35,positive
2059,3;0;0;3;9,1,4/5,5/4,positive,6/5,5/6,positive,2,1/2,positive
2060,3;0;0;4;8,14/15,4/5,7/6,positive,44/45,49/55,positive,5/3,14/25,positive
2061,3;0;0;5;7,13/15,4/5,13/12,positive,38/45,169/190,positive,4/3,13/20,positive
2062,3;0;0;6;6,4/5,4/5,1,positive,4/5,4/5,positive,1,4/5,positive
2063,3;0;0;7;5,11/15,4/5,11/12,positive,38/45,121/190,positive,4/3,11/20,positive
2064,3;0;0;8;4,2/3,4/5,5/6,positive,44/45,5/11,positive,5/3,2/5,positive
2065,3;0;0;9;3,3/5,4/5,3/4,positive,6/5,3/10,positive,2,3/10,positive
2066,3;0;0;10;2,8/15,14/15,4/7,positive,68/45,16/85,positive,7/3,8/35,negative
2067,3;0;0;11;1,7/15,16/15,7/16,positive,86/45,49/430,positive,8/3,7/40,negative
2068,3;0;0;12;0,2/5,6/5,1/3,positive,12/5,1/15,positive,3,2/15,negative
2069,3;0;1;0;11,16/15,16/15,1,positive,86/45,128/215,positive,8/3,2/5,positive
2070,3;0;1;1;10,1,14/15,15/14,positive,22/15,15/22,positive,7/3,3/7,positive
2071,3;0;1;2;9,14/15,4/5,7/6,positive,10/9,98/125,positive,2,7/15,positive
2072,3;0;1;3;8,13/15,2/3,13/10,positive,38/45,169/190,positive,5/3,13/25,positive
2073,3;0;1;4;7,4/5,2/3,6/5,positive,2/3,24/25,positive,4/3,3/5,positive
2074,3;0;1;5;6,11/15,2/3,11/10,positive,26/45,121/130,positive,1,11/15,positive
2075,3;0;1;6;5,2/3,2/3,1,positive,26/45,10/13,positive,1,2/3,positive
2076,3;0;1;7;4,3/5,2/3,9/10,positive,2/3,27/50,positive,4/3,9/20,positive
2077,3;0;1;8;3,8/15,2/3,4/5,positive,38/45,32/95,positive,5/3,8/25,positive
2078,3;0;1;9;2,7/15,4/5,7/12,positive,10/9,49/250,positive,2,7/30,negative
2079,3;0;1;10;1,2/5,14/15,3/7,positive,22/15,6/55,positive,7/3,6/35,negative
2080,3;0;1;11;0,1/3,16/15,5/16,positive,86/45,5/86,negative,8/3,1/8,negative
2081,3;0;2;0;10,14/15,14/15,1,positive,68/45,49/85,positive,7/3,2/5,positive
2082,3;0;2;1;9,13/15,4/5,13/12,positive,10/9,169/250,positive,2,13/30,positive
2083,3;0;2;2;8,4/5,2/3,6/5,positive,4/5,4/5,positive,5/3,12/25,positive
2084,3;0;2;3;7,11/15,8/15,11/8,positive,26/45,121/130,positive,4/3,11/20,positive
2085,3;0;2;4;6,2/3,8/15,5/4,positive,4/9,1,positive,1,2/3,positive
2086,3;0;2;5;5,3/5,8/15,9/8,positive,2/5,9/10,positive,1,3/5,positive
2087,3;0;2;6;4,8/15,8/15,1,positive,4/9,16/25,positive,1,8/15,positive
2088,3;0;2;7;3,7/15,8/15,7/8,positive,26/45,49/130,positive,4/3,7/20,positive
2089,3;0;2;8;2,2/5,2/3,3/5,positive,4/5,1/5,positive,5/3,6/25,negative
2090,3;0;2;9;1,1/3,4/5,5/12,positive,10/9,1/10,positive,2,1/6,negative
2091,3;0;2;10;0,4/15,14/15,2/7,positive,68/45,4/85,negative,7/3,4/35,negative
2092,3;0;3;0;9,4/5,4/5,1,positive,6/5,8/15,positive,2,2/5,positive
2093,3;0;3;1;8,11/15,2/3,11/10,positive,38/45,121/190,positive,5/3,11/25,positive
2094,3;0;3;2;7,2/3,8/15,5/4,positive,26/45,10/13,positive,4/3,1/2,positive
2095,3;0;3;3;6,3/5,2/5,3/2,positive,2/5,9/10,positive,1,3/5,positive
2096,3;0;3;4;5,8/15,2/5,4/3,positive,14/45,32/35,positive,1,8/15,positive
2097,3;0;3;5;4,7/15,2/5,7/6,positive,14/45,7/10,positive,1,7/15,positive
2098,3;0;3;6;3,2/5,2/5,1,positive,2/5,2/5,positive,1,2/5,positive
2099,3;0;3;7;2,1/3,8/15,5/8,positive,26/45,5/26,positive,4/3,1/4,zero
2100,3;0;3;8;1,4/15,2/3,2/5,positive,38/45,8/95,positive,5/3,4/25,negative
2101,3;0;3;9;0,1/5,4/5,1/4,zero,6/5,1/30,negative,2,1/10,negative
2102,3;0;4;0;8,2/3,4/5,5/6,positive,44/45,5/11,positive,5/3,2/5,positive
2103,3;0;4;1;7,3/5,2/3,9/10,positive,2/3,27/50,positive,4/3,9/20,positive
2104,3;0;4;2;6,8/15,8/15,1,positive,4/9,16/25,positive,1,8/15,positive
2105,3;0;4;3;5,7/15,2/5,7/6,positive,14/45,7/10,positive,1,7/15,positive
2106,3;0;4;4;4,2/5,2/5,1,positive,4/15,3/5,positive,1,2/5,positive
2107,3;0;4;5;3,1/3,2/5,5/6,positive,14/45,5/14,positive,1,1/3,positive
2108,3;0;4;6;2,4/15,8/15,1/2,positive,4/9,4/25,positive,1,4/15,positive
2109,3;0;4;7;1,1/5,2/3,3/10,positive,2/3,3/50,negative,4/3,3/20,negative
2110,3;0;4;8;0,2/15,4/5,1/6,negative,44/45,1/55,negative,5/3,2/25,negative
2111,3;0;5;0;7,8/15,4/5,2/3,positive,38/45,32/95,positive,4/3,2/5,positive
2112,3;0;5;1;6,7/15,2/3,7/10,positive,26/45,49/130,positive,1,7/15,positive
2113,3;0;5;2;5,2/5,8/15,3/4,positive,2/5,2/5,positive,1,2/5,positive
2114,3;0;5;3;4,1/3,2/5,5/6,positive,14/45,5/14,positive,1,1/3,positive
2115,3;0;5;4;3,4/15,2/5,2/3,positive,14/45,8/35,positive,1,4/15,positive
2116,3;0;5;5;2,1/5,8/15,3/8,positive,2/5,1/10,positive,1,1/5,negative
2117,3;0;5;6;1,2/15,2/3,1/5,negative,26/45,2/65,negative,1,2/15,negative
2118,3;0;5;7;0,1/15,4/5,1/12,negative,38/45,1/190,negative,4/3,1/20,negative
2119,3;0;6;0;6,2/5,4/5,1/2,positive,4/5,1/5,positive,1,2/5,positive
2120,3;0;6;1;5,1/3,2/3,1/2,positive,26/45,5/26,positive,1,1/3,positive
2121,3;0;6;2;4,4/15,8/15,1/2,positive,4/9,4/25,positive,1,4/15,positive
2122,3;0;6;3;3,1/5,2/5,1/2,positive,2/5,1/10,positive,1,1/5,negative
2123,3;0;6;4;2,2/15,8/15,1/4,zero,4/9,1/25,negative,1,2/15,negative
2124,3;0;6;5;1,1/15,2/3,1/10,negative,26/45,1/130,negative,1,1/15,negative
2126,3;0;7;0;5,4/15,4/5,1/3,positive,38/45,8/95,positive,4/3,1/5,negative
2127,3;0;7;1;4,1/5,2/3,3/10,positive,2/3,3/50,negative,4/3,3/20,negative
2128,3;0;7;2;3,2/15,8/15,1/4,zero,26/45,2/65,negative,4/3,1/10,negative
2129,3;0;7;3;2,1/15,8/15,1/8,negative,26/45,1/130,negative,4/3,1/20,negative
2132,3;0;8;0;4,2/15,4/5,1/6,negative,44/45,1/55,negative,5/3,2/25,negative
2133,3;0;8;1;3,1/15,2/3,1/10,negative,38/45,1/190,negative,5/3,1/25,negative
2147,3;1;0;0;11,1,16/15,15/16,positive,86/45,45/86,positive,8/3,3/8,positive
2148,3;1;0;1;10,14/15,14/15,1,positive,22/15,98/165,positive,7/3,2/5,positive
2149,3;1;0;2;9,13/15,4/5,13/12,positive,10/9,169/250,positive,2,13/30,positive
2150,3;1;0;3;8,4/5,2/3,6/5,positive,38/45,72/95,positive,5/3,12/25,positive
2151,3;1;0;4;7,11/15,2/3,11/10,positive,2/3,121/150,positive,4/3,11/20,positive
2152,3;1;0;5;6,2/3,2/3,1,positive,26/45,10/13,positive,1,2/3,positive
2153,3;1;0;6;5,3/5,2/3,9/10,positive,26/45,81/130,positive,1,3/5,positive
2154,3;1;0;7;4,8/15,2/3,4/5,positive,2/3,32/75,positive,4/3,2/5,positive
2155,3;1;0;8;3,7/15,2/3,7/10,positive,38/45,49/190,positive,5/3,7/25,positive
2156,3;1;0;9;2,2/5,4/5,1/2,positive,10/9,18/125,positive,2,1/5,negative
2157,3;1;0;10;1,1/3,14/15,5/14,positive,22/15,5/66,positive,7/3,1/7,negative
2158,3;1;0;11;0,4/15,16/15,1/4,zero,86/45,8/215,negative,8/3,1/10,negative
2159,3;1;1;0;10,13/15,14/15,13/14,positive,22/15,169/330,positive,7/3,13/35,positive
2160,3;1;1;1;9,4/5,4/5,1,positive,16/15,3/5,positive,2,2/5,positive
2161,3;1;1;2;8,11/15,2/3,11/10,positive,34/45,121/170,positive,5/3,11/25,positive
2162,3;1;1;3;7,2/3,8/15,5/4,positive,8/15,5/6,positive,4/3,1/2,positive
2163,3;1;1;4;6,3/5,8/15,9/8,positive,2/5,9/10,positive,1,3/5,positive
2164,3;1;1;5;5,8/15,8/15,1,positive,16/45,4/5,positive,2/3,4/5,positive
2165,3;1;1;6;4,7/15,8/15,7/8,positive,2/5,49/90,positive,1,7/15,positive
2166,3;1;1;7;3,2/5,8/15,3/4,positive,8/15,3/10,positive,4/3,3/10,positive
2167,3;1;1;8;2,1/3,2/3,1/2,positive,34/45,5/34,positive,5/3,1/5,negative
2168,3;1;1;9;1,4/15,4/5,1/3,positive,16/15,1/15,positive,2,2/15,negative
2169,3;1;1;10;0,1/5,14/15,3/14,negative,22/15,3/110,negative,7/3,3/35,negative
2170,3;1;2;0;9,11/15,4/5,11/12,positive,10/9,121/250,positive,2,11/30,positive
2171,3;1;2;1;8,2/3,2/3,1,positive,34/45,10/17,positive,5/3,2/5,positive
2172,3;1;2;2;7,3/5,8/15,9/8,positive,22/45,81/110,positive,4/3,9/20,positive
2173,3;1;2;3;6,8/15,2/5,4/3,positive,14/45,32/35,positive,1,8/15,positive
2174,3;1;2;4;5,7/15,2/5,7/6,positive,2/9,49/50,positive,2/3,7/10,positive
2175,3;1;2;5;4,2/5,2/5,1,positive,2/9,18/25,positive,2/3,3/5,positive
2176,3;1;2;6;3,1/3,2/5,5/6,positive,14/45,5/14,positive,1,1/3,positive
2177,3;1;2;7;2,4/15,8/15,1/2,positive,22/45,8/55,positive,4/3,1/5,negative
2178,3;1;2;8;1,1/5,2/3,3/10,positive,34/45,9/170,negative,5/3,3/25,negative
2179,3;1;2;9;0,2/15,4/5,1/6,negative,10/9,2/125,negative,2,1/15,negative
2180,3;1;3;0;8,3/5,2/3,9/10,positive,38/45,81/190,positive,5/3,9/25,positive
2181,3;1;3;1;7,8/15,8/15,1,positive,8/15,8/15,positive,4/3,2/5,positive
2182,3;1;3;2;6,7/15,2/5,7/6,positive,14/45,7/10,positive,1,7/15,positive
2183,3;1;3;3;5,2/5,4/15,3/2,positive,8/45,9/10,positive,2/3,3/5,positive
2184,3;1;3;4;4,1/3,4/15,5/4,positive,2/15,5/6,positive,2/3,1/2,positive
2185,3;1;3;5;3,4/15,4/15,1,positive,8/45,2/5,positive,2/3,2/5,positive
2186,3;1;3;6;2,1/5,2/5,1/2,positive,14/45,9/70,positive,1,1/5,negative
2187,3;1;3;7;1,2/15,8/15,1/4,zero,8/15,1/30,negative,4/3,1/10,negative
2188,3;1;3;8;0,1/15,2/3,1/10,negative,38/45,1/190,negative,5/3,1/25,negative
2189,3;1;4;0;7,7/15,2/3,7/10,positive,2/3,49/150,positive,4/3,7/20,positive
2190,3;1;4;1;6,2/5,8/15,3/4,positive,2/5,2/5,positive,1,2/5,positive
2191,3;1;4;2;5,1/3,2/5,5/6,positive,2/9,1/2,positive,2/3,1/2,positive
2192,3;1;4;3;4,4/15,4/15,1,positive,2/15,8/15,positive,2/3,2/5,positive
2193,3;1;4;4;3,1/5,4/15,3/4,positive,2/15,3/10,positive,2/3,3/10,positive
2194,3;1;4;5;2,2/15,2/5,1/3,positive,2/9,2/25,positive,2/3,1/5,negative
2195,3;1;4;6;1,1/15,8/15,1/8,negative,2/5,1/90,negative,1,1/15,negative
2197,3;1;5;0;6,1/3,2/3,1/2,positive,26/45,5/26,positive,1,1/3,positive
2198,3;1;5;1;5,4/15,8/15,1/2,positive,16/45,1/5,positive,2/3,2/5,positive
2199,3;1;5;2;4,1/5,2/5,1/2,positive,2/9,9/50,positive,2/3,3/10,positive
2200,3;1;5;3;3,2/15,4/15,1/2,positive,8/45,1/10,positive,2/3,1/5,negative
2201,3;1;5;4;2,1/15,2/5,1/6,negative,2/9,1/50,negative,2/3,1/10,negative
2204,3;1;6;0;5,1/5,2/3,3/10,positive,26/45,9/130,positive,1,1/5,negative
2205,3;1;6;1;4,2/15,8/15,1/4,zero,2/5,2/45,negative,1,2/15,negative
2206,3;1;6;2;3,1/15,2/5,1/6,negative,14/45,1/70,negative,1,1/15,negative
2210,3;1;7;0;4,1/15,2/3,1/10,negative,2/3,1/150,negative,4/3,1/20,negative
2225,3;2;0;0;10,4/5,14/15,6/7,positive,68/45,36/85,positive,7/3,12/35,positive
2226,3;2;0;1;9,11/15,4/5,11/12,positive,10/9,121/250,positive,2,11/30,positive
2227,3;2;0;2;8,2/3,2/3,1,positive,4/5,5/9,positive,5/3,2/5,positive
2228,3;2;0;3;7,3/5,8/15,9/8,positive,26/45,81/130,positive,4/3,9/20,positive
2229,3;2;0;4;6,8/15,8/15,1,positive,4/9,16/25,positive,1,8/15,positive
2230,3;2;0;5;5,7/15,8/15,7/8,positive,2/5,49/90,positive,1,7/15,positive
2231,3;2;0;6;4,2/5,8/15,3/4,positive,4/9,9/25,positive,1,2/5,positive
2232,3;2;0;7;3,1/3,8/15,5/8,positive,26/45,5/26,positive,4/3,1/4,zero
2233,3;2;0;8;2,4/15,2/3,2/5,positive,4/5,4/45,positive,5/3,4/25,negative
2234,3;2;0;9;1,1/5,4/5,1/4,zero,10/9,9/250,negative,2,1/10,negative
2235,3;2;0;10;0,2/15,14/15,1/7,negative,68/45,1/85,negative,7/3,2/35,negative
2236,3;2;1;0;9,2/3,4/5,5/6,positive,10/9,2/5,positive,2,1/3,positive
2237,3;2;1;1;8,3/5,2/3,9/10,positive,34/45,81/170,positive,5/3,9/25,positive
2238,3;2;1;2;7,8/15,8/15,1,positive,22/45,32/55,positive,4/3,2/5,positive
2239,3;2;1;3;6,7/15,2/5,7/6,positive,14/45,7/10,positive,1,7/15,positive
2240,3;2;1;4;5,2/5,2/5,1,positive,2/9,18/25,positive,2/3,3/5,positive
2241,3;2;1;5;4,1/3,2/5,5/6,positive,2/9,1/2,positive,2/3,1/2,positive
2242,3;2;1;6;3,4/15,2/5,2/3,positive,14/45,8/35,positive,1,4/15,positive
2243,3;2;1;7;2,1/5,8/15,3/8,positive,22/45,9/110,positive,4/3,3/20,negative
2244,3;2;1;8;1,2/15,2/3,1/5,negative,34/45,2/85,negative,5/3,2/25,negative
2245,3;2;1;9;0,1/15,4/5,1/12,negative,10/9,1/250,negative,2,1/30,negative
2246,3;2;2;0;8,8/15,2/3,4/5,positive,4/5,16/45,positive,5/3,8/25,positive
2247,3;2;2;1;7,7/15,8/15,7/8,positive,22/45,49/110,positive,4/3,7/20,positive
2248,3;2;2;2;6,2/5,2/5,1,positive,4/15,3/5,positive,1,2/5,positive
2249,3;2;2;3;5,1/3,4/15,5/4,positive,2/15,5/6,positive,2/3,1/2,positive
2250,3;2;2;4;4,4/15,4/15,1,positive,4/45,4/5,positive,1/3,4/5,positive
2251,3;2;2;5;3,1/5,4/15,3/4,positive,2/15,3/10,positive,2/3,3/10,positive
2252,3;2;2;6;2,2/15,2/5,1/3,positive,4/15,1/15,positive,1,2/15,negative
2253,3;2;2;7;1,1/15,8/15,1/8,negative,22/45,1/110,negative,4/3,1/20,negative
2255,3;2;3;0;7,2/5,8/15,3/4,positive,26/45,18/65,positive,4/3,3/10,positive
2256,3;2;3;1;6,1/3,2/5,5/6,positive,14/45,5/14,positive,1,1/3,positive
2257,3;2;3;2;5,4/15,4/15,1,positive,2/15,8/15,positive,2/3,2/5,positive
2258,3;2;3;3;4,1/5,2/15,3/2,positive,2/45,9/10,positive,1/3,3/5,positive
2259,3;2;3;4;3,2/15,2/15,1,positive,2/45,2/5,positive,1/3,2/5,positive
2260,3;2;3;5;2,1/15,4/15,1/4,zero,2/15,1/30,negative,2/3,1/10,negative
2263,3;2;4;0;6,4/15,8/15,1/2,positive,4/9,4/25,positive,1,4/15,positive
2264,3;2;4;1;5,1/5,2/5,1/2,positive,2/9,9/50,positive,2/3,3/10,positive
2265,3;2;4;2;4,2/15,4/15,1/2,positive,4/45,1/5,positive,1/3,2/5,positive
2266,3;2;4;3;3,1/15,2/15,1/2,positive,2/45,1/10,positive,1/3,1/5,negative
2270,3;2;5;0;5,2/15,8/15,1/4,zero,2/5,2/45,negative,1,2/15,negative
2271,3;2;5;1;4,1/15,2/5,1/6,negative,2/9,1/50,negative,2/3,1/10,negative
2291,3;3;0;0;9,3/5,4/5,3/4,positive,6/5,3/10,positive,2,3/10,positive
2292,3;3;0;1;8,8/15,2/3,4/5,positive,38/45,32/95,positive,5/3,8/25,positive
2293,3;3;0;2;7,7/15,8/15,7/8,positive,26/45,49/130,positive,4/3,7/20,positive
2294,3;3;0;3;6,2/5,2/5,1,positive,2/5,2/5,positive,1,2/5,positive
2295,3;3;0;4;5,1/3,2/5,5/6,positive,14/45,5/14,positive,1,1/3,positive
2296,3;3;0;5;4,4/15,2/5,2/3,positive,14/45,8/35,positive,1,4/15,positive
2297,3;3;0;6;3,1/5,2/5,1/2,positive,2/5,1/10,positive,1,1/5,negative
2298,3;3;0;7;2,2/15,8/15,1/4,zero,26/45,2/65,negative,4/3,1/10,negative
2299,3;3;0;8;1,1/15,2/3,1/10,negative,38/45,1/190,negative,5/3,1/25,negative
2301,3;3;1;0;8,7/15,2/3,7/10,positive,38/45,49/190,positive,5/3,7/25,positive
2302,3;3;1;1;7,2/5,8/15,3/4,positive,8/15,3/10,positive,4/3,3/10,positive
2303,3;3;1;2;6,1/3,2/5,5/6,positive,14/45,5/14,positive,1,1/3,positive
2304,3;3;1;3;5,4/15,4/15,1,positive,8/45,2/5,positive,2/3,2/5,positive
2305,3;3;1;4;4,1/5,4/15,3/4,positive,2/15,3/10,positive,2/3,3/10,positive
2306,3;3;1;5;3,2/15,4/15,1/2,positive,8/45,1/10,positive,2/3,1/5,negative
2307,3;3;1;6;2,1/15,2/5,1/6,negative,14/45,1/70,negative,1,1/15,negative
2310,3;3;2;0;7,1/3,8/15,5/8,positive,26/45,5/26,positive,4/3,1/4,zero
2311,3;3;2;1;6,4/15,2/5,2/3,positive,14/45,8/35,positive,1,4/15,positive
2312,3;3;2;2;5,1/5,4/15,3/4,positive,2/15,3/10,positive,2/3,3/10,positive
2313,3;3;2;3;4,2/15,2/15,1,positive,2/45,2/5,positive,1/3,2/5,positive
2314,3;3;2;4;3,1/15,2/15,1/2,positive,2/45,1/10,positive,1/3,1/5,negative
2318,3;3;3;0;6,1/5,2/5,1/2,positive,2/5,1/10,positive,1,1/5,negative
2319,3;3;3;1;5,2/15,4/15,1/2,positive,8/45,1/10,positive,2/3,1/5,negative
2320,3;3;3;2;4,1/15,2/15,1/2,positive,2/45,1/10,positive,1/3,1/5,negative
2325,3;3;4;0;5,1/15,2/5,1/6,negative,14/45,1/70,negative,1,1/15,negative
2346,3;4;0;0;8,2/5,4/5,1/2,positive,44/45,9/55,positive,5/3,6/25,negative
2347,3;4;0;1;7,1/3,2/3,1/2,positive,2/3,1/6,positive,4/3,1/4,zero
2348,3;4;0;2;6,4/15,8/15,1/2,positive,4/9,4/25,positive,1,4/15,positive
2349,3;4;0;3;5,1/5,2/5,1/2,positive,14/45,9/70,positive,1,1/5,negative
2350,3;4;0;4;4,2/15,2/5,1/3,positive,4/15,1/15,positive,1,2/15,negative
2351,3;4;0;5;3,1/15,2/5,1/6,negative,14/45,1/70,negative,1,1/15,negative
2355,3;4;1;0;7,4/15,2/3,2/5,positive,2/3,8/75,positive,4/3,1/5,negative
2356,3;4;1;1;6,1/5,8/15,3/8,positive,2/5,1/10,positive,1,1/5,negative
2357,3;4;1;2;5,2/15,2/5,1/3,positive,2/9,2/25,positive,2/3,1/5,negative
2358,3;4;1;3;4,1/15,4/15,1/4,zero,2/15,1/30,negative,2/3,1/10,negative
2363,3;4;2;0;6,2/15,8/15,1/4,zero,4/9,1/25,negative,1,2/15,negative
2364,3;4;2;1;5,1/15,2/5,1/6,negative,2/9,1/50,negative,2/3,1/10,negative
2391,3;5;0;0;7,1/5,4/5,1/4,zero,38/45,9/190,negative,4/3,3/20,negative
2392,3;5;0;1;6,2/15,2/3,1/5,negative,26/45,2/65,negative,1,2/15,negative
2393,3;5;0;2;5,1/15,8/15,1/8,negative,2/5,1/90,negative,1,1/15,negative
2399,3;5;1;0;6,1/15,2/3,1/10,negative,26/45,1/130,negative,1,1/15,negative
2511,4;0;0;0;11,14/15,6/5,7/9,positive,92/45,49/115,positive,8/3,7/20,positive
2512,4;0;0;1;10,13/15,16/15,13/16,positive,8/5,169/360,positive,7/3,13/35,positive
2513,4;0;0;2;9,4/5,14/15,6/7,positive,56/45,18/35,positive,2,2/5,positive
2514,4;0;0;3;8,11/15,4/5,11/12,positive,44/45,11/20,positive,5/3,11/25,positive
2515,4;0;0;4;7,2/3,4/5,5/6,positive,4/5,5/9,positive,4/3,1/2,positive
2516,4;0;0;5;6,3/5,4/5,3/4,positive,32/45,81/160,positive,1,3/5,positive
2517,4;0;0;6;5,8/15,4/5,2/3,positive,32/45,2/5,positive,1,8/15,positive
2518,4;0;0;7;4,7/15,4/5,7/12,positive,4/5,49/180,positive,4/3,7/20,positive
2519,4;0;0;8;3,2/5,4/5,1/2,positive,44/45,9/55,positive,5/3,6/25,negative
2520,4;0;0;9;2,1/3,14/15,5/14,positive,56/45,5/56,positive,2,1/6,negative
2521,4;0;0;10;1,4/15,16/15,1/4,zero,8/5,2/45,negative,7/3,4/35,negative
2522,4;0;0;11;0,1/5,6/5,1/6,negative,92/45,9/460,negative,8/3,3/40,negative
2523,4;0;1;0;10,4/5,16/15,3/4,positive,8/5,2/5,positive,7/3,12/35,positive
2524,4;0;1;1;9,11/15,14/15,11/14,positive,6/5,121/270,positive,2,11/30,positive
2525,4;0;1;2;8,2/3,4/5,5/6,positive,8/9,1/2,positive,5/3,2/5,positive
2526,4;0;1;3;7,3/5,2/3,9/10,positive,2/3,27/50,positive,4/3,9/20,positive
2527,4;0;1;4;6,8/15,2/3,4/5,positive,8/15,8/15,positive,1,8/15,positive
2528,4;0;1;5;5,7/15,2/3,7/10,positive,22/45,49/110,positive,1,7/15,positive
2529,4;0;1;6;4,2/5,2/3,3/5,positive,8/15,3/10,positive,1,2/5,positive
2530,4;0;1;7;3,1/3,2/3,1/2,positive,2/3,1/6,positive,4/3,1/4,zero
2531,4;0;1;8;2,4/15,4/5,1/3,positive,8/9,2/25,positive,5/3,4/25,negative
2532,4;0;1;9;1,1/5,14/15,3/14,negative,6/5,1/30,negative,2,1/10,negative
2533,4;0;1;10;0,2/15,16/15,1/8,negative,8/5,1/90,negative,7/3,2/35,negative
2534,4;0;2;0;9,2/3,14/15,5/7,positive,56/45,5/14,positive,2,1/3,positive
2535,4;0;2;1;8,3/5,4/5,3/4,positive,8/9,81/200,positive,5/3,9/25,positive
2536,4;0;2;2;7,8/15,2/3,4/5,positive,28/45,16/35,positive,4/3,2/5,positive
2537,4;0;2;3;6,7/15,8/15,7/8,positive,4/9,49/100,positive,1,7/15,positive
2538,4;0;2;4;5,2/5,8/15,3/4,positive,16/45,9/20,positive,1,2/5,positive
2539,4;0;2;5;4,1/3,8/15,5/8,positive,16/45,5/16,positive,1,1/3,positive
2540,4;0;2;6;3,4/15,8/15,1/2,positive,4/9,4/25,positive,1,4/15,positive
2541,4;0;2;7;2,1/5,2/3,3/10,positive,28/45,9/140,positive,4/3,3/20,negative
2542,4;0;2;8;1,2/15,4/5,1/6,negative,8/9,1/50,negative,5/3,2/25,negative
2543,4;0;2;9;0,1/15,14/15,1/14,negative,56/45,1/280,negative,2,1/30,negative
2544,4;0;3;0;8,8/15,4/5,2/3,positive,44/45,16/55,positive,5/3,8/25,positive
2545,4;0;3;1;7,7/15,2/3,7/10,positive,2/3,49/150,positive,4/3,7/20,positive
2546,4;0;3;2;6,2/5,8/15,3/4,positive,4/9,9/25,positive,1,2/5,positive
2547,4;0;3;3;5,1/3,2/5,5/6,positive,14/45,5/14,positive,1,1/3,positive
2548,4;0;3;4;4,4/15,2/5,2/3,positive,4/15,4/15,positive,1,4/15,positive
2549,4;0;3;5;3,1/5,2/5,1/2,positive,14/45,9/70,positive,1,1/5,negative
2550,4;0;3;6;2,2/15,8/15,1/4,zero,4/9,1/25,negative,1,2/15,negative
2551,4;0;3;7;1,1/15,2/3,1/10,negative,2/3,1/150,negative,4/3,1/20,negative
2553,4;0;4;0;7,2/5,4/5,1/2,positive,4/5,1/5,positive,4/3,3/10,positive
2554,4;0;4;1;6,1/3,2/3,1/2,positive,8/15,5/24,positive,1,1/3,positive
2555,4;0;4;2;5,4/15,8/15,1/2,positive,16/45,1/5,positive,1,4/15,positive
2556,4;0;4;3;4,1/5,2/5,1/2,positive,4/15,3/20,positive,1,1/5,negative
2557,4;0;4;4;3,2/15,2/5,1/3,positive,4/15,1/15,positive,1,2/15,negative
2558,4;0;4;5;2,1/15,8/15,1/8,negative,16/45,1/80,negative,1,1/15,negative
2561,4;0;5;0;6,4/15,4/5,1/3,positive,32/45,1/10,positive,1,4/15,positive
2562,4;0;5;1;5,1/5,2/3,3/10,positive,22/45,9/110,positive,1,1/5,negative
2563,4;0;5;2;4,2/15,8/15,1/4,zero,16/45,1/20,negative,1,2/15,negative
2564,4;0;5;3;3,1/15,2/5,1/6,negative,14/45,1/70,negative,1,1/15,negative
2568,4;0;6;0;5,2/15,4/5,1/6,negative,32/45,1/40,negative,1,2/15,negative
2569,4;0;6;1;4,1/15,2/3,1/10,negative,8/15,1/120,negative,1,1/15,negative
2589,4;1;0;0;10,11/15,16/15,11/16,positive,8/5,121/360,positive,7/3,11/35,positive
2590,4;1;0;1;9,2/3,14/15,5/7,positive,6/5,10/27,positive,2,1/3,positive
2591,4;1;0;2;8,3/5,4/5,3/4,positive,8/9,81/200,positive,5/3,9/25,positive
2592,4;1;0;3;7,8/15,2/3,4/5,positive,2/3,32/75,positive,4/3,2/5,positive
2593,4;1;0;4;6,7/15,2/3,7/10,positive,8/15,49/120,positive,1,7/15,positive
2594,4;1;0;5;5,2/5,2/3,3/5,positive,22/45,18/55,positive,1,2/5,positive
2595,4;1;0;6;4,1/3,2/3,1/2,positive,8/15,5/24,positive,1,1/3,positive
2596,4;1;0;7;3,4/15,2/3,2/5,positive,2/3,8/75,positive,4/3,1/5,negative
2597,4;1;0;8;2,1/5,4/5,1/4,zero,8/9,9/200,negative,5/3,3/25,negative
2598,4;1;0;9;1,2/15,14/15,1/7,negative,6/5,2/135,negative,2,1/15,negative
2599,4;1;0;10;0,1/15,16/15,1/16,negative,8/5,1/360,negative,7/3,1/35,negative
2600,4;1;1;0;9,3/5,14/15,9/14,positive,6/5,3/10,positive,2,3/10,positive
2601,4;1;1;1;8,8/15,4/5,2/3,positive,38/45,32/95,positive,5/3,8/25,positive
2602,4;1;1;2;7,7/15,2/3,7/10,positive,26/45,49/130,positive,4/3,7/20,positive
2603,4;1;1;3;6,2/5,8/15,3/4,positive,2/5,2/5,positive,1,2/5,positive
2604,4;1;1;4;5,1/3,8/15,5/8,positive,14/45,5/14,positive,2/3,1/2,positive
2605,4;1;1;5;4,4/15,8/15,1/2,positive,14/45,8/35,positive,2/3,2/5,positive
2606,4;1;1;6;3,1/5,8/15,3/8,positive,2/5,1/10,positive,1,1/5,negative
2607,4;1;1;7;2,2/15,2/3,1/5,negative,26/45,2/65,negative,4/3,1/10,negative
2608,4;1;1;8;1,1/15,4/5,1/12,negative,38/45,1/190,negative,5/3,1/25,negative
2610,4;1;2;0;8,7/15,4/5,7/12,positive,8/9,49/200,positive,5/3,7/25,positive
2611,4;1;2;1;7,2/5,2/3,3/5,positive,26/45,18/65,positive,4/3,3/10,positive
2612,4;1;2;2;6,1/3,8/15,5/8,positive,16/45,5/16,positive,1,1/3,positive
2613,4;1;2;3;5,4/15,2/5,2/3,positive,2/9,8/25,positive,2/3,2/5,positive
2614,4;1;2;4;4,1/5,2/5,1/2,positive,8/45,9/40,positive,2/3,3/10,positive
2615,4;1;2;5;3,2/15,2/5,1/3,positive,2/9,2/25,positive,2/3,1/5,negative
2616,4;1;2;6;2,1/15,8/15,1/8,negative,16/45,1/80,negative,1,1/15,negative
2619,4;1;3;0;7,1/3,2/3,1/2,positive,2/3,1/6,positive,4/3,1/4,zero
2620,4;1;3;1;6,4/15,8/15,1/2,positive,2/5,8/45,positive,1,4/15,positive
2621,4;1;3;2;5,1/5,2/5,1/2,positive,2/9,9/50,positive,2/3,3/10,positive
2622,4;1;3;3;4,2/15,4/15,1/2,positive,2/15,2/15,positive,2/3,1/5,negative
2623,4;1;3;4;3,1/15,4/15,1/4,zero,2/15,1/30,negative,2/3,1/10,negative
2627,4;1;4;0;6,1/5,2/3,3/10,positive,8/15,3/40,positive,1,1/5,negative
2628,4;1;4;1;5,2/15,8/15,1/4,zero,14/45,2/35,negative,2/3,1/5,negative
2629,4;1;4;2;4,1/15,2/5,1/6,negative,8/45,1/40,negative,2/3,1/10,negative
2634,4;1;5;0;5,1/15,2/3,1/10,negative,22/45,1/110,negative,1,1/15,negative
2655,4;2;0;0;9,8/15,14/15,4/7,positive,56/45,8/35,positive,2,4/15,positive
2656,4;2;0;1;8,7/15,4/5,7/12,positive,8/9,49/200,positive,5/3,7/25,positive
2657,4;2;0;2;7,2/5,2/3,3/5,positive,28/45,9/35,positive,4/3,3/10,positive
2658,4;2;0;3;6,1/3,8/15,5/8,positive,4/9,1/4,positive,1,1/3,positive
2659,4;2;0;4;5,4/15,8/15,1/2,positive,16/45,1/5,positive,1,4/15,positive
2660,4;2;0;5;4,1/5,8/15,3/8,positive,16/45,9/80,positive,1,1/5,negative
2661,4;2;0;6;3,2/15,8/15,1/4,zero,4/9,1/25,negative,1,2/15,negative
2662,4;2;0;7;2,1/15,2/3,1/10,negative,28/45,1/140,negative,4/3,1/20,negative
2665,4;2;1;0;8,2/5,4/5,1/2,positive,8/9,9/50,positive,5/3,6/25,negative
2666,4;2;1;1;7,1/3,2/3,1/2,positive,26/45,5/26,positive,4/3,1/4,zero
2667,4;2;1;2;6,4/15,8/15,1/2,positive,16/45,1/5,positive,1,4/15,positive
2668,4;2;1;3;5,1/5,2/5,1/2,positive,2/9,9/50,positive,2/3,3/10,positive
2669,4;2;1;4;4,2/15,2/5,1/3,positive,8/45,1/10,positive,2/3,1/5,negative
2670,4;2;1;5;3,1/15,2/5,1/6,negative,2/9,1/50,negative,2/3,1/10,negative
2674,4;2;2;0;7,4/15,2/3,2/5,positive,28/45,4/35,positive,4/3,1/5,negative
2675,4;2;2;1;6,1/5,8/15,3/8,positive,16/45,9/80,positive,1,1/5,negative
2676,4;2;2;2;5,2/15,2/5,1/3,positive,8/45,1/10,positive,2/3,1/5,negative
2677,4;2;2;3;4,1/15,4/15,1/4,zero,4/45,1/20,negative,1/3,1/5,negative
2682,4;2;3;0;6,2/15,8/15,1/4,zero,4/9,1/25,negative,1,2/15,negative
2683,4;2;3;1;5,1/15,2/5,1/6,negative,2/9,1/50,negative,2/3,1/10,negative
2710,4;3;0;0;8,1/3,4/5,5/12,positive,44/45,5/44,positive,5/3,1/5,negative
2711,4;3;0;1;7,4/15,2/3,2/5,positive,2/3,8/75,positive,4/3,1/5,negative
2712,4;3;0;2;6,1/5,8/15,3/8,positive,4/9,9/100,positive,1,1/5,negative
2713,4;3;0;3;5,2/15,2/5,1/3,positive,14/45,2/35,negative,1,2/15,negative
2714,4;3;0;4;4,1/15,2/5,1/6,negative,4/15,1/60,negative,1,1/15,negative
2719,4;3;1;0;7,1/5,2/3,3/10,positive,2/3,3/50,negative,4/3,3/20,negative
2720,4;3;1;1;6,2/15,8/15,1/4,zero,2/5,2/45,negative,1,2/15,negative
2721,4;3;1;2;5,1/15,2/5,1/6,negative,2/9,1/50,negative,2/3,1/10,negative
2727,4;3;2;0;6,1/15,8/15,1/8,negative,4/9,1/100,negative,1,1/15,negative
2755,4;4;0;0;7,2/15,4/5,1/6,negative,4/5,1/45,negative,4/3,1/10,negative
2756,4;4;0;1;6,1/15,2/3,1/10,negative,8/15,1/120,negative,1,1/15,negative
2875,5;0;0;0;10,2/3,6/5,5/9,positive,16/9,1/4,positive,7/3,2/7,positive
2876,5;0;0;1;9,3/5,16/15,9/16,positive,62/45,81/310,positive,2,3/10,positive
2877,5;0;0;2;8,8/15,14/15,4/7,positive,16/15,4/15,positive,5/3,8/25,positive
2878,5;0;0;3;7,7/15,4/5,7/12,positive,38/45,49/190,positive,4/3,7/20,positive
2879,5;0;0;4;6,2/5,4/5,1/2,positive,32/45,9/40,positive,1,2/5,positive
2880,5;0;0;5;5,1/3,4/5,5/12,positive,2/3,1/6,positive,1,1/3,positive
2881,5;0;0;6;4,4/15,4/5,1/3,positive,32/45,1/10,positive,1,4/15,positive
2882,5;0;0;7;3,1/5,4/5,1/4,zero,38/45,9/190,negative,4/3,3/20,negative
2883,5;0;0;8;2,2/15,14/15,1/7,negative,16/15,1/60,negative,5/3,2/25,negative
2884,5;0;0;9;1,1/15,16/15,1/16,negative,62/45,1/310,negative,2,1/30,negative
2886,5;0;1;0;9,8/15,16/15,1/2,positive,62/45,32/155,positive,2,4/15,positive
2887,5;0;1;1;8,7/15,14/15,1/2,positive,46/45,49/230,positive,5/3,7/25,positive
2888,5;0;1;2;7,2/5,4/5,1/2,positive,34/45,18/85,positive,4/3,3/10,positive
2889,5;0;1;3;6,1/3,2/3,1/2,positive,26/45,5/26,positive,1,1/3,positive
2890,5;0;1;4;5,4/15,2/3,2/5,positive,22/45,8/55,positive,1,4/15,positive
2891,5;0;1;5;4,1/5,2/3,3/10,positive,22/45,9/110,positive,1,1/5,negative
2892,5;0;1;6;3,2/15,2/3,1/5,negative,26/45,2/65,negative,1,2/15,negative
2893,5;0;1;7;2,1/15,4/5,1/12,negative,34/45,1/170,negative,4/3,1/20,negative
2896,5;0;2;0;8,2/5,14/15,3/7,positive,16/15,3/20,positive,5/3,6/25,negative
2897,5;0;2;1;7,1/3,4/5,5/12,positive,34/45,5/34,positive,4/3,1/4,zero
2898,5;0;2;2;6,4/15,2/3,2/5,positive,8/15,2/15,positive,1,4/15,positive
2899,5;0;2;3;5,1/5,8/15,3/8,positive,2/5,1/10,positive,1,1/5,negative
2900,5;0;2;4;4,2/15,8/15,1/4,zero,16/45,1/20,negative,1,2/15,negative
2901,5;0;2;5;3,1/15,8/15,1/8,negative,2/5,1/90,negative,1,1/15,negative
2905,5;0;3;0;7,4/15,4/5,1/3,positive,38/45,8/95,positive,4/3,1/5,negative
2906,5;0;3;1;6,1/5,2/3,3/10,positive,26/45,9/130,positive,1,1/5,negative
2907,5;0;3;2;5,2/15,8/15,1/4,zero,2/5,2/45,negative,1,2/15,negative
2908,5;0;3;3;4,1/15,2/5,1/6,negative,14/45,1/70,negative,1,1/15,negative
2913,5;0;4;0;6,2/15,4/5,1/6,negative,32/45,1/40,negative,1,2/15,negative
2914,5;0;4;1;5,1/15,2/3,1/10,negative,22/45,1/110,negative,1,1/15,negative
2941,5;1;0;0;9,7/15,16/15,7/16,positive,62/45,49/310,positive,2,7/30,negative
2942,5;1;0;1;8,2/5,14/15,3/7,positive,46/45,18/115,positive,5/3,6/25,negative
2943,5;1;0;2;7,1/3,4/5,5/12,positive,34/45,5/34,positive,4/3,1/4,zero
2944,5;1;0;3;6,4/15,2/3,2/5,positive,26/45,8/65,positive,1,4/15,positive
2945,5;1;0;4;5,1/5,2/3,3/10,positive,22/45,9/110,positive,1,1/5,negative
2946,5;1;0;5;4,2/15,2/3,1/5,negative,22/45,2/55,negative,1,2/15,negative
2947,5;1;0;6;3,1/15,2/3,1/10,negative,26/45,1/130,negative,1,1/15,negative
2951,5;1;1;0;8,1/3,14/15,5/14,positive,46/45,5/46,positive,5/3,1/5,negative
2952,5;1;1;1;7,4/15,4/5,1/3,positive,32/45,1/10,positive,4/3,1/5,negative
2953,5;1;1;2;6,1/5,2/3,3/10,positive,22/45,9/110,positive,1,1/5,negative
2954,5;1;1;3;5,2/15,8/15,1/4,zero,16/45,1/20,negative,2/3,1/5,negative
2955,5;1;1;4;4,1/15,8/15,1/8,negative,14/45,1/70,negative,2/3,1/10,negative
2960,5;1;2;0;7,1/5,4/5,1/4,zero,34/45,9/170,negative,4/3,3/20,negative
2961,5;1;2;1;6,2/15,2/3,1/5,negative,22/45,2/55,negative,1,2/15,negative
2962,5;1;2;2;5,1/15,8/15,1/8,negative,14/45,1/70,negative,2/3,1/10,negative
2968,5;1;3;0;6,1/15,2/3,1/10,negative,26/45,1/130,negative,1,1/15,negative
2996,5;2;0;0;8,4/15,14/15,2/7,positive,16/15,1/15,positive,5/3,4/25,negative
2997,5;2;0;1;7,1/5,4/5,1/4,zero,34/45,9/170,negative,4/3,3/20,negative
2998,5;2;0;2;6,2/15,2/3,1/5,negative,8/15,1/30,negative,1,2/15,negative
2999,5;2;0;3;5,1/15,8/15,1/8,negative,2/5,1/90,negative,1,1/15,negative
3005,5;2;1;0;7,2/15,4/5,1/6,negative,34/45,2/85,negative,4/3,1/10,negative
3006,5;2;1;1;6,1/15,2/3,1/10,negative,22/45,1/110,negative,1,1/15,negative
3041,5;3;0;0;7,1/15,4/5,1/12,negative,38/45,1/190,negative,4/3,1/20,negative
3161,6;0;0;0;9,2/5,6/5,1/3,positive,8/5,1/10,positive,2,1/5,negative
3162,6;0;0;1;8,1/3,16/15,5/16,positive,56/45,5/56,positive,5/3,1/5,negative
3163,6;0;0;2;7,4/15,14/15,2/7,positive,44/45,4/55,positive,4/3,1/5,negative
3164,6;0;0;3;6,1/5,4/5,1/4,zero,4/5,1/20,negative,1,1/5,negative
3165,6;0;0;4;5,2/15,4/5,1/6,negative,32/45,1/40,negative,1,2/15,negative
3166,6;0;0;5;4,1/15,4/5,1/12,negative,32/45,1/160,negative,1,1/15,negative
3171,6;0;1;0;8,4/15,16/15,1/4,zero,56/45,2/35,negative,5/3,4/25,negative
3172,6;0;1;1;7,1/5,14/15,3/14,negative,14/15,3/70,negative,4/3,3/20,negative
3173,6;0;1;2;6,2/15,4/5,1/6,negative,32/45,1/40,negative,1,2/15,negative
3174,6;0;1;3;5,1/15,2/3,1/10,negative,26/45,1/130,negative,1,1/15,negative
3180,6;0;2;0;7,2/15,14/15,1/7,negative,44/45,1/55,negative,4/3,1/10,negative
3181,6;0;2;1;6,1/15,4/5,1/12,negative,32/45,1/160,negative,1,1/15,negative
3216,6;1;0;0;8,1/5,16/15,3/16,negative,56/45,9/280,negative,5/3,3/25,negative
3217,6;1;0;1;7,2/15,14/15,1/7,negative,14/15,2/105,negative,4/3,1/10,negative
3218,6;1;0;2;6,1/15,4/5,1/12,negative,32/45,1/160,negative,1,1/15,negative
3225,6;1;1;0;7,1/15,14/15,1/14,negative,14/15,1/210,negative,4/3,1/20,negative
3381,7;0;0;0;8,2/15,6/5,1/9,negative,68/45,1/85,negative,5/3,2/25,negative
3382,7;0;0;1;7,1/15,16/15,1/16,negative,6/5,1/270,negative,4/3,1/20,negative
